customer_id,signup_date,experiment_variant
1,2026-01-01,treatment
2,2026-03-16,control
3,2026-01-11,treatment
4,2026-03-08,treatment
5,2026-01-02,control
6,2026-03-19,treatment
7,2026-01-23,treatment
8,2026-03-27,treatment
9,2026-02-12,control
10,2026-02-20,control
11,2026-02-12,control
12,2026-03-09,treatment
13,2026-01-20,treatment
14,2026-02-14,treatment
15,2026-01-23,control
16,2026-03-12,control
17,2026-03-19,treatment
18,2026-02-18,control
19,2026-02-26,treatment
20,2026-03-08,treatment
21,2026-02-06,treatment
22,2026-01-25,control
23,2026-03-27,treatment
24,2026-03-03,treatment
25,2026-01-03,treatment
26,2026-02-22,control
27,2026-02-10,control
28,2026-01-23,control
29,2026-03-13,control
30,2026-03-03,treatment
31,2026-02-11,treatment
32,2026-02-03,treatment
33,2026-01-21,control
34,2026-02-26,control
35,2026-03-18,control
36,2026-03-01,control
37,2026-01-01,control
38,2026-03-02,control
39,2026-02-09,control
40,2026-03-03,treatment
41,2026-02-04,control
42,2026-02-07,treatment
43,2026-02-10,treatment
44,2026-02-26,control
45,2026-03-17,treatment
46,2026-03-23,treatment
47,2026-01-16,control
48,2026-01-07,control
49,2026-03-16,treatment
50,2026-03-12,control
51,2026-01-26,control
52,2026-01-12,control
53,2026-01-12,treatment
54,2026-02-11,treatment
55,2026-01-26,treatment
56,2026-01-15,treatment
57,2026-03-15,control
58,2026-03-12,treatment
59,2026-02-17,control
60,2026-01-04,control
61,2026-01-13,treatment
62,2026-03-05,control
63,2026-02-03,treatment
64,2026-02-06,treatment
65,2026-03-15,treatment
66,2026-01-24,treatment
67,2026-03-30,treatment
68,2026-03-28,control
69,2026-02-23,control
70,2026-01-27,control
71,2026-03-30,control
72,2026-01-20,control
73,2026-03-19,treatment
74,2026-02-08,control
75,2026-03-19,control
76,2026-01-28,control
77,2026-03-06,control
78,2026-03-07,treatment
79,2026-02-03,treatment
80,2026-01-03,treatment
81,2026-01-27,treatment
82,2026-03-04,control
83,2026-03-13,treatment
84,2026-02-07,control
85,2026-03-22,control
86,2026-03-12,control
87,2026-01-10,treatment
88,2026-01-31,control
89,2026-02-17,control
90,2026-01-02,treatment
91,2026-01-25,control
92,2026-03-10,treatment
93,2026-03-18,control
94,2026-01-12,control
95,2026-02-23,control
96,2026-02-12,treatment
97,2026-03-18,control
98,2026-03-16,control
99,2026-03-27,control
100,2026-03-25,treatment
101,2026-03-08,treatment
102,2026-01-23,treatment
103,2026-01-23,control
104,2026-03-17,treatment
105,2026-03-04,treatment
106,2026-03-11,treatment
107,2026-01-26,control
108,2026-03-25,control
109,2026-01-16,control
110,2026-03-15,treatment
111,2026-01-31,control
112,2026-01-09,control
113,2026-03-15,control
114,2026-03-26,treatment
115,2026-03-29,control
116,2026-01-03,treatment
117,2026-02-10,treatment
118,2026-01-31,treatment
119,2026-01-31,control
120,2026-02-05,treatment
121,2026-01-02,treatment
122,2026-02-13,treatment
123,2026-01-07,control
124,2026-01-22,control
125,2026-03-06,control
126,2026-01-12,control
127,2026-03-02,control
128,2026-03-17,control
129,2026-03-30,control
130,2026-02-27,treatment
131,2026-03-21,control
132,2026-02-12,treatment
133,2026-03-23,treatment
134,2026-03-11,control
135,2026-03-24,treatment
136,2026-03-24,control
137,2026-03-04,treatment
138,2026-01-21,control
139,2026-01-05,treatment
140,2026-01-30,control
141,2026-01-27,control
142,2026-03-26,control
143,2026-01-04,treatment
144,2026-02-18,treatment
145,2026-03-30,control
146,2026-01-26,control
147,2026-02-22,control
148,2026-01-15,treatment
149,2026-02-07,control
150,2026-03-30,control
151,2026-03-02,treatment
152,2026-02-18,treatment
153,2026-03-29,control
154,2026-03-19,treatment
155,2026-01-25,control
156,2026-02-27,treatment
157,2026-02-28,control
158,2026-02-09,treatment
159,2026-01-17,treatment
160,2026-03-19,treatment
161,2026-01-15,control
162,2026-02-02,treatment
163,2026-01-23,control
164,2026-03-11,control
165,2026-01-09,treatment
166,2026-02-10,control
167,2026-03-17,treatment
168,2026-03-22,treatment
169,2026-01-19,control
170,2026-02-15,treatment
171,2026-02-13,control
172,2026-01-30,treatment
173,2026-03-14,control
174,2026-03-07,treatment
175,2026-01-08,control
176,2026-03-19,control
177,2026-02-02,control
178,2026-03-18,treatment
179,2026-03-10,treatment
180,2026-02-13,treatment
181,2026-03-02,treatment
182,2026-02-09,treatment
183,2026-03-12,treatment
184,2026-01-14,control
185,2026-02-24,treatment
186,2026-01-04,treatment
187,2026-03-06,control
188,2026-03-25,control
189,2026-03-10,treatment
190,2026-03-07,control
191,2026-03-15,treatment
192,2026-02-21,control
193,2026-02-25,control
194,2026-02-22,treatment
195,2026-02-12,control
196,2026-01-03,control
197,2026-01-08,treatment
198,2026-02-10,treatment
199,2026-01-25,control
200,2026-03-24,control
201,2026-03-30,treatment
202,2026-02-11,treatment
203,2026-03-04,treatment
204,2026-02-22,control
205,2026-01-23,control
206,2026-02-03,control
207,2026-02-04,control
208,2026-01-10,treatment
209,2026-01-02,control
210,2026-01-30,treatment
211,2026-03-23,treatment
212,2026-01-08,treatment
213,2026-02-16,control
214,2026-02-22,treatment
215,2026-03-01,treatment
216,2026-03-30,treatment
217,2026-02-05,control
218,2026-02-02,control
219,2026-02-15,treatment
220,2026-03-19,control
221,2026-02-22,control
222,2026-01-04,control
223,2026-02-10,treatment
224,2026-02-15,treatment
225,2026-03-21,control
226,2026-02-28,treatment
227,2026-03-03,control
228,2026-01-29,treatment
229,2026-03-07,treatment
230,2026-01-09,control
231,2026-01-18,control
232,2026-01-20,control
233,2026-02-12,treatment
234,2026-01-07,treatment
235,2026-02-16,treatment
236,2026-03-21,treatment
237,2026-02-05,control
238,2026-01-01,treatment
239,2026-01-25,control
240,2026-01-07,control
241,2026-02-27,treatment
242,2026-03-13,treatment
243,2026-01-26,control
244,2026-01-27,treatment
245,2026-01-29,treatment
246,2026-02-02,treatment
247,2026-03-04,treatment
248,2026-01-28,control
249,2026-02-04,control
250,2026-03-22,control
251,2026-03-10,treatment
252,2026-03-25,treatment
253,2026-02-02,control
254,2026-03-25,control
255,2026-01-27,control
256,2026-01-28,treatment
257,2026-03-27,treatment
258,2026-01-19,control
259,2026-03-15,control
260,2026-03-16,treatment
261,2026-03-25,control
262,2026-03-18,treatment
263,2026-03-16,control
264,2026-02-01,control
265,2026-02-20,treatment
266,2026-02-22,control
267,2026-01-27,control
268,2026-02-05,control
269,2026-03-18,control
270,2026-01-02,control
271,2026-01-07,control
272,2026-02-06,control
273,2026-03-11,control
274,2026-03-22,treatment
275,2026-03-03,treatment
276,2026-03-19,control
277,2026-01-14,control
278,2026-01-10,treatment
279,2026-02-15,treatment
280,2026-01-28,treatment
281,2026-03-21,control
282,2026-01-07,control
283,2026-02-02,control
284,2026-01-27,control
285,2026-02-23,treatment
286,2026-01-27,control
287,2026-03-26,control
288,2026-01-05,control
289,2026-01-07,treatment
290,2026-03-22,control
291,2026-02-17,treatment
292,2026-03-17,control
293,2026-02-11,treatment
294,2026-03-25,control
295,2026-02-12,treatment
296,2026-03-08,treatment
297,2026-03-31,treatment
298,2026-03-10,treatment
299,2026-01-24,treatment
300,2026-03-12,treatment
301,2026-02-04,treatment
302,2026-03-02,control
303,2026-03-01,treatment
304,2026-01-16,treatment
305,2026-01-26,treatment
306,2026-01-16,control
307,2026-01-07,control
308,2026-02-15,treatment
309,2026-01-19,control
310,2026-03-04,control
311,2026-01-22,control
312,2026-01-03,control
313,2026-01-14,control
314,2026-02-19,control
315,2026-01-12,control
316,2026-03-21,control
317,2026-03-09,control
318,2026-01-12,treatment
319,2026-03-19,control
320,2026-01-29,treatment
321,2026-03-22,treatment
322,2026-03-30,control
323,2026-01-23,control
324,2026-01-30,treatment
325,2026-01-13,treatment
326,2026-01-03,treatment
327,2026-02-16,treatment
328,2026-03-03,treatment
329,2026-02-19,treatment
330,2026-03-30,control
331,2026-01-11,treatment
332,2026-01-21,control
333,2026-03-22,treatment
334,2026-01-20,treatment
335,2026-02-02,control
336,2026-02-08,treatment
337,2026-01-20,control
338,2026-02-18,treatment
339,2026-03-13,control
340,2026-03-15,treatment
341,2026-02-11,control
342,2026-03-31,treatment
343,2026-01-29,treatment
344,2026-03-15,treatment
345,2026-03-21,treatment
346,2026-01-27,treatment
347,2026-01-05,treatment
348,2026-03-12,control
349,2026-01-08,treatment
350,2026-02-26,control
351,2026-02-14,treatment
352,2026-02-14,control
353,2026-03-08,treatment
354,2026-02-27,treatment
355,2026-02-24,control
356,2026-02-09,treatment
357,2026-03-04,treatment
358,2026-02-26,treatment
359,2026-02-22,control
360,2026-03-08,treatment
361,2026-01-11,treatment
362,2026-01-02,control
363,2026-01-04,control
364,2026-02-25,control
365,2026-03-09,treatment
366,2026-01-14,control
367,2026-01-06,treatment
368,2026-01-31,treatment
369,2026-03-13,control
370,2026-02-09,treatment
371,2026-03-02,treatment
372,2026-03-29,control
373,2026-02-16,control
374,2026-01-30,control
375,2026-01-03,control
376,2026-03-15,control
377,2026-03-09,treatment
378,2026-01-31,control
379,2026-02-26,control
380,2026-01-21,treatment
381,2026-03-02,treatment
382,2026-02-09,treatment
383,2026-01-19,treatment
384,2026-01-09,control
385,2026-01-02,control
386,2026-03-15,treatment
387,2026-01-07,treatment
388,2026-02-14,treatment
389,2026-01-12,control
390,2026-03-03,treatment
391,2026-02-05,treatment
392,2026-03-13,control
393,2026-01-09,treatment
394,2026-02-06,treatment
395,2026-02-06,control
396,2026-02-10,control
397,2026-01-26,treatment
398,2026-01-23,control
399,2026-03-27,control
400,2026-03-06,control
401,2026-02-11,control
402,2026-03-16,treatment
403,2026-01-07,treatment
404,2026-02-21,control
405,2026-03-03,treatment
406,2026-01-04,treatment
407,2026-03-05,control
408,2026-03-06,treatment
409,2026-02-17,control
410,2026-03-02,treatment
411,2026-03-27,treatment
412,2026-01-31,treatment
413,2026-01-20,control
414,2026-02-06,treatment
415,2026-03-27,control
416,2026-02-14,control
417,2026-03-25,control
418,2026-03-13,treatment
419,2026-01-11,control
420,2026-03-03,treatment
421,2026-03-21,treatment
422,2026-02-16,control
423,2026-01-28,control
424,2026-03-14,control
425,2026-01-06,treatment
426,2026-03-19,treatment
427,2026-01-08,control
428,2026-01-05,treatment
429,2026-02-16,control
430,2026-01-07,treatment
431,2026-03-06,treatment
432,2026-02-12,treatment
433,2026-03-08,treatment
434,2026-03-12,treatment
435,2026-03-13,control
436,2026-01-10,control
437,2026-03-18,control
438,2026-03-19,treatment
439,2026-02-15,treatment
440,2026-01-13,treatment
441,2026-03-07,treatment
442,2026-03-04,control
443,2026-01-13,treatment
444,2026-03-14,control
445,2026-03-03,control
446,2026-01-05,treatment
447,2026-02-24,treatment
448,2026-03-18,treatment
449,2026-03-27,control
450,2026-03-17,treatment
451,2026-03-19,control
452,2026-01-14,treatment
453,2026-01-03,treatment
454,2026-01-19,control
455,2026-03-21,control
456,2026-03-19,control
457,2026-01-08,treatment
458,2026-03-28,control
459,2026-01-20,treatment
460,2026-02-13,treatment
461,2026-02-24,treatment
462,2026-01-12,control
463,2026-02-04,treatment
464,2026-01-26,control
465,2026-02-02,treatment
466,2026-01-31,treatment
467,2026-02-10,treatment
468,2026-02-26,treatment
469,2026-01-11,control
470,2026-03-06,treatment
471,2026-01-11,control
472,2026-02-24,control
473,2026-01-18,control
474,2026-03-22,control
475,2026-01-30,control
476,2026-01-01,control
477,2026-01-10,control
478,2026-02-05,treatment
479,2026-03-28,treatment
480,2026-01-27,control
481,2026-02-14,control
482,2026-03-09,control
483,2026-01-21,treatment
484,2026-03-03,control
485,2026-02-07,control
486,2026-03-22,control
487,2026-03-03,control
488,2026-01-29,control
489,2026-02-10,treatment
490,2026-03-18,treatment
491,2026-02-03,treatment
492,2026-02-18,treatment
493,2026-03-19,treatment
494,2026-01-14,control
495,2026-03-17,treatment
496,2026-03-16,treatment
497,2026-02-18,control
498,2026-01-22,treatment
499,2026-01-13,control
500,2026-03-10,treatment
501,2026-02-03,treatment
502,2026-02-18,treatment
503,2026-01-09,treatment
504,2026-02-16,treatment
505,2026-01-07,treatment
506,2026-02-18,treatment
507,2026-03-17,control
508,2026-03-29,treatment
509,2026-03-18,control
510,2026-02-22,control
511,2026-03-08,control
512,2026-01-04,treatment
513,2026-03-03,control
514,2026-03-28,control
515,2026-01-14,control
516,2026-01-26,control
517,2026-03-31,control
518,2026-02-12,treatment
519,2026-03-07,control
520,2026-03-16,treatment
521,2026-03-28,treatment
522,2026-01-08,control
523,2026-02-02,control
524,2026-01-21,treatment
525,2026-03-15,control
526,2026-03-20,control
527,2026-03-20,treatment
528,2026-01-11,treatment
529,2026-03-02,treatment
530,2026-02-16,control
531,2026-03-07,treatment
532,2026-01-17,treatment
533,2026-01-12,control
534,2026-02-01,treatment
535,2026-02-01,control
536,2026-03-13,control
537,2026-01-18,treatment
538,2026-03-28,control
539,2026-01-02,control
540,2026-02-21,treatment
541,2026-02-17,treatment
542,2026-02-02,treatment
543,2026-01-11,treatment
544,2026-01-08,treatment
545,2026-01-25,control
546,2026-02-06,control
547,2026-01-18,control
548,2026-03-15,control
549,2026-03-29,treatment
550,2026-03-10,control
551,2026-03-16,control
552,2026-02-02,control
553,2026-03-19,control
554,2026-01-16,treatment
555,2026-02-24,control
556,2026-02-18,control
557,2026-02-13,control
558,2026-03-16,control
559,2026-01-31,treatment
560,2026-02-20,control
561,2026-02-11,control
562,2026-02-18,control
563,2026-01-31,treatment
564,2026-03-05,treatment
565,2026-02-23,treatment
566,2026-01-12,treatment
567,2026-02-09,treatment
568,2026-02-25,control
569,2026-01-09,control
570,2026-01-08,treatment
571,2026-02-18,control
572,2026-01-15,treatment
573,2026-02-21,control
574,2026-01-05,treatment
575,2026-03-18,treatment
576,2026-02-25,treatment
577,2026-02-27,treatment
578,2026-03-28,treatment
579,2026-02-26,treatment
580,2026-01-14,control
581,2026-03-22,control
582,2026-02-12,treatment
583,2026-03-02,control
584,2026-03-22,control
585,2026-02-12,treatment
586,2026-03-18,treatment
587,2026-03-27,control
588,2026-02-08,control
589,2026-01-03,control
590,2026-03-09,control
591,2026-03-14,treatment
592,2026-01-04,control
593,2026-03-27,control
594,2026-03-10,treatment
595,2026-01-18,control
596,2026-03-07,control
597,2026-03-03,treatment
598,2026-02-22,treatment
599,2026-02-21,treatment
600,2026-01-11,treatment
601,2026-03-26,control
602,2026-01-27,treatment
603,2026-01-26,treatment
604,2026-01-16,treatment
605,2026-01-19,treatment
606,2026-01-06,treatment
607,2026-03-16,treatment
608,2026-03-22,control
609,2026-01-05,treatment
610,2026-01-17,control
611,2026-02-09,treatment
612,2026-01-19,treatment
613,2026-01-18,treatment
614,2026-03-05,treatment
615,2026-03-21,control
616,2026-01-29,treatment
617,2026-02-16,treatment
618,2026-02-06,control
619,2026-02-03,control
620,2026-01-06,control
621,2026-03-05,treatment
622,2026-03-25,control
623,2026-03-10,treatment
624,2026-03-31,control
625,2026-03-15,treatment
626,2026-02-03,control
627,2026-03-15,treatment
628,2026-01-20,control
629,2026-02-05,treatment
630,2026-03-05,treatment
631,2026-01-26,treatment
632,2026-03-10,treatment
633,2026-01-17,control
634,2026-01-14,control
635,2026-03-09,control
636,2026-02-13,control
637,2026-03-26,treatment
638,2026-01-18,treatment
639,2026-03-06,treatment
640,2026-01-22,treatment
641,2026-02-12,treatment
642,2026-02-14,treatment
643,2026-03-18,control
644,2026-02-05,control
645,2026-02-02,treatment
646,2026-02-12,treatment
647,2026-03-30,control
648,2026-02-04,treatment
649,2026-02-19,treatment
650,2026-01-07,control
651,2026-02-24,control
652,2026-01-07,treatment
653,2026-01-02,treatment
654,2026-01-24,control
655,2026-01-18,treatment
656,2026-02-17,control
657,2026-01-19,treatment
658,2026-01-20,control
659,2026-03-21,treatment
660,2026-02-26,control
661,2026-01-01,control
662,2026-03-10,treatment
663,2026-03-07,control
664,2026-03-22,control
665,2026-02-18,control
666,2026-03-26,treatment
667,2026-03-26,treatment
668,2026-02-02,treatment
669,2026-01-08,control
670,2026-03-26,control
671,2026-02-28,control
672,2026-03-20,treatment
673,2026-01-07,treatment
674,2026-01-29,treatment
675,2026-01-01,treatment
676,2026-02-03,control
677,2026-03-09,treatment
678,2026-01-16,control
679,2026-02-03,control
680,2026-03-20,control
681,2026-01-28,control
682,2026-02-17,control
683,2026-02-09,control
684,2026-01-19,control
685,2026-03-25,treatment
686,2026-03-14,control
687,2026-02-05,control
688,2026-03-18,treatment
689,2026-02-14,treatment
690,2026-02-27,treatment
691,2026-01-27,control
692,2026-02-05,treatment
693,2026-03-25,control
694,2026-01-20,control
695,2026-02-07,treatment
696,2026-03-10,treatment
697,2026-01-30,treatment
698,2026-03-11,treatment
699,2026-02-05,treatment
700,2026-02-15,control
701,2026-03-31,control
702,2026-03-08,control
703,2026-03-24,control
704,2026-01-18,treatment
705,2026-03-17,control
706,2026-02-17,treatment
707,2026-03-10,treatment
708,2026-01-30,treatment
709,2026-03-07,control
710,2026-03-31,control
711,2026-02-14,treatment
712,2026-02-08,treatment
713,2026-02-17,treatment
714,2026-01-19,treatment
715,2026-02-20,treatment
716,2026-01-18,control
717,2026-03-04,treatment
718,2026-03-31,control
719,2026-03-10,treatment
720,2026-03-31,treatment
721,2026-02-09,treatment
722,2026-03-13,control
723,2026-02-20,control
724,2026-02-13,treatment
725,2026-02-26,control
726,2026-03-01,control
727,2026-01-05,control
728,2026-03-05,control
729,2026-02-17,control
730,2026-01-12,treatment
731,2026-01-17,control
732,2026-01-13,control
733,2026-03-16,control
734,2026-02-05,control
735,2026-02-08,control
736,2026-02-03,treatment
737,2026-03-07,control
738,2026-02-12,control
739,2026-03-31,control
740,2026-01-28,control
741,2026-03-27,control
742,2026-02-25,control
743,2026-02-27,treatment
744,2026-03-09,control
745,2026-03-20,treatment
746,2026-03-20,control
747,2026-03-22,control
748,2026-02-06,control
749,2026-03-12,treatment
750,2026-01-27,treatment
751,2026-02-14,control
752,2026-01-14,control
753,2026-02-08,control
754,2026-02-20,control
755,2026-03-17,treatment
756,2026-01-04,control
757,2026-02-23,control
758,2026-03-19,treatment
759,2026-03-11,control
760,2026-02-12,control
761,2026-02-06,treatment
762,2026-02-24,control
763,2026-03-05,control
764,2026-02-06,control
765,2026-02-19,treatment
766,2026-01-01,control
767,2026-01-29,control
768,2026-03-12,control
769,2026-02-07,control
770,2026-02-12,treatment
771,2026-03-26,control
772,2026-02-06,treatment
773,2026-02-09,treatment
774,2026-03-10,treatment
775,2026-03-18,control
776,2026-02-01,treatment
777,2026-01-16,treatment
778,2026-02-28,control
779,2026-01-10,treatment
780,2026-03-07,treatment
781,2026-02-13,control
782,2026-03-30,treatment
783,2026-01-28,control
784,2026-03-11,treatment
785,2026-01-01,treatment
786,2026-01-03,control
787,2026-02-10,treatment
788,2026-02-26,control
789,2026-01-16,treatment
790,2026-02-25,treatment
791,2026-03-01,control
792,2026-01-12,control
793,2026-03-19,control
794,2026-03-09,control
795,2026-01-30,control
796,2026-02-03,control
797,2026-01-25,control
798,2026-02-26,control
799,2026-03-03,treatment
800,2026-01-25,treatment
801,2026-02-19,treatment
802,2026-01-16,control
803,2026-02-07,treatment
804,2026-02-05,treatment
805,2026-02-04,control
806,2026-01-19,control
807,2026-01-03,treatment
808,2026-03-30,control
809,2026-02-06,treatment
810,2026-03-07,treatment
811,2026-03-19,control
812,2026-01-04,control
813,2026-02-05,treatment
814,2026-02-04,treatment
815,2026-02-27,control
816,2026-03-24,treatment
817,2026-03-02,treatment
818,2026-02-23,treatment
819,2026-01-21,treatment
820,2026-02-13,control
821,2026-03-08,control
822,2026-02-18,treatment
823,2026-02-24,control
824,2026-01-28,treatment
825,2026-02-12,treatment
826,2026-02-04,control
827,2026-02-14,treatment
828,2026-01-18,control
829,2026-02-28,treatment
830,2026-03-05,control
831,2026-03-10,treatment
832,2026-01-22,treatment
833,2026-02-07,control
834,2026-02-08,treatment
835,2026-03-21,treatment
836,2026-03-25,treatment
837,2026-02-13,treatment
838,2026-02-06,treatment
839,2026-01-02,control
840,2026-01-31,treatment
841,2026-01-07,control
842,2026-02-08,treatment
843,2026-02-04,treatment
844,2026-01-23,control
845,2026-03-29,control
846,2026-03-07,treatment
847,2026-02-27,control
848,2026-03-03,treatment
849,2026-02-01,control
850,2026-01-23,treatment
851,2026-03-18,control
852,2026-02-07,control
853,2026-03-06,treatment
854,2026-02-17,treatment
855,2026-01-02,control
856,2026-03-20,control
857,2026-01-02,treatment
858,2026-01-31,treatment
859,2026-03-09,control
860,2026-02-22,treatment
861,2026-03-16,treatment
862,2026-03-26,treatment
863,2026-03-05,treatment
864,2026-01-24,treatment
865,2026-01-01,control
866,2026-03-07,treatment
867,2026-01-29,treatment
868,2026-02-28,treatment
869,2026-02-15,control
870,2026-01-14,control
871,2026-02-02,treatment
872,2026-03-30,control
873,2026-01-29,treatment
874,2026-03-12,control
875,2026-03-04,treatment
876,2026-02-08,treatment
877,2026-03-10,control
878,2026-02-20,control
879,2026-02-26,treatment
880,2026-02-02,treatment
881,2026-03-26,control
882,2026-01-24,treatment
883,2026-02-18,treatment
884,2026-03-22,control
885,2026-03-05,control
886,2026-02-22,control
887,2026-01-08,control
888,2026-02-03,control
889,2026-02-10,control
890,2026-03-18,treatment
891,2026-03-18,control
892,2026-02-09,treatment
893,2026-02-01,control
894,2026-01-17,control
895,2026-02-13,treatment
896,2026-01-14,treatment
897,2026-01-15,control
898,2026-03-26,control
899,2026-02-18,control
900,2026-02-04,treatment
901,2026-02-07,control
902,2026-02-05,control
903,2026-03-17,control
904,2026-02-18,control
905,2026-02-28,treatment
906,2026-02-21,treatment
907,2026-02-20,control
908,2026-02-08,control
909,2026-03-11,control
910,2026-03-26,control
911,2026-02-01,treatment
912,2026-01-30,treatment
913,2026-03-10,treatment
914,2026-01-11,treatment
915,2026-02-10,treatment
916,2026-03-31,treatment
917,2026-03-04,control
918,2026-01-20,control
919,2026-02-06,control
920,2026-03-27,treatment
921,2026-02-17,control
922,2026-03-18,treatment
923,2026-03-15,treatment
924,2026-03-11,treatment
925,2026-02-28,control
926,2026-01-12,control
927,2026-01-27,control
928,2026-01-04,treatment
929,2026-02-09,treatment
930,2026-01-16,treatment
931,2026-02-24,control
932,2026-02-06,control
933,2026-03-26,control
934,2026-03-13,treatment
935,2026-01-21,treatment
936,2026-02-05,control
937,2026-02-07,treatment
938,2026-01-03,control
939,2026-03-07,treatment
940,2026-01-07,control
941,2026-03-15,control
942,2026-02-11,treatment
943,2026-02-10,control
944,2026-01-03,control
945,2026-02-26,control
946,2026-03-10,control
947,2026-02-07,treatment
948,2026-01-23,treatment
949,2026-03-31,treatment
950,2026-02-13,control
951,2026-03-01,treatment
952,2026-03-13,control
953,2026-02-23,control
954,2026-02-19,control
955,2026-03-03,treatment
956,2026-03-21,treatment
957,2026-03-03,treatment
958,2026-03-18,treatment
959,2026-01-26,control
960,2026-01-16,treatment
961,2026-01-10,treatment
962,2026-01-03,control
963,2026-02-10,control
964,2026-03-19,control
965,2026-01-06,treatment
966,2026-03-01,control
967,2026-03-14,treatment
968,2026-03-24,control
969,2026-03-14,treatment
970,2026-01-08,control
971,2026-01-14,control
972,2026-03-30,control
973,2026-01-09,control
974,2026-03-30,treatment
975,2026-03-26,control
976,2026-01-25,treatment
977,2026-03-14,control
978,2026-01-06,control
979,2026-01-12,treatment
980,2026-02-03,control
981,2026-01-21,treatment
982,2026-02-09,treatment
983,2026-01-25,treatment
984,2026-01-25,control
985,2026-02-01,control
986,2026-01-05,treatment
987,2026-03-04,control
988,2026-03-20,control
989,2026-02-06,control
990,2026-01-20,treatment
991,2026-03-23,treatment
992,2026-03-20,treatment
993,2026-02-11,treatment
994,2026-01-24,control
995,2026-03-09,treatment
996,2026-03-18,control
997,2026-01-03,treatment
998,2026-01-26,control
999,2026-03-19,treatment
1000,2026-01-10,control
1001,2026-01-23,control
1002,2026-03-16,control
1003,2026-03-15,control
1004,2026-01-25,control
1005,2026-03-20,treatment
1006,2026-01-28,control
1007,2026-01-19,treatment
1008,2026-02-06,control
1009,2026-02-23,treatment
1010,2026-02-24,control
1011,2026-01-24,treatment
1012,2026-02-27,treatment
1013,2026-01-02,control
1014,2026-01-07,treatment
1015,2026-01-23,control
1016,2026-03-27,control
1017,2026-03-05,treatment
1018,2026-01-05,treatment
1019,2026-01-07,control
1020,2026-03-17,control
1021,2026-02-15,treatment
1022,2026-03-06,treatment
1023,2026-01-28,treatment
1024,2026-01-27,treatment
1025,2026-01-15,treatment
1026,2026-02-23,control
1027,2026-02-21,treatment
1028,2026-02-19,control
1029,2026-03-25,treatment
1030,2026-03-02,control
1031,2026-03-25,treatment
1032,2026-03-08,treatment
1033,2026-01-12,treatment
1034,2026-02-16,treatment
1035,2026-03-29,control
1036,2026-03-06,treatment
1037,2026-01-11,control
1038,2026-01-18,control
1039,2026-01-07,control
1040,2026-03-04,control
1041,2026-02-09,control
1042,2026-02-08,treatment
1043,2026-03-29,treatment
1044,2026-03-26,treatment
1045,2026-01-09,control
1046,2026-03-18,control
1047,2026-03-26,control
1048,2026-01-01,treatment
1049,2026-03-24,treatment
1050,2026-03-10,control
1051,2026-01-26,treatment
1052,2026-02-24,control
1053,2026-01-04,control
1054,2026-03-06,control
1055,2026-02-01,control
1056,2026-01-24,treatment
1057,2026-03-13,treatment
1058,2026-03-13,control
1059,2026-02-01,treatment
1060,2026-01-13,treatment
1061,2026-03-08,treatment
1062,2026-03-22,treatment
1063,2026-03-20,control
1064,2026-02-09,treatment
1065,2026-02-16,control
1066,2026-01-10,treatment
1067,2026-01-30,control
1068,2026-03-05,treatment
1069,2026-03-10,control
1070,2026-02-04,control
1071,2026-03-24,treatment
1072,2026-01-23,treatment
1073,2026-03-05,control
1074,2026-03-02,treatment
1075,2026-02-23,treatment
1076,2026-01-31,control
1077,2026-03-05,treatment
1078,2026-01-20,control
1079,2026-03-16,treatment
1080,2026-02-24,control
1081,2026-02-06,control
1082,2026-02-01,treatment
1083,2026-01-12,treatment
1084,2026-01-05,treatment
1085,2026-01-29,treatment
1086,2026-01-21,treatment
1087,2026-03-03,treatment
1088,2026-02-10,treatment
1089,2026-01-14,control
1090,2026-02-21,control
1091,2026-02-27,control
1092,2026-02-13,treatment
1093,2026-02-28,control
1094,2026-03-24,control
1095,2026-02-23,treatment
1096,2026-01-31,control
1097,2026-02-26,control
1098,2026-03-20,treatment
1099,2026-02-27,treatment
1100,2026-02-13,control
1101,2026-01-11,control
1102,2026-03-03,control
1103,2026-03-12,treatment
1104,2026-02-18,treatment
1105,2026-02-26,control
1106,2026-01-10,treatment
1107,2026-03-29,control
1108,2026-02-08,control
1109,2026-03-21,treatment
1110,2026-03-02,control
1111,2026-03-06,control
1112,2026-01-25,control
1113,2026-01-24,treatment
1114,2026-01-30,treatment
1115,2026-01-25,treatment
1116,2026-03-05,control
1117,2026-01-14,control
1118,2026-03-08,treatment
1119,2026-01-14,control
1120,2026-02-18,treatment
1121,2026-01-27,treatment
1122,2026-03-08,control
1123,2026-01-26,treatment
1124,2026-03-17,control
1125,2026-03-20,control
1126,2026-02-15,treatment
1127,2026-01-03,treatment
1128,2026-03-04,treatment
1129,2026-03-03,treatment
1130,2026-01-02,treatment
1131,2026-02-20,treatment
1132,2026-01-03,treatment
1133,2026-01-23,control
1134,2026-02-24,treatment
1135,2026-02-11,treatment
1136,2026-02-27,control
1137,2026-02-07,control
1138,2026-01-27,control
1139,2026-01-07,control
1140,2026-02-25,treatment
1141,2026-02-18,control
1142,2026-01-10,treatment
1143,2026-01-11,treatment
1144,2026-03-11,treatment
1145,2026-03-16,control
1146,2026-02-01,control
1147,2026-03-30,treatment
1148,2026-02-21,treatment
1149,2026-02-19,control
1150,2026-03-30,treatment
1151,2026-02-25,control
1152,2026-02-16,treatment
1153,2026-01-12,control
1154,2026-02-17,control
1155,2026-01-30,treatment
1156,2026-01-10,control
1157,2026-02-17,control
1158,2026-01-04,control
1159,2026-03-25,control
1160,2026-03-25,treatment
1161,2026-03-07,control
1162,2026-03-19,treatment
1163,2026-03-16,treatment
1164,2026-03-14,control
1165,2026-01-12,control
1166,2026-03-31,treatment
1167,2026-01-22,treatment
1168,2026-01-09,treatment
1169,2026-03-21,treatment
1170,2026-03-10,control
1171,2026-02-23,control
1172,2026-01-11,treatment
1173,2026-01-29,control
1174,2026-02-27,treatment
1175,2026-03-05,treatment
1176,2026-03-06,treatment
1177,2026-01-23,control
1178,2026-03-04,control
1179,2026-01-10,control
1180,2026-01-24,control
1181,2026-01-02,treatment
1182,2026-03-21,control
1183,2026-02-03,control
1184,2026-02-20,control
1185,2026-01-01,control
1186,2026-03-24,treatment
1187,2026-02-05,control
1188,2026-02-10,treatment
1189,2026-02-02,control
1190,2026-01-31,treatment
1191,2026-01-28,control
1192,2026-03-22,control
1193,2026-01-08,treatment
1194,2026-03-15,treatment
1195,2026-01-23,treatment
1196,2026-01-08,control
1197,2026-03-20,control
1198,2026-02-09,treatment
1199,2026-03-23,control
1200,2026-01-07,treatment
1201,2026-01-07,treatment
1202,2026-03-20,treatment
1203,2026-01-23,treatment
1204,2026-02-13,treatment
1205,2026-01-15,control
1206,2026-01-24,control
1207,2026-02-21,treatment
1208,2026-01-07,control
1209,2026-03-11,control
1210,2026-01-27,control
1211,2026-03-23,treatment
1212,2026-02-02,treatment
1213,2026-03-06,treatment
1214,2026-03-29,control
1215,2026-02-28,control
1216,2026-03-31,treatment
1217,2026-03-06,control
1218,2026-02-11,treatment
1219,2026-03-30,treatment
1220,2026-03-24,control
1221,2026-03-25,control
1222,2026-03-13,control
1223,2026-01-09,treatment
1224,2026-03-11,treatment
1225,2026-01-21,control
1226,2026-01-25,treatment
1227,2026-03-12,control
1228,2026-03-08,control
1229,2026-01-07,treatment
1230,2026-03-31,control
1231,2026-03-03,control
1232,2026-03-17,treatment
1233,2026-03-23,control
1234,2026-02-18,treatment
1235,2026-01-30,control
1236,2026-01-01,control
1237,2026-03-06,control
1238,2026-02-03,control
1239,2026-02-07,control
1240,2026-02-28,control
1241,2026-02-07,treatment
1242,2026-01-13,control
1243,2026-03-20,control
1244,2026-02-06,control
1245,2026-03-06,control
1246,2026-03-05,control
1247,2026-01-23,treatment
1248,2026-03-22,control
1249,2026-03-30,treatment
1250,2026-03-05,treatment
1251,2026-03-18,control
1252,2026-02-24,control
1253,2026-01-28,control
1254,2026-01-21,treatment
1255,2026-03-26,control
1256,2026-03-02,treatment
1257,2026-02-13,treatment
1258,2026-03-17,treatment
1259,2026-02-20,treatment
1260,2026-02-09,treatment
1261,2026-01-06,control
1262,2026-03-22,control
1263,2026-01-07,control
1264,2026-01-31,treatment
1265,2026-02-24,treatment
1266,2026-02-26,treatment
1267,2026-02-28,control
1268,2026-03-17,treatment
1269,2026-02-16,control
1270,2026-03-21,control
1271,2026-02-22,treatment
1272,2026-02-12,control
1273,2026-02-04,control
1274,2026-02-11,treatment
1275,2026-02-12,control
1276,2026-03-27,control
1277,2026-01-15,control
1278,2026-02-11,control
1279,2026-01-12,treatment
1280,2026-01-01,treatment
1281,2026-02-10,control
1282,2026-02-13,control
1283,2026-01-27,control
1284,2026-02-24,treatment
1285,2026-01-02,treatment
1286,2026-03-08,treatment
1287,2026-02-07,control
1288,2026-01-08,control
1289,2026-03-25,control
1290,2026-02-21,treatment
1291,2026-02-12,control
1292,2026-02-24,treatment
1293,2026-02-19,treatment
1294,2026-03-03,control
1295,2026-03-07,control
1296,2026-01-25,control
1297,2026-02-28,control
1298,2026-03-10,control
1299,2026-01-13,treatment
1300,2026-03-13,control
1301,2026-02-01,control
1302,2026-01-13,treatment
1303,2026-03-05,treatment
1304,2026-03-11,control
1305,2026-02-19,treatment
1306,2026-02-25,treatment
1307,2026-02-10,treatment
1308,2026-02-09,treatment
1309,2026-01-30,control
1310,2026-03-12,treatment
1311,2026-02-14,control
1312,2026-01-12,treatment
1313,2026-01-22,treatment
1314,2026-02-02,control
1315,2026-03-09,control
1316,2026-03-22,treatment
1317,2026-01-15,treatment
1318,2026-01-13,control
1319,2026-02-16,treatment
1320,2026-03-25,treatment
1321,2026-01-26,control
1322,2026-02-26,control
1323,2026-03-07,control
1324,2026-01-01,treatment
1325,2026-02-02,control
1326,2026-01-14,treatment
1327,2026-03-30,control
1328,2026-01-05,treatment
1329,2026-01-12,control
1330,2026-03-11,control
1331,2026-01-15,treatment
1332,2026-01-23,control
1333,2026-02-19,treatment
1334,2026-02-21,treatment
1335,2026-03-31,treatment
1336,2026-03-18,treatment
1337,2026-03-17,control
1338,2026-03-23,treatment
1339,2026-02-20,treatment
1340,2026-03-17,control
1341,2026-03-05,control
1342,2026-02-15,treatment
1343,2026-03-26,control
1344,2026-01-13,treatment
1345,2026-02-04,treatment
1346,2026-02-01,treatment
1347,2026-02-18,control
1348,2026-01-31,control
1349,2026-02-08,control
1350,2026-03-31,control
1351,2026-03-09,treatment
1352,2026-03-14,treatment
1353,2026-02-01,control
1354,2026-01-30,control
1355,2026-02-16,treatment
1356,2026-02-07,control
1357,2026-02-28,treatment
1358,2026-01-25,control
1359,2026-01-13,treatment
1360,2026-02-06,control
1361,2026-03-15,treatment
1362,2026-01-08,control
1363,2026-01-08,treatment
1364,2026-03-17,control
1365,2026-02-04,control
1366,2026-02-17,treatment
1367,2026-03-10,control
1368,2026-02-24,control
1369,2026-03-29,control
1370,2026-01-18,control
1371,2026-03-16,control
1372,2026-02-10,treatment
1373,2026-01-12,control
1374,2026-02-11,treatment
1375,2026-02-15,treatment
1376,2026-01-09,control
1377,2026-02-13,treatment
1378,2026-01-03,treatment
1379,2026-03-01,treatment
1380,2026-02-25,control
1381,2026-01-12,control
1382,2026-02-21,control
1383,2026-01-24,treatment
1384,2026-02-28,treatment
1385,2026-01-22,treatment
1386,2026-03-22,control
1387,2026-02-16,treatment
1388,2026-03-31,control
1389,2026-01-08,treatment
1390,2026-03-17,control
1391,2026-01-06,treatment
1392,2026-01-03,treatment
1393,2026-01-16,control
1394,2026-01-28,control
1395,2026-03-22,treatment
1396,2026-03-11,control
1397,2026-01-07,treatment
1398,2026-03-23,treatment
1399,2026-01-22,treatment
1400,2026-03-24,control
1401,2026-01-19,control
1402,2026-03-02,control
1403,2026-02-26,treatment
1404,2026-03-18,control
1405,2026-02-25,control
1406,2026-01-15,control
1407,2026-03-31,treatment
1408,2026-02-05,control
1409,2026-03-26,treatment
1410,2026-01-08,treatment
1411,2026-03-23,treatment
1412,2026-01-27,treatment
1413,2026-03-28,treatment
1414,2026-03-11,treatment
1415,2026-03-29,control
1416,2026-01-17,treatment
1417,2026-03-08,treatment
1418,2026-03-08,treatment
1419,2026-03-23,treatment
1420,2026-03-11,treatment
1421,2026-01-09,treatment
1422,2026-03-21,control
1423,2026-01-25,control
1424,2026-03-29,control
1425,2026-03-11,control
1426,2026-03-09,control
1427,2026-02-27,control
1428,2026-03-02,control
1429,2026-02-20,treatment
1430,2026-03-12,control
1431,2026-03-24,treatment
1432,2026-01-18,treatment
1433,2026-03-16,control
1434,2026-03-08,control
1435,2026-02-22,control
1436,2026-03-23,treatment
1437,2026-03-26,control
1438,2026-02-10,treatment
1439,2026-01-07,treatment
1440,2026-01-02,treatment
1441,2026-02-25,control
1442,2026-01-31,control
1443,2026-01-21,control
1444,2026-01-09,control
1445,2026-01-24,control
1446,2026-02-26,treatment
1447,2026-03-13,treatment
1448,2026-03-17,treatment
1449,2026-03-01,treatment
1450,2026-01-09,control
1451,2026-03-05,treatment
1452,2026-02-08,treatment
1453,2026-01-12,treatment
1454,2026-03-02,treatment
1455,2026-03-28,control
1456,2026-03-23,control
1457,2026-03-12,control
1458,2026-01-20,control
1459,2026-02-14,treatment
1460,2026-02-17,control
1461,2026-02-07,treatment
1462,2026-01-02,treatment
1463,2026-02-21,control
1464,2026-02-05,control
1465,2026-02-01,treatment
1466,2026-02-01,treatment
1467,2026-03-08,control
1468,2026-01-16,control
1469,2026-02-19,treatment
1470,2026-01-13,control
1471,2026-03-26,treatment
1472,2026-02-03,control
1473,2026-03-24,control
1474,2026-01-06,control
1475,2026-03-07,treatment
1476,2026-03-23,treatment
1477,2026-01-14,control
1478,2026-03-27,treatment
1479,2026-03-26,control
1480,2026-03-19,control
1481,2026-03-06,control
1482,2026-01-01,control
1483,2026-01-11,treatment
1484,2026-02-01,control
1485,2026-03-12,treatment
1486,2026-02-09,control
1487,2026-01-05,treatment
1488,2026-01-30,control
1489,2026-03-17,treatment
1490,2026-03-14,control
1491,2026-03-16,control
1492,2026-03-02,treatment
1493,2026-01-17,treatment
1494,2026-01-18,treatment
1495,2026-03-31,control
1496,2026-01-08,treatment
1497,2026-03-12,treatment
1498,2026-02-23,treatment
1499,2026-01-04,control
1500,2026-03-17,treatment
1501,2026-03-23,treatment
1502,2026-02-27,treatment
1503,2026-03-31,control
1504,2026-01-23,control
1505,2026-03-27,treatment
1506,2026-02-20,treatment
1507,2026-03-01,treatment
1508,2026-02-17,control
1509,2026-03-22,control
1510,2026-03-12,treatment
1511,2026-03-14,control
1512,2026-02-08,control
1513,2026-03-26,treatment
1514,2026-03-06,treatment
1515,2026-02-01,treatment
1516,2026-01-24,control
1517,2026-03-13,control
1518,2026-01-03,treatment
1519,2026-03-22,control
1520,2026-03-11,control
1521,2026-02-21,control
1522,2026-03-30,treatment
1523,2026-01-25,treatment
1524,2026-03-30,treatment
1525,2026-01-13,treatment
1526,2026-03-09,control
1527,2026-01-19,control
1528,2026-03-02,control
1529,2026-02-01,control
1530,2026-02-03,control
1531,2026-01-24,control
1532,2026-03-25,control
1533,2026-02-20,treatment
1534,2026-02-13,treatment
1535,2026-01-25,control
1536,2026-03-07,control
1537,2026-01-23,treatment
1538,2026-02-21,treatment
1539,2026-02-02,treatment
1540,2026-03-22,control
1541,2026-01-28,treatment
1542,2026-03-04,control
1543,2026-01-17,control
1544,2026-01-28,control
1545,2026-02-16,control
1546,2026-03-24,control
1547,2026-02-06,control
1548,2026-01-16,treatment
1549,2026-03-22,control
1550,2026-01-20,control
1551,2026-01-20,control
1552,2026-02-02,control
1553,2026-03-15,control
1554,2026-02-03,control
1555,2026-03-28,control
1556,2026-03-16,treatment
1557,2026-03-16,treatment
1558,2026-02-09,control
1559,2026-03-16,treatment
1560,2026-03-20,treatment
1561,2026-02-05,treatment
1562,2026-01-30,treatment
1563,2026-01-10,treatment
1564,2026-02-04,treatment
1565,2026-02-12,treatment
1566,2026-03-10,control
1567,2026-02-19,control
1568,2026-01-23,control
1569,2026-01-27,control
1570,2026-01-12,control
1571,2026-01-20,control
1572,2026-01-13,treatment
1573,2026-03-11,treatment
1574,2026-01-21,treatment
1575,2026-01-05,control
1576,2026-02-24,control
1577,2026-02-19,treatment
1578,2026-01-04,treatment
1579,2026-03-04,treatment
1580,2026-03-01,treatment
1581,2026-03-28,treatment
1582,2026-03-10,control
1583,2026-03-13,control
1584,2026-03-09,control
1585,2026-02-28,treatment
1586,2026-02-26,treatment
1587,2026-02-26,control
1588,2026-02-09,treatment
1589,2026-01-09,control
1590,2026-03-30,control
1591,2026-03-29,control
1592,2026-01-09,control
1593,2026-03-12,treatment
1594,2026-03-10,control
1595,2026-01-23,treatment
1596,2026-02-04,treatment
1597,2026-03-11,control
1598,2026-03-16,control
1599,2026-02-05,treatment
1600,2026-02-26,control
1601,2026-02-11,treatment
1602,2026-01-13,control
1603,2026-01-15,treatment
1604,2026-03-17,treatment
1605,2026-01-02,control
1606,2026-01-07,control
1607,2026-01-27,treatment
1608,2026-03-14,control
1609,2026-03-05,control
1610,2026-02-21,control
1611,2026-02-26,control
1612,2026-01-14,treatment
1613,2026-01-15,treatment
1614,2026-02-23,control
1615,2026-02-02,treatment
1616,2026-02-19,control
1617,2026-02-27,control
1618,2026-01-29,treatment
1619,2026-03-18,treatment
1620,2026-03-15,control
1621,2026-01-10,control
1622,2026-01-12,treatment
1623,2026-01-19,treatment
1624,2026-01-13,control
1625,2026-02-19,control
1626,2026-01-22,treatment
1627,2026-02-28,control
1628,2026-03-19,control
1629,2026-01-13,control
1630,2026-01-15,control
1631,2026-01-17,control
1632,2026-03-14,treatment
1633,2026-03-29,treatment
1634,2026-03-11,treatment
1635,2026-03-03,treatment
1636,2026-02-24,control
1637,2026-01-19,control
1638,2026-02-12,treatment
1639,2026-03-23,control
1640,2026-02-02,treatment
1641,2026-01-03,treatment
1642,2026-01-20,control
1643,2026-02-15,control
1644,2026-03-04,control
1645,2026-02-08,control
1646,2026-02-11,control
1647,2026-03-04,control
1648,2026-01-25,treatment
1649,2026-03-13,treatment
1650,2026-01-30,treatment
1651,2026-01-10,control
1652,2026-01-13,control
1653,2026-02-02,control
1654,2026-01-05,control
1655,2026-01-18,treatment
1656,2026-02-09,control
1657,2026-03-26,control
1658,2026-03-29,treatment
1659,2026-03-10,control
1660,2026-03-26,control
1661,2026-02-25,control
1662,2026-01-13,treatment
1663,2026-03-01,treatment
1664,2026-02-19,control
1665,2026-03-18,treatment
1666,2026-02-01,treatment
1667,2026-03-15,treatment
1668,2026-02-28,control
1669,2026-03-08,control
1670,2026-01-03,treatment
1671,2026-03-28,control
1672,2026-02-18,treatment
1673,2026-02-28,treatment
1674,2026-02-11,control
1675,2026-01-13,treatment
1676,2026-02-20,treatment
1677,2026-03-04,treatment
1678,2026-01-14,control
1679,2026-02-03,treatment
1680,2026-02-25,treatment
1681,2026-01-26,treatment
1682,2026-01-27,treatment
1683,2026-01-11,treatment
1684,2026-02-15,control
1685,2026-01-11,control
1686,2026-03-20,control
1687,2026-01-16,treatment
1688,2026-01-09,treatment
1689,2026-03-25,treatment
1690,2026-02-05,control
1691,2026-01-18,treatment
1692,2026-02-19,treatment
1693,2026-01-10,control
1694,2026-02-07,treatment
1695,2026-03-01,treatment
1696,2026-02-13,treatment
1697,2026-03-25,control
1698,2026-03-06,treatment
1699,2026-02-28,treatment
1700,2026-03-02,treatment
1701,2026-03-03,treatment
1702,2026-02-12,treatment
1703,2026-01-10,control
1704,2026-01-24,treatment
1705,2026-01-29,control
1706,2026-01-24,treatment
1707,2026-01-26,control
1708,2026-03-10,control
1709,2026-03-27,treatment
1710,2026-02-10,control
1711,2026-02-13,treatment
1712,2026-01-30,control
1713,2026-02-26,treatment
1714,2026-03-03,treatment
1715,2026-01-06,control
1716,2026-02-15,treatment
1717,2026-02-08,control
1718,2026-02-09,treatment
1719,2026-02-15,treatment
1720,2026-01-13,treatment
1721,2026-03-13,control
1722,2026-03-23,control
1723,2026-01-10,treatment
1724,2026-03-16,treatment
1725,2026-02-20,control
1726,2026-03-17,control
1727,2026-01-17,control
1728,2026-01-17,treatment
1729,2026-01-01,control
1730,2026-02-15,control
1731,2026-02-07,treatment
1732,2026-03-27,control
1733,2026-02-20,treatment
1734,2026-03-25,control
1735,2026-01-24,treatment
1736,2026-01-04,treatment
1737,2026-03-16,treatment
1738,2026-01-01,control
1739,2026-03-18,treatment
1740,2026-02-16,treatment
1741,2026-02-22,control
1742,2026-01-20,control
1743,2026-01-25,control
1744,2026-01-19,treatment
1745,2026-03-08,treatment
1746,2026-02-11,treatment
1747,2026-01-10,treatment
1748,2026-01-05,treatment
1749,2026-03-06,control
1750,2026-03-02,control
1751,2026-01-29,treatment
1752,2026-02-01,control
1753,2026-03-14,treatment
1754,2026-01-07,treatment
1755,2026-03-28,control
1756,2026-03-18,treatment
1757,2026-01-12,control
1758,2026-02-17,treatment
1759,2026-02-20,treatment
1760,2026-03-24,treatment
1761,2026-02-23,control
1762,2026-01-01,control
1763,2026-01-26,control
1764,2026-02-22,control
1765,2026-02-03,control
1766,2026-02-12,control
1767,2026-03-26,treatment
1768,2026-03-26,control
1769,2026-01-25,control
1770,2026-01-16,treatment
1771,2026-03-27,treatment
1772,2026-02-19,treatment
1773,2026-02-23,treatment
1774,2026-01-16,treatment
1775,2026-02-27,treatment
1776,2026-03-19,treatment
1777,2026-01-13,treatment
1778,2026-01-31,control
1779,2026-02-06,control
1780,2026-02-10,control
1781,2026-01-21,control
1782,2026-03-03,treatment
1783,2026-01-20,control
1784,2026-01-25,control
1785,2026-02-19,control
1786,2026-01-11,treatment
1787,2026-03-17,control
1788,2026-02-10,treatment
1789,2026-03-28,treatment
1790,2026-02-03,control
1791,2026-01-02,treatment
1792,2026-02-01,control
1793,2026-02-26,control
1794,2026-01-01,treatment
1795,2026-02-13,treatment
1796,2026-03-12,control
1797,2026-03-22,treatment
1798,2026-03-08,control
1799,2026-01-23,treatment
1800,2026-03-05,treatment
1801,2026-03-12,treatment
1802,2026-02-07,treatment
1803,2026-02-28,control
1804,2026-02-14,treatment
1805,2026-02-06,treatment
1806,2026-03-01,treatment
1807,2026-03-29,control
1808,2026-03-27,control
1809,2026-01-02,control
1810,2026-01-26,control
1811,2026-03-16,control
1812,2026-03-09,control
1813,2026-03-08,treatment
1814,2026-02-25,control
1815,2026-02-08,treatment
1816,2026-02-27,treatment
1817,2026-03-16,treatment
1818,2026-01-09,control
1819,2026-01-02,control
1820,2026-03-10,treatment
1821,2026-01-06,treatment
1822,2026-02-06,control
1823,2026-01-12,treatment
1824,2026-01-30,treatment
1825,2026-01-17,treatment
1826,2026-02-08,control
1827,2026-01-02,treatment
1828,2026-03-20,control
1829,2026-03-05,treatment
1830,2026-02-28,control
1831,2026-03-11,control
1832,2026-01-01,treatment
1833,2026-02-18,control
1834,2026-01-22,control
1835,2026-03-19,control
1836,2026-03-04,control
1837,2026-01-08,control
1838,2026-03-20,control
1839,2026-02-23,treatment
1840,2026-02-18,treatment
1841,2026-01-12,control
1842,2026-02-23,treatment
1843,2026-02-03,control
1844,2026-01-26,treatment
1845,2026-01-20,control
1846,2026-01-13,treatment
1847,2026-03-17,control
1848,2026-02-09,treatment
1849,2026-01-24,control
1850,2026-02-18,treatment
1851,2026-01-31,control
1852,2026-02-20,treatment
1853,2026-01-04,treatment
1854,2026-01-18,treatment
1855,2026-02-28,treatment
1856,2026-01-07,treatment
1857,2026-03-29,control
1858,2026-01-31,control
1859,2026-02-21,control
1860,2026-03-14,control
1861,2026-02-13,treatment
1862,2026-01-25,treatment
1863,2026-03-19,treatment
1864,2026-03-03,treatment
1865,2026-03-06,treatment
1866,2026-01-24,treatment
1867,2026-01-08,treatment
1868,2026-01-22,control
1869,2026-03-08,treatment
1870,2026-01-20,treatment
1871,2026-03-12,control
1872,2026-02-08,control
1873,2026-01-28,treatment
1874,2026-01-25,treatment
1875,2026-01-07,treatment
1876,2026-02-02,treatment
1877,2026-03-26,control
1878,2026-02-21,control
1879,2026-03-12,treatment
1880,2026-03-16,treatment
1881,2026-03-05,treatment
1882,2026-03-10,treatment
1883,2026-02-08,control
1884,2026-02-09,treatment
1885,2026-02-07,control
1886,2026-01-28,control
1887,2026-01-05,control
1888,2026-03-01,control
1889,2026-02-28,treatment
1890,2026-02-08,control
1891,2026-03-01,control
1892,2026-03-10,treatment
1893,2026-03-23,treatment
1894,2026-03-19,control
1895,2026-01-31,control
1896,2026-01-26,control
1897,2026-02-12,treatment
1898,2026-02-04,control
1899,2026-03-02,control
1900,2026-01-03,control
1901,2026-01-25,treatment
1902,2026-02-08,control
1903,2026-01-09,treatment
1904,2026-02-09,control
1905,2026-01-14,treatment
1906,2026-03-24,control
1907,2026-01-10,control
1908,2026-02-06,control
1909,2026-01-24,treatment
1910,2026-02-08,treatment
1911,2026-03-07,control
1912,2026-01-30,control
1913,2026-03-07,treatment
1914,2026-01-10,treatment
1915,2026-03-30,control
1916,2026-02-24,control
1917,2026-03-24,treatment
1918,2026-01-20,treatment
1919,2026-03-04,treatment
1920,2026-02-16,treatment
1921,2026-01-26,control
1922,2026-03-11,control
1923,2026-02-14,control
1924,2026-03-08,control
1925,2026-01-02,control
1926,2026-01-10,control
1927,2026-03-13,control
1928,2026-02-07,treatment
1929,2026-01-18,control
1930,2026-03-13,control
1931,2026-01-14,treatment
1932,2026-01-01,treatment
1933,2026-02-19,treatment
1934,2026-01-14,treatment
1935,2026-03-05,treatment
1936,2026-02-07,control
1937,2026-03-23,control
1938,2026-02-15,treatment
1939,2026-01-18,control
1940,2026-02-17,control
1941,2026-02-28,control
1942,2026-03-22,control
1943,2026-01-12,control
1944,2026-03-09,control
1945,2026-02-24,treatment
1946,2026-03-27,treatment
1947,2026-02-22,control
1948,2026-03-28,treatment
1949,2026-02-20,control
1950,2026-01-05,treatment
1951,2026-01-11,treatment
1952,2026-01-10,control
1953,2026-02-17,treatment
1954,2026-03-14,treatment
1955,2026-02-21,treatment
1956,2026-03-26,treatment
1957,2026-02-15,treatment
1958,2026-03-03,control
1959,2026-01-19,treatment
1960,2026-01-01,treatment
1961,2026-03-06,treatment
1962,2026-01-09,control
1963,2026-03-28,treatment
1964,2026-03-28,control
1965,2026-01-20,treatment
1966,2026-01-09,control
1967,2026-03-22,treatment
1968,2026-03-23,treatment
1969,2026-02-18,control
1970,2026-02-03,treatment
1971,2026-02-10,control
1972,2026-03-25,treatment
1973,2026-02-19,treatment
1974,2026-01-18,control
1975,2026-03-03,control
1976,2026-03-29,control
1977,2026-01-06,control
1978,2026-02-16,treatment
1979,2026-02-18,treatment
1980,2026-03-11,control
1981,2026-02-20,treatment
1982,2026-01-19,control
1983,2026-02-24,treatment
1984,2026-01-12,control
1985,2026-02-17,treatment
1986,2026-01-21,treatment
1987,2026-03-31,control
1988,2026-03-09,treatment
1989,2026-03-09,treatment
1990,2026-01-01,control
1991,2026-02-08,control
1992,2026-03-04,treatment
1993,2026-02-13,control
1994,2026-01-10,control
1995,2026-02-17,control
1996,2026-03-01,treatment
1997,2026-03-07,control
1998,2026-01-28,control
1999,2026-02-22,treatment
2000,2026-03-23,treatment
2001,2026-03-27,treatment
2002,2026-01-29,control
2003,2026-03-03,treatment
2004,2026-03-23,treatment
2005,2026-01-07,control
2006,2026-02-21,treatment
2007,2026-03-10,control
2008,2026-01-20,control
2009,2026-01-27,control
2010,2026-03-18,treatment
2011,2026-01-16,control
2012,2026-01-28,control
2013,2026-03-16,control
2014,2026-02-24,control
2015,2026-02-27,control
2016,2026-02-18,treatment
2017,2026-02-04,control
2018,2026-03-12,control
2019,2026-01-27,treatment
2020,2026-01-24,control
2021,2026-02-10,treatment
2022,2026-01-12,control
2023,2026-02-26,control
2024,2026-03-24,control
2025,2026-03-06,control
2026,2026-01-29,control
2027,2026-01-09,treatment
2028,2026-02-25,control
2029,2026-02-17,treatment
2030,2026-03-20,treatment
2031,2026-02-13,control
2032,2026-01-08,treatment
2033,2026-03-23,control
2034,2026-01-27,control
2035,2026-03-11,control
2036,2026-01-08,treatment
2037,2026-03-28,treatment
2038,2026-03-24,control
2039,2026-01-07,treatment
2040,2026-03-26,treatment
2041,2026-03-13,control
2042,2026-03-23,treatment
2043,2026-01-21,treatment
2044,2026-02-02,treatment
2045,2026-02-15,treatment
2046,2026-02-13,control
2047,2026-03-07,control
2048,2026-03-24,treatment
2049,2026-03-20,control
2050,2026-03-21,control
2051,2026-01-30,treatment
2052,2026-01-02,control
2053,2026-01-16,control
2054,2026-01-17,treatment
2055,2026-03-12,control
2056,2026-02-06,control
2057,2026-02-03,treatment
2058,2026-03-09,control
2059,2026-01-07,control
2060,2026-02-04,control
2061,2026-02-06,treatment
2062,2026-01-19,control
2063,2026-01-30,treatment
2064,2026-03-16,control
2065,2026-03-03,control
2066,2026-01-31,treatment
2067,2026-03-20,treatment
2068,2026-01-11,treatment
2069,2026-03-21,control
2070,2026-02-27,treatment
2071,2026-01-19,treatment
2072,2026-03-19,control
2073,2026-01-13,control
2074,2026-02-21,treatment
2075,2026-02-23,control
2076,2026-03-31,treatment
2077,2026-01-20,treatment
2078,2026-03-20,control
2079,2026-01-13,control
2080,2026-01-23,control
2081,2026-01-04,control
2082,2026-01-30,control
2083,2026-03-07,treatment
2084,2026-01-18,control
2085,2026-01-07,treatment
2086,2026-02-20,control
2087,2026-01-01,control
2088,2026-02-28,control
2089,2026-03-09,treatment
2090,2026-03-09,control
2091,2026-01-09,control
2092,2026-02-17,treatment
2093,2026-01-29,treatment
2094,2026-01-12,control
2095,2026-01-15,treatment
2096,2026-01-23,control
2097,2026-03-09,control
2098,2026-02-12,control
2099,2026-01-08,control
2100,2026-01-25,control
2101,2026-01-16,treatment
2102,2026-01-05,control
2103,2026-03-20,treatment
2104,2026-03-22,treatment
2105,2026-01-06,treatment
2106,2026-02-16,treatment
2107,2026-03-19,treatment
2108,2026-02-23,treatment
2109,2026-01-31,control
2110,2026-01-10,control
2111,2026-01-09,treatment
2112,2026-03-23,treatment
2113,2026-02-27,control
2114,2026-03-19,treatment
2115,2026-03-29,control
2116,2026-02-05,treatment
2117,2026-03-05,control
2118,2026-01-18,control
2119,2026-03-02,control
2120,2026-03-13,control
2121,2026-02-18,control
2122,2026-02-21,control
2123,2026-02-10,control
2124,2026-03-16,control
2125,2026-02-15,control
2126,2026-02-13,control
2127,2026-02-04,control
2128,2026-03-22,control
2129,2026-01-09,control
2130,2026-03-06,control
2131,2026-02-08,control
2132,2026-02-01,treatment
2133,2026-02-09,treatment
2134,2026-03-09,treatment
2135,2026-02-01,treatment
2136,2026-01-29,treatment
2137,2026-03-31,control
2138,2026-02-08,treatment
2139,2026-03-14,treatment
2140,2026-02-05,treatment
2141,2026-03-29,treatment
2142,2026-02-07,control
2143,2026-02-02,treatment
2144,2026-03-07,treatment
2145,2026-03-15,control
2146,2026-01-23,treatment
2147,2026-03-26,control
2148,2026-01-30,treatment
2149,2026-03-22,treatment
2150,2026-02-16,control
2151,2026-02-21,treatment
2152,2026-01-25,control
2153,2026-01-15,treatment
2154,2026-01-12,treatment
2155,2026-01-11,treatment
2156,2026-03-05,treatment
2157,2026-02-25,control
2158,2026-02-23,control
2159,2026-03-25,control
2160,2026-03-27,control
2161,2026-02-13,control
2162,2026-03-08,control
2163,2026-01-08,control
2164,2026-02-21,control
2165,2026-02-08,treatment
2166,2026-01-24,control
2167,2026-02-04,treatment
2168,2026-01-18,control
2169,2026-02-16,control
2170,2026-02-17,treatment
2171,2026-01-11,control
2172,2026-02-11,control
2173,2026-01-29,treatment
2174,2026-02-06,control
2175,2026-03-22,control
2176,2026-02-09,treatment
2177,2026-02-28,control
2178,2026-01-20,treatment
2179,2026-03-28,control
2180,2026-02-07,treatment
2181,2026-01-29,treatment
2182,2026-01-04,treatment
2183,2026-03-18,treatment
2184,2026-02-20,control
2185,2026-01-13,treatment
2186,2026-02-20,control
2187,2026-01-25,treatment
2188,2026-03-02,treatment
2189,2026-01-16,control
2190,2026-03-06,treatment
2191,2026-01-17,control
2192,2026-03-02,treatment
2193,2026-01-27,treatment
2194,2026-03-14,control
2195,2026-02-17,treatment
2196,2026-01-12,treatment
2197,2026-03-20,control
2198,2026-03-21,treatment
2199,2026-01-30,control
2200,2026-02-04,treatment
2201,2026-01-01,control
2202,2026-03-02,treatment
2203,2026-02-10,treatment
2204,2026-01-11,control
2205,2026-02-28,control
2206,2026-01-21,treatment
2207,2026-01-22,treatment
2208,2026-03-25,control
2209,2026-03-09,control
2210,2026-01-13,control
2211,2026-02-21,treatment
2212,2026-02-11,control
2213,2026-01-13,treatment
2214,2026-01-09,control
2215,2026-03-20,treatment
2216,2026-01-09,control
2217,2026-02-23,control
2218,2026-03-31,treatment
2219,2026-02-04,treatment
2220,2026-02-27,control
2221,2026-02-09,control
2222,2026-02-27,control
2223,2026-01-25,control
2224,2026-01-25,control
2225,2026-02-20,treatment
2226,2026-01-14,control
2227,2026-02-20,treatment
2228,2026-02-25,control
2229,2026-03-30,control
2230,2026-01-23,treatment
2231,2026-01-10,control
2232,2026-01-25,treatment
2233,2026-03-14,control
2234,2026-02-07,treatment
2235,2026-01-15,treatment
2236,2026-01-21,treatment
2237,2026-03-14,control
2238,2026-03-26,control
2239,2026-01-14,control
2240,2026-02-22,treatment
2241,2026-03-30,control
2242,2026-01-07,control
2243,2026-01-15,control
2244,2026-02-13,control
2245,2026-01-07,control
2246,2026-02-20,control
2247,2026-03-03,control
2248,2026-02-02,treatment
2249,2026-03-24,control
2250,2026-03-20,control
2251,2026-03-06,treatment
2252,2026-02-16,treatment
2253,2026-01-10,control
2254,2026-01-22,treatment
2255,2026-03-29,treatment
2256,2026-02-18,treatment
2257,2026-02-08,treatment
2258,2026-03-07,treatment
2259,2026-01-22,control
2260,2026-01-28,control
2261,2026-02-04,treatment
2262,2026-03-20,treatment
2263,2026-02-12,control
2264,2026-01-06,control
2265,2026-02-12,treatment
2266,2026-01-27,control
2267,2026-02-12,treatment
2268,2026-03-25,treatment
2269,2026-01-29,treatment
2270,2026-01-25,treatment
2271,2026-02-12,treatment
2272,2026-01-07,treatment
2273,2026-01-19,treatment
2274,2026-01-05,treatment
2275,2026-03-23,treatment
2276,2026-03-09,control
2277,2026-01-15,treatment
2278,2026-01-31,control
2279,2026-01-10,treatment
2280,2026-03-10,treatment
2281,2026-01-12,control
2282,2026-02-28,control
2283,2026-02-21,control
2284,2026-03-09,treatment
2285,2026-03-18,control
2286,2026-03-24,control
2287,2026-01-30,treatment
2288,2026-03-15,treatment
2289,2026-01-16,control
2290,2026-01-14,control
2291,2026-03-21,treatment
2292,2026-03-23,treatment
2293,2026-03-02,treatment
2294,2026-01-31,control
2295,2026-02-07,control
2296,2026-03-14,control
2297,2026-01-21,treatment
2298,2026-02-16,control
2299,2026-02-05,control
2300,2026-01-16,treatment
2301,2026-02-21,treatment
2302,2026-03-04,treatment
2303,2026-01-21,control
2304,2026-03-02,control
2305,2026-03-24,control
2306,2026-03-23,control
2307,2026-03-24,treatment
2308,2026-02-06,control
2309,2026-03-03,treatment
2310,2026-03-08,treatment
2311,2026-03-29,treatment
2312,2026-02-16,control
2313,2026-03-17,control
2314,2026-02-19,control
2315,2026-03-15,control
2316,2026-01-31,control
2317,2026-01-07,control
2318,2026-02-02,treatment
2319,2026-01-31,control
2320,2026-03-14,treatment
2321,2026-03-04,control
2322,2026-02-27,control
2323,2026-01-18,control
2324,2026-03-03,control
2325,2026-03-03,control
2326,2026-03-25,treatment
2327,2026-01-24,control
2328,2026-03-04,control
2329,2026-01-07,treatment
2330,2026-03-08,control
2331,2026-03-15,treatment
2332,2026-03-11,control
2333,2026-02-10,treatment
2334,2026-02-08,control
2335,2026-01-04,control
2336,2026-02-11,treatment
2337,2026-03-06,treatment
2338,2026-03-30,control
2339,2026-01-10,treatment
2340,2026-02-20,control
2341,2026-01-23,control
2342,2026-02-03,control
2343,2026-03-12,treatment
2344,2026-01-06,control
2345,2026-01-05,treatment
2346,2026-01-20,control
2347,2026-01-23,treatment
2348,2026-03-12,treatment
2349,2026-01-25,control
2350,2026-03-25,control
2351,2026-03-29,control
2352,2026-03-12,treatment
2353,2026-02-13,control
2354,2026-03-13,treatment
2355,2026-01-15,control
2356,2026-03-20,treatment
2357,2026-01-31,control
2358,2026-02-10,treatment
2359,2026-03-22,treatment
2360,2026-01-13,control
2361,2026-01-10,treatment
2362,2026-02-25,control
2363,2026-03-30,control
2364,2026-03-23,treatment
2365,2026-03-30,treatment
2366,2026-02-10,treatment
2367,2026-02-25,control
2368,2026-03-15,control
2369,2026-01-17,control
2370,2026-03-20,treatment
2371,2026-03-17,control
2372,2026-01-08,control
2373,2026-02-13,control
2374,2026-02-08,control
2375,2026-03-13,control
2376,2026-02-10,control
2377,2026-03-25,treatment
2378,2026-02-08,treatment
2379,2026-02-13,control
2380,2026-01-24,treatment
2381,2026-03-18,treatment
2382,2026-02-14,control
2383,2026-02-14,control
2384,2026-03-07,control
2385,2026-03-10,control
2386,2026-03-03,treatment
2387,2026-01-15,treatment
2388,2026-03-25,control
2389,2026-03-16,treatment
2390,2026-03-08,control
2391,2026-02-19,treatment
2392,2026-03-09,treatment
2393,2026-03-05,control
2394,2026-01-27,control
2395,2026-02-12,treatment
2396,2026-01-03,treatment
2397,2026-01-01,control
2398,2026-02-16,control
2399,2026-03-09,control
2400,2026-03-12,treatment
2401,2026-03-16,treatment
2402,2026-02-05,treatment
2403,2026-02-18,treatment
2404,2026-03-15,treatment
2405,2026-01-03,treatment
2406,2026-02-25,control
2407,2026-02-05,treatment
2408,2026-01-30,control
2409,2026-02-21,control
2410,2026-01-31,treatment
2411,2026-02-23,treatment
2412,2026-03-03,treatment
2413,2026-02-15,control
2414,2026-02-21,treatment
2415,2026-02-05,control
2416,2026-01-07,control
2417,2026-01-31,control
2418,2026-02-19,treatment
2419,2026-02-02,control
2420,2026-01-04,treatment
2421,2026-02-15,control
2422,2026-02-19,control
2423,2026-03-20,treatment
2424,2026-03-25,control
2425,2026-02-22,treatment
2426,2026-01-09,treatment
2427,2026-03-13,control
2428,2026-02-13,treatment
2429,2026-02-23,treatment
2430,2026-03-11,treatment
2431,2026-02-27,treatment
2432,2026-02-08,treatment
2433,2026-03-18,treatment
2434,2026-02-02,control
2435,2026-02-28,treatment
2436,2026-02-21,treatment
2437,2026-03-15,treatment
2438,2026-03-18,treatment
2439,2026-01-22,control
2440,2026-03-20,treatment
2441,2026-02-22,treatment
2442,2026-01-25,control
2443,2026-02-25,control
2444,2026-03-29,treatment
2445,2026-02-25,control
2446,2026-01-15,treatment
2447,2026-02-14,control
2448,2026-01-20,control
2449,2026-01-24,treatment
2450,2026-03-05,treatment
2451,2026-01-11,treatment
2452,2026-03-20,treatment
2453,2026-03-23,treatment
2454,2026-01-17,treatment
2455,2026-01-29,treatment
2456,2026-01-30,treatment
2457,2026-01-05,treatment
2458,2026-01-07,control
2459,2026-03-08,control
2460,2026-02-11,treatment
2461,2026-01-21,treatment
2462,2026-02-16,treatment
2463,2026-01-23,control
2464,2026-02-23,treatment
2465,2026-01-16,control
2466,2026-01-17,treatment
2467,2026-03-17,treatment
2468,2026-01-25,treatment
2469,2026-01-26,treatment
2470,2026-03-09,control
2471,2026-02-06,control
2472,2026-01-10,treatment
2473,2026-03-11,treatment
2474,2026-01-01,treatment
2475,2026-02-10,control
2476,2026-02-05,control
2477,2026-03-01,control
2478,2026-02-22,control
2479,2026-02-22,control
2480,2026-03-22,treatment
2481,2026-02-23,treatment
2482,2026-01-04,control
2483,2026-01-06,control
2484,2026-01-31,control
2485,2026-01-02,treatment
2486,2026-03-19,control
2487,2026-03-11,treatment
2488,2026-03-06,treatment
2489,2026-03-03,control
2490,2026-02-26,treatment
2491,2026-02-01,treatment
2492,2026-01-01,control
2493,2026-01-11,control
2494,2026-02-11,treatment
2495,2026-01-23,treatment
2496,2026-03-30,treatment
2497,2026-03-15,treatment
2498,2026-03-02,control
2499,2026-02-06,treatment
2500,2026-03-15,control
2501,2026-02-06,control
2502,2026-02-16,treatment
2503,2026-03-06,treatment
2504,2026-02-02,treatment
2505,2026-02-15,control
2506,2026-01-29,control
2507,2026-01-16,treatment
2508,2026-03-13,treatment
2509,2026-03-30,treatment
2510,2026-02-11,treatment
2511,2026-01-04,control
2512,2026-01-30,control
2513,2026-03-21,control
2514,2026-03-01,control
2515,2026-01-24,control
2516,2026-03-31,treatment
2517,2026-01-12,control
2518,2026-02-08,control
2519,2026-02-14,treatment
2520,2026-01-15,control
2521,2026-01-17,control
2522,2026-02-27,treatment
2523,2026-01-05,control
2524,2026-02-06,treatment
2525,2026-03-05,treatment
2526,2026-02-23,control
2527,2026-02-04,treatment
2528,2026-03-31,treatment
2529,2026-02-13,treatment
2530,2026-02-11,treatment
2531,2026-02-27,treatment
2532,2026-01-28,treatment
2533,2026-02-04,treatment
2534,2026-03-30,control
2535,2026-01-20,treatment
2536,2026-03-02,treatment
2537,2026-03-12,treatment
2538,2026-01-28,control
2539,2026-01-29,control
2540,2026-01-29,treatment
2541,2026-02-09,treatment
2542,2026-02-24,control
2543,2026-03-09,control
2544,2026-02-02,control
2545,2026-02-14,treatment
2546,2026-03-11,control
2547,2026-01-01,treatment
2548,2026-01-18,control
2549,2026-01-11,control
2550,2026-01-18,control
2551,2026-03-19,treatment
2552,2026-01-21,control
2553,2026-03-28,treatment
2554,2026-03-20,treatment
2555,2026-02-03,control
2556,2026-01-09,treatment
2557,2026-01-22,control
2558,2026-02-24,control
2559,2026-02-11,control
2560,2026-03-19,control
2561,2026-02-01,treatment
2562,2026-01-16,treatment
2563,2026-03-02,treatment
2564,2026-03-24,treatment
2565,2026-02-20,treatment
2566,2026-03-06,control
2567,2026-02-22,control
2568,2026-01-21,control
2569,2026-02-19,treatment
2570,2026-03-30,treatment
2571,2026-03-31,control
2572,2026-03-16,treatment
2573,2026-02-16,treatment
2574,2026-01-06,treatment
2575,2026-02-09,treatment
2576,2026-03-16,treatment
2577,2026-03-26,treatment
2578,2026-02-21,treatment
2579,2026-01-03,control
2580,2026-03-22,treatment
2581,2026-03-17,control
2582,2026-02-23,treatment
2583,2026-02-06,control
2584,2026-03-13,control
2585,2026-01-28,control
2586,2026-03-16,control
2587,2026-01-30,control
2588,2026-03-13,control
2589,2026-03-03,control
2590,2026-01-06,control
2591,2026-01-04,treatment
2592,2026-03-01,treatment
2593,2026-02-10,treatment
2594,2026-03-22,control
2595,2026-03-12,control
2596,2026-03-26,treatment
2597,2026-01-18,control
2598,2026-03-11,control
2599,2026-02-09,treatment
2600,2026-01-28,treatment
2601,2026-02-03,control
2602,2026-03-19,treatment
2603,2026-02-18,control
2604,2026-01-03,treatment
2605,2026-02-13,control
2606,2026-03-11,control
2607,2026-03-09,treatment
2608,2026-02-13,control
2609,2026-03-13,treatment
2610,2026-03-21,control
2611,2026-01-06,treatment
2612,2026-02-15,treatment
2613,2026-03-20,control
2614,2026-02-08,treatment
2615,2026-03-31,control
2616,2026-03-18,control
2617,2026-01-18,control
2618,2026-01-30,treatment
2619,2026-02-05,treatment
2620,2026-02-13,treatment
2621,2026-03-04,treatment
2622,2026-03-17,treatment
2623,2026-02-20,control
2624,2026-01-02,treatment
2625,2026-03-18,treatment
2626,2026-02-01,control
2627,2026-02-01,treatment
2628,2026-03-16,control
2629,2026-03-15,control
2630,2026-03-21,control
2631,2026-03-24,control
2632,2026-01-15,control
2633,2026-01-17,treatment
2634,2026-02-10,treatment
2635,2026-03-30,treatment
2636,2026-01-31,control
2637,2026-01-31,control
2638,2026-03-29,control
2639,2026-03-29,treatment
2640,2026-02-20,control
2641,2026-02-23,treatment
2642,2026-02-05,treatment
2643,2026-03-15,treatment
2644,2026-03-20,treatment
2645,2026-01-24,control
2646,2026-03-05,treatment
2647,2026-02-16,treatment
2648,2026-03-06,treatment
2649,2026-02-08,treatment
2650,2026-02-25,treatment
2651,2026-02-27,treatment
2652,2026-02-07,control
2653,2026-01-20,treatment
2654,2026-01-09,treatment
2655,2026-03-29,control
2656,2026-02-27,treatment
2657,2026-02-10,control
2658,2026-02-07,treatment
2659,2026-02-06,control
2660,2026-02-10,control
2661,2026-02-10,treatment
2662,2026-03-25,control
2663,2026-02-10,control
2664,2026-03-06,control
2665,2026-02-14,control
2666,2026-03-12,treatment
2667,2026-01-02,treatment
2668,2026-03-10,control
2669,2026-01-20,treatment
2670,2026-02-08,control
2671,2026-02-26,treatment
2672,2026-02-20,control
2673,2026-01-05,control
2674,2026-02-18,control
2675,2026-01-12,treatment
2676,2026-01-22,treatment
2677,2026-02-11,control
2678,2026-02-26,treatment
2679,2026-02-17,treatment
2680,2026-02-03,control
2681,2026-01-09,treatment
2682,2026-01-05,treatment
2683,2026-02-10,control
2684,2026-03-29,treatment
2685,2026-03-15,control
2686,2026-02-07,treatment
2687,2026-01-19,control
2688,2026-02-01,treatment
2689,2026-02-14,control
2690,2026-02-26,treatment
2691,2026-02-19,treatment
2692,2026-02-10,control
2693,2026-02-27,treatment
2694,2026-03-29,treatment
2695,2026-02-07,treatment
2696,2026-01-05,control
2697,2026-03-18,treatment
2698,2026-03-15,control
2699,2026-02-22,control
2700,2026-01-02,treatment
2701,2026-03-22,treatment
2702,2026-01-17,treatment
2703,2026-03-28,control
2704,2026-01-16,treatment
2705,2026-01-01,treatment
2706,2026-01-31,control
2707,2026-02-14,treatment
2708,2026-03-20,control
2709,2026-01-04,control
2710,2026-01-22,treatment
2711,2026-03-01,treatment
2712,2026-02-16,control
2713,2026-03-18,control
2714,2026-02-13,control
2715,2026-02-26,treatment
2716,2026-01-22,control
2717,2026-02-05,treatment
2718,2026-02-11,treatment
2719,2026-02-24,control
2720,2026-03-17,treatment
2721,2026-01-30,treatment
2722,2026-03-04,treatment
2723,2026-01-19,control
2724,2026-02-05,control
2725,2026-01-08,control
2726,2026-01-25,treatment
2727,2026-03-13,treatment
2728,2026-02-16,control
2729,2026-03-23,control
2730,2026-01-21,treatment
2731,2026-02-08,control
2732,2026-01-15,control
2733,2026-01-26,treatment
2734,2026-01-04,control
2735,2026-01-20,control
2736,2026-01-01,control
2737,2026-03-02,control
2738,2026-03-29,treatment
2739,2026-01-05,treatment
2740,2026-02-02,treatment
2741,2026-03-21,control
2742,2026-01-04,treatment
2743,2026-03-06,control
2744,2026-02-22,treatment
2745,2026-03-16,control
2746,2026-02-12,treatment
2747,2026-01-08,control
2748,2026-02-21,control
2749,2026-03-29,control
2750,2026-02-18,control
2751,2026-01-05,control
2752,2026-01-10,treatment
2753,2026-02-14,treatment
2754,2026-03-09,control
2755,2026-01-19,treatment
2756,2026-02-03,treatment
2757,2026-03-28,treatment
2758,2026-03-31,treatment
2759,2026-03-22,treatment
2760,2026-02-23,treatment
2761,2026-03-22,treatment
2762,2026-02-14,treatment
2763,2026-03-31,control
2764,2026-02-02,control
2765,2026-03-24,control
2766,2026-02-18,treatment
2767,2026-03-25,control
2768,2026-02-12,treatment
2769,2026-03-21,treatment
2770,2026-02-17,treatment
2771,2026-03-15,control
2772,2026-03-29,treatment
2773,2026-01-08,treatment
2774,2026-02-06,control
2775,2026-01-01,treatment
2776,2026-01-26,control
2777,2026-01-05,treatment
2778,2026-02-08,treatment
2779,2026-01-31,control
2780,2026-01-05,control
2781,2026-02-04,control
2782,2026-02-11,control
2783,2026-01-03,treatment
2784,2026-03-24,control
2785,2026-01-28,control
2786,2026-01-19,treatment
2787,2026-01-05,treatment
2788,2026-01-09,treatment
2789,2026-03-04,treatment
2790,2026-01-02,control
2791,2026-01-09,treatment
2792,2026-02-27,control
2793,2026-01-31,treatment
2794,2026-03-10,treatment
2795,2026-03-04,treatment
2796,2026-03-02,treatment
2797,2026-01-07,treatment
2798,2026-02-27,control
2799,2026-03-23,treatment
2800,2026-03-15,treatment
2801,2026-03-26,treatment
2802,2026-03-18,control
2803,2026-03-24,control
2804,2026-01-31,treatment
2805,2026-01-23,control
2806,2026-02-22,control
2807,2026-01-18,control
2808,2026-03-01,treatment
2809,2026-03-31,control
2810,2026-01-31,control
2811,2026-01-31,control
2812,2026-02-27,treatment
2813,2026-02-24,treatment
2814,2026-03-01,control
2815,2026-02-06,control
2816,2026-01-01,treatment
2817,2026-01-22,control
2818,2026-01-08,treatment
2819,2026-01-15,control
2820,2026-03-08,treatment
2821,2026-01-10,control
2822,2026-01-07,treatment
2823,2026-01-19,control
2824,2026-02-15,treatment
2825,2026-01-04,treatment
2826,2026-01-05,treatment
2827,2026-03-22,control
2828,2026-03-16,control
2829,2026-01-20,treatment
2830,2026-02-19,treatment
2831,2026-03-10,control
2832,2026-01-19,control
2833,2026-02-18,control
2834,2026-03-19,treatment
2835,2026-01-05,treatment
2836,2026-01-11,treatment
2837,2026-03-17,treatment
2838,2026-03-23,control
2839,2026-03-02,control
2840,2026-03-29,control
2841,2026-03-08,treatment
2842,2026-03-01,control
2843,2026-01-03,control
2844,2026-03-17,control
2845,2026-01-29,control
2846,2026-03-16,treatment
2847,2026-01-01,control
2848,2026-02-10,control
2849,2026-02-25,treatment
2850,2026-01-11,control
2851,2026-02-03,control
2852,2026-01-08,control
2853,2026-02-12,treatment
2854,2026-01-10,control
2855,2026-01-22,treatment
2856,2026-02-16,treatment
2857,2026-02-10,treatment
2858,2026-01-04,control
2859,2026-03-14,treatment
2860,2026-02-13,control
2861,2026-01-27,control
2862,2026-01-26,treatment
2863,2026-01-10,control
2864,2026-03-20,control
2865,2026-03-10,control
2866,2026-01-09,control
2867,2026-03-21,control
2868,2026-03-03,treatment
2869,2026-03-03,treatment
2870,2026-01-08,control
2871,2026-01-26,treatment
2872,2026-02-17,control
2873,2026-03-02,control
2874,2026-01-31,control
2875,2026-03-14,control
2876,2026-02-19,control
2877,2026-03-17,control
2878,2026-01-07,control
2879,2026-01-26,treatment
2880,2026-02-15,control
2881,2026-03-12,control
2882,2026-02-15,control
2883,2026-01-27,treatment
2884,2026-03-17,control
2885,2026-01-04,treatment
2886,2026-01-06,control
2887,2026-02-02,control
2888,2026-01-12,treatment
2889,2026-01-28,control
2890,2026-03-30,control
2891,2026-02-08,control
2892,2026-02-13,treatment
2893,2026-02-05,treatment
2894,2026-03-05,treatment
2895,2026-02-04,treatment
2896,2026-01-27,control
2897,2026-01-02,treatment
2898,2026-02-26,control
2899,2026-03-13,treatment
2900,2026-02-08,control
2901,2026-01-29,control
2902,2026-03-16,treatment
2903,2026-03-27,control
2904,2026-02-09,treatment
2905,2026-01-19,control
2906,2026-03-02,treatment
2907,2026-02-26,treatment
2908,2026-01-30,control
2909,2026-03-14,treatment
2910,2026-01-19,treatment
2911,2026-01-05,treatment
2912,2026-01-20,control
2913,2026-03-08,treatment
2914,2026-02-20,treatment
2915,2026-03-03,control
2916,2026-02-14,control
2917,2026-01-11,control
2918,2026-03-05,treatment
2919,2026-03-02,control
2920,2026-03-18,treatment
2921,2026-01-12,treatment
2922,2026-01-04,control
2923,2026-01-28,control
2924,2026-03-13,treatment
2925,2026-01-10,control
2926,2026-03-19,treatment
2927,2026-03-27,treatment
2928,2026-03-05,treatment
2929,2026-03-28,control
2930,2026-03-03,treatment
2931,2026-01-08,treatment
2932,2026-03-26,control
2933,2026-03-13,treatment
2934,2026-03-22,treatment
2935,2026-01-11,treatment
2936,2026-02-03,control
2937,2026-01-18,control
2938,2026-02-27,control
2939,2026-02-25,control
2940,2026-02-18,control
2941,2026-01-15,treatment
2942,2026-01-10,control
2943,2026-03-30,treatment
2944,2026-01-21,control
2945,2026-03-28,control
2946,2026-02-15,control
2947,2026-01-02,control
2948,2026-02-10,treatment
2949,2026-03-20,treatment
2950,2026-02-21,treatment
2951,2026-03-27,control
2952,2026-03-13,treatment
2953,2026-03-21,control
2954,2026-03-14,treatment
2955,2026-03-04,treatment
2956,2026-01-25,control
2957,2026-02-26,control
2958,2026-01-24,control
2959,2026-02-27,control
2960,2026-02-25,treatment
2961,2026-03-13,treatment
2962,2026-02-04,treatment
2963,2026-01-27,control
2964,2026-03-28,treatment
2965,2026-01-30,control
2966,2026-02-27,treatment
2967,2026-03-21,control
2968,2026-01-24,control
2969,2026-02-04,treatment
2970,2026-01-10,control
2971,2026-01-16,control
2972,2026-03-07,treatment
2973,2026-01-11,control
2974,2026-01-29,treatment
2975,2026-01-13,treatment
2976,2026-01-18,treatment
2977,2026-03-14,treatment
2978,2026-01-23,treatment
2979,2026-02-14,treatment
2980,2026-03-04,treatment
2981,2026-03-25,treatment
2982,2026-03-01,control
2983,2026-02-06,control
2984,2026-01-10,treatment
2985,2026-02-09,control
2986,2026-03-01,control
2987,2026-01-02,control
2988,2026-02-25,treatment
2989,2026-01-02,control
2990,2026-03-14,treatment
2991,2026-03-28,treatment
2992,2026-01-08,treatment
2993,2026-03-26,control
2994,2026-01-25,treatment
2995,2026-01-07,treatment
2996,2026-03-14,control
2997,2026-01-29,treatment
2998,2026-02-09,control
2999,2026-03-30,treatment
3000,2026-03-23,control
3001,2026-02-18,treatment
3002,2026-03-04,treatment
3003,2026-01-25,control
3004,2026-01-05,treatment
3005,2026-03-05,control
3006,2026-02-10,treatment
3007,2026-03-25,treatment
3008,2026-01-27,control
3009,2026-01-20,control
3010,2026-03-10,treatment
3011,2026-02-17,control
3012,2026-01-14,treatment
3013,2026-02-27,treatment
3014,2026-03-21,treatment
3015,2026-02-26,control
3016,2026-03-07,treatment
3017,2026-01-15,treatment
3018,2026-02-22,control
3019,2026-03-04,control
3020,2026-02-20,control
3021,2026-03-26,control
3022,2026-03-27,treatment
3023,2026-02-18,control
3024,2026-03-19,treatment
3025,2026-01-07,control
3026,2026-03-24,control
3027,2026-01-14,control
3028,2026-03-16,treatment
3029,2026-02-10,treatment
3030,2026-02-01,control
3031,2026-03-17,treatment
3032,2026-01-16,control
3033,2026-02-21,control
3034,2026-01-27,control
3035,2026-01-24,treatment
3036,2026-03-28,treatment
3037,2026-01-15,treatment
3038,2026-03-28,control
3039,2026-01-03,control
3040,2026-01-19,treatment
3041,2026-02-03,control
3042,2026-01-21,treatment
3043,2026-01-24,treatment
3044,2026-03-01,control
3045,2026-01-06,treatment
3046,2026-02-19,treatment
3047,2026-02-06,control
3048,2026-02-20,treatment
3049,2026-02-01,treatment
3050,2026-03-23,control
3051,2026-01-30,treatment
3052,2026-02-20,control
3053,2026-02-09,treatment
3054,2026-02-22,treatment
3055,2026-02-05,treatment
3056,2026-03-01,control
3057,2026-01-19,treatment
3058,2026-02-15,control
3059,2026-03-18,control
3060,2026-02-22,control
3061,2026-01-19,treatment
3062,2026-03-09,control
3063,2026-01-29,control
3064,2026-03-24,treatment
3065,2026-03-16,control
3066,2026-03-25,control
3067,2026-03-17,control
3068,2026-03-02,control
3069,2026-03-01,treatment
3070,2026-01-25,control
3071,2026-02-03,control
3072,2026-03-20,treatment
3073,2026-02-25,treatment
3074,2026-03-04,treatment
3075,2026-01-20,treatment
3076,2026-02-03,treatment
3077,2026-01-23,control
3078,2026-02-26,treatment
3079,2026-02-16,treatment
3080,2026-02-08,control
3081,2026-03-11,control
3082,2026-03-17,control
3083,2026-03-25,treatment
3084,2026-01-31,treatment
3085,2026-02-13,treatment
3086,2026-02-09,control
3087,2026-03-26,control
3088,2026-03-13,control
3089,2026-03-25,treatment
3090,2026-01-19,treatment
3091,2026-02-19,treatment
3092,2026-02-20,treatment
3093,2026-02-08,treatment
3094,2026-02-10,treatment
3095,2026-03-18,control
3096,2026-02-03,control
3097,2026-02-09,control
3098,2026-01-10,control
3099,2026-02-27,control
3100,2026-01-02,control
3101,2026-03-09,treatment
3102,2026-02-25,control
3103,2026-03-28,treatment
3104,2026-02-20,treatment
3105,2026-03-06,treatment
3106,2026-03-26,treatment
3107,2026-01-21,control
3108,2026-01-28,treatment
3109,2026-02-16,control
3110,2026-01-04,treatment
3111,2026-01-22,control
3112,2026-02-11,control
3113,2026-01-23,treatment
3114,2026-01-04,treatment
3115,2026-03-09,control
3116,2026-01-24,treatment
3117,2026-01-02,control
3118,2026-03-02,treatment
3119,2026-01-21,control
3120,2026-02-11,control
3121,2026-03-10,control
3122,2026-01-30,control
3123,2026-02-22,control
3124,2026-03-13,control
3125,2026-03-08,control
3126,2026-01-31,control
3127,2026-02-05,treatment
3128,2026-01-15,control
3129,2026-01-14,treatment
3130,2026-01-26,treatment
3131,2026-03-26,control
3132,2026-03-27,treatment
3133,2026-03-18,control
3134,2026-01-23,control
3135,2026-02-23,treatment
3136,2026-02-02,treatment
3137,2026-01-25,treatment
3138,2026-01-16,control
3139,2026-03-28,treatment
3140,2026-02-28,control
3141,2026-03-05,control
3142,2026-01-25,control
3143,2026-03-30,treatment
3144,2026-01-19,control
3145,2026-01-17,treatment
3146,2026-02-22,treatment
3147,2026-03-26,treatment
3148,2026-03-10,treatment
3149,2026-03-27,treatment
3150,2026-02-23,control
3151,2026-01-23,control
3152,2026-02-14,treatment
3153,2026-02-14,control
3154,2026-03-29,control
3155,2026-01-27,control
3156,2026-01-26,control
3157,2026-02-07,control
3158,2026-02-12,control
3159,2026-02-22,treatment
3160,2026-01-18,control
3161,2026-03-14,treatment
3162,2026-02-15,treatment
3163,2026-02-12,control
3164,2026-02-13,treatment
3165,2026-03-24,treatment
3166,2026-03-11,treatment
3167,2026-02-20,control
3168,2026-02-11,control
3169,2026-01-21,control
3170,2026-01-13,treatment
3171,2026-03-26,treatment
3172,2026-03-27,treatment
3173,2026-01-26,treatment
3174,2026-01-25,treatment
3175,2026-03-19,treatment
3176,2026-01-23,control
3177,2026-03-03,treatment
3178,2026-03-23,control
3179,2026-03-25,control
3180,2026-03-01,treatment
3181,2026-01-11,treatment
3182,2026-03-21,control
3183,2026-01-18,control
3184,2026-01-26,control
3185,2026-01-16,control
3186,2026-01-05,control
3187,2026-01-18,treatment
3188,2026-02-08,treatment
3189,2026-01-02,control
3190,2026-01-23,control
3191,2026-01-14,control
3192,2026-03-07,control
3193,2026-03-03,treatment
3194,2026-01-20,treatment
3195,2026-03-19,treatment
3196,2026-01-08,control
3197,2026-01-15,treatment
3198,2026-02-12,control
3199,2026-03-23,control
3200,2026-01-26,treatment
3201,2026-03-28,treatment
3202,2026-01-23,treatment
3203,2026-02-26,treatment
3204,2026-01-29,treatment
3205,2026-02-23,treatment
3206,2026-01-28,control
3207,2026-01-23,control
3208,2026-02-09,control
3209,2026-01-30,control
3210,2026-02-21,control
3211,2026-02-14,control
3212,2026-02-18,treatment
3213,2026-01-14,treatment
3214,2026-02-23,treatment
3215,2026-03-07,control
3216,2026-01-12,treatment
3217,2026-01-19,control
3218,2026-01-06,control
3219,2026-01-21,control
3220,2026-03-25,control
3221,2026-01-09,control
3222,2026-01-21,treatment
3223,2026-01-13,treatment
3224,2026-03-16,treatment
3225,2026-02-22,control
3226,2026-01-06,treatment
3227,2026-01-22,treatment
3228,2026-03-02,control
3229,2026-03-09,treatment
3230,2026-02-24,control
3231,2026-02-20,control
3232,2026-02-11,control
3233,2026-03-17,treatment
3234,2026-02-03,control
3235,2026-03-28,control
3236,2026-03-19,control
3237,2026-03-25,treatment
3238,2026-03-05,control
3239,2026-02-01,control
3240,2026-02-28,control
3241,2026-02-11,treatment
3242,2026-03-25,treatment
3243,2026-03-23,treatment
3244,2026-01-07,control
3245,2026-03-09,control
3246,2026-03-09,treatment
3247,2026-02-25,control
3248,2026-03-29,treatment
3249,2026-01-08,treatment
3250,2026-03-29,control
3251,2026-01-01,treatment
3252,2026-01-16,treatment
3253,2026-02-28,control
3254,2026-03-14,control
3255,2026-03-23,control
3256,2026-01-06,treatment
3257,2026-03-16,control
3258,2026-03-04,control
3259,2026-02-06,treatment
3260,2026-02-27,control
3261,2026-02-05,control
3262,2026-02-11,treatment
3263,2026-01-19,control
3264,2026-02-01,control
3265,2026-03-01,control
3266,2026-01-22,control
3267,2026-03-13,control
3268,2026-02-01,treatment
3269,2026-03-25,treatment
3270,2026-01-09,control
3271,2026-02-01,treatment
3272,2026-01-28,treatment
3273,2026-02-21,treatment
3274,2026-02-15,treatment
3275,2026-01-06,treatment
3276,2026-02-16,treatment
3277,2026-02-17,control
3278,2026-02-21,treatment
3279,2026-02-18,control
3280,2026-03-07,control
3281,2026-03-06,treatment
3282,2026-01-11,control
3283,2026-02-27,control
3284,2026-03-18,control
3285,2026-02-11,control
3286,2026-02-02,treatment
3287,2026-02-16,treatment
3288,2026-01-18,control
3289,2026-02-10,control
3290,2026-01-17,control
3291,2026-02-02,control
3292,2026-03-14,treatment
3293,2026-03-24,treatment
3294,2026-02-13,control
3295,2026-03-26,control
3296,2026-01-24,treatment
3297,2026-01-23,treatment
3298,2026-03-25,control
3299,2026-02-25,control
3300,2026-02-22,control
3301,2026-02-02,treatment
3302,2026-02-27,control
3303,2026-03-26,control
3304,2026-01-23,treatment
3305,2026-03-10,treatment
3306,2026-02-05,control
3307,2026-02-01,control
3308,2026-01-28,control
3309,2026-03-19,treatment
3310,2026-01-23,control
3311,2026-02-08,treatment
3312,2026-03-22,treatment
3313,2026-02-13,treatment
3314,2026-01-12,treatment
3315,2026-03-29,control
3316,2026-01-09,control
3317,2026-03-22,treatment
3318,2026-02-04,control
3319,2026-02-28,control
3320,2026-03-01,control
3321,2026-01-25,control
3322,2026-01-29,control
3323,2026-01-13,treatment
3324,2026-01-19,treatment
3325,2026-01-05,treatment
3326,2026-01-05,treatment
3327,2026-02-07,control
3328,2026-03-16,treatment
3329,2026-02-05,treatment
3330,2026-03-08,control
3331,2026-01-30,treatment
3332,2026-02-28,control
3333,2026-02-16,control
3334,2026-03-07,control
3335,2026-03-03,control
3336,2026-03-17,control
3337,2026-02-19,treatment
3338,2026-01-24,treatment
3339,2026-01-08,control
3340,2026-03-13,treatment
3341,2026-01-19,control
3342,2026-01-10,treatment
3343,2026-02-08,control
3344,2026-03-25,control
3345,2026-01-29,treatment
3346,2026-02-20,treatment
3347,2026-02-11,treatment
3348,2026-03-10,treatment
3349,2026-03-15,treatment
3350,2026-02-13,control
3351,2026-02-09,control
3352,2026-02-06,control
3353,2026-03-05,control
3354,2026-03-05,control
3355,2026-01-24,control
3356,2026-01-30,control
3357,2026-03-06,treatment
3358,2026-02-23,control
3359,2026-03-07,treatment
3360,2026-01-01,treatment
3361,2026-03-21,control
3362,2026-03-17,control
3363,2026-03-22,treatment
3364,2026-01-16,treatment
3365,2026-02-20,control
3366,2026-02-25,control
3367,2026-01-27,treatment
3368,2026-03-18,treatment
3369,2026-01-06,control
3370,2026-03-03,control
3371,2026-02-21,treatment
3372,2026-02-12,control
3373,2026-03-11,treatment
3374,2026-02-15,control
3375,2026-01-07,treatment
3376,2026-02-09,control
3377,2026-03-26,control
3378,2026-01-04,treatment
3379,2026-01-06,control
3380,2026-03-11,treatment
3381,2026-01-10,control
3382,2026-03-28,treatment
3383,2026-02-18,treatment
3384,2026-03-06,treatment
3385,2026-03-04,control
3386,2026-03-22,treatment
3387,2026-03-31,treatment
3388,2026-03-20,treatment
3389,2026-03-02,control
3390,2026-02-01,control
3391,2026-01-30,control
3392,2026-02-02,treatment
3393,2026-03-29,treatment
3394,2026-02-11,control
3395,2026-01-04,treatment
3396,2026-01-09,treatment
3397,2026-02-20,control
3398,2026-01-05,control
3399,2026-03-03,treatment
3400,2026-01-01,treatment
3401,2026-03-02,control
3402,2026-02-17,treatment
3403,2026-03-02,treatment
3404,2026-02-18,treatment
3405,2026-02-05,treatment
3406,2026-01-07,treatment
3407,2026-02-23,treatment
3408,2026-01-16,control
3409,2026-03-21,treatment
3410,2026-03-08,control
3411,2026-03-27,treatment
3412,2026-02-17,control
3413,2026-03-24,treatment
3414,2026-03-12,control
3415,2026-03-16,control
3416,2026-01-19,control
3417,2026-03-12,treatment
3418,2026-02-21,treatment
3419,2026-03-12,control
3420,2026-01-22,treatment
3421,2026-01-24,treatment
3422,2026-03-28,control
3423,2026-02-06,treatment
3424,2026-03-25,control
3425,2026-01-21,control
3426,2026-01-30,treatment
3427,2026-02-07,control
3428,2026-01-14,treatment
3429,2026-02-07,treatment
3430,2026-01-14,treatment
3431,2026-01-14,treatment
3432,2026-01-16,treatment
3433,2026-02-02,treatment
3434,2026-02-26,control
3435,2026-02-04,control
3436,2026-01-17,treatment
3437,2026-03-27,control
3438,2026-01-17,control
3439,2026-02-27,control
3440,2026-02-06,treatment
3441,2026-01-06,control
3442,2026-03-13,control
3443,2026-01-10,control
3444,2026-01-13,control
3445,2026-01-05,treatment
3446,2026-01-15,control
3447,2026-01-29,treatment
3448,2026-01-07,treatment
3449,2026-01-17,control
3450,2026-01-06,treatment
3451,2026-01-20,treatment
3452,2026-01-15,treatment
3453,2026-01-26,control
3454,2026-03-13,control
3455,2026-01-11,treatment
3456,2026-03-30,treatment
3457,2026-02-16,treatment
3458,2026-01-19,treatment
3459,2026-01-15,control
3460,2026-01-17,treatment
3461,2026-03-10,control
3462,2026-01-15,treatment
3463,2026-02-19,control
3464,2026-01-04,control
3465,2026-02-09,treatment
3466,2026-03-17,treatment
3467,2026-03-14,treatment
3468,2026-02-15,control
3469,2026-01-24,control
3470,2026-01-30,treatment
3471,2026-01-30,control
3472,2026-01-19,control
3473,2026-03-01,treatment
3474,2026-01-16,control
3475,2026-03-28,treatment
3476,2026-01-10,control
3477,2026-02-26,treatment
3478,2026-03-01,treatment
3479,2026-03-01,treatment
3480,2026-03-01,treatment
3481,2026-02-10,control
3482,2026-01-12,treatment
3483,2026-02-25,treatment
3484,2026-01-20,treatment
3485,2026-01-19,treatment
3486,2026-03-15,treatment
3487,2026-01-13,treatment
3488,2026-02-18,treatment
3489,2026-02-02,control
3490,2026-01-16,control
3491,2026-03-27,treatment
3492,2026-02-28,control
3493,2026-02-13,treatment
3494,2026-03-17,treatment
3495,2026-01-31,control
3496,2026-01-30,treatment
3497,2026-01-04,treatment
3498,2026-03-10,treatment
3499,2026-03-29,control
3500,2026-03-17,treatment
3501,2026-01-02,control
3502,2026-02-01,treatment
3503,2026-03-28,control
3504,2026-03-25,treatment
3505,2026-01-19,treatment
3506,2026-02-06,treatment
3507,2026-02-19,control
3508,2026-01-10,treatment
3509,2026-02-05,treatment
3510,2026-03-10,control
3511,2026-03-09,treatment
3512,2026-01-16,treatment
3513,2026-02-16,treatment
3514,2026-01-19,treatment
3515,2026-03-08,treatment
3516,2026-02-28,treatment
3517,2026-03-04,treatment
3518,2026-02-15,control
3519,2026-02-03,treatment
3520,2026-01-08,treatment
3521,2026-03-09,treatment
3522,2026-03-14,treatment
3523,2026-02-08,control
3524,2026-01-02,control
3525,2026-02-19,treatment
3526,2026-01-18,control
3527,2026-03-25,control
3528,2026-02-26,control
3529,2026-03-30,treatment
3530,2026-03-11,control
3531,2026-03-21,control
3532,2026-02-11,control
3533,2026-03-26,control
3534,2026-02-10,control
3535,2026-02-05,treatment
3536,2026-03-26,treatment
3537,2026-02-02,control
3538,2026-01-28,treatment
3539,2026-02-16,control
3540,2026-02-19,control
3541,2026-02-18,treatment
3542,2026-02-28,treatment
3543,2026-02-11,treatment
3544,2026-03-25,control
3545,2026-03-22,control
3546,2026-03-10,control
3547,2026-02-02,control
3548,2026-01-11,treatment
3549,2026-01-01,control
3550,2026-03-10,treatment
3551,2026-01-15,treatment
3552,2026-02-25,treatment
3553,2026-02-09,control
3554,2026-03-11,treatment
3555,2026-03-18,control
3556,2026-01-09,treatment
3557,2026-02-13,control
3558,2026-03-24,treatment
3559,2026-02-04,treatment
3560,2026-03-13,treatment
3561,2026-03-08,treatment
3562,2026-03-18,treatment
3563,2026-01-07,treatment
3564,2026-03-21,control
3565,2026-01-02,treatment
3566,2026-01-09,treatment
3567,2026-01-17,treatment
3568,2026-03-13,control
3569,2026-01-14,treatment
3570,2026-03-05,control
3571,2026-01-27,treatment
3572,2026-03-03,control
3573,2026-03-04,control
3574,2026-02-04,control
3575,2026-03-28,control
3576,2026-01-24,control
3577,2026-01-08,treatment
3578,2026-02-24,control
3579,2026-01-05,treatment
3580,2026-01-26,control
3581,2026-02-16,treatment
3582,2026-03-24,treatment
3583,2026-03-05,control
3584,2026-02-24,treatment
3585,2026-02-17,treatment
3586,2026-02-02,treatment
3587,2026-03-16,control
3588,2026-01-02,control
3589,2026-01-15,treatment
3590,2026-01-15,control
3591,2026-02-26,treatment
3592,2026-01-27,control
3593,2026-01-06,treatment
3594,2026-01-15,control
3595,2026-03-01,control
3596,2026-02-19,treatment
3597,2026-02-18,treatment
3598,2026-03-06,treatment
3599,2026-02-16,treatment
3600,2026-03-21,control
3601,2026-02-21,control
3602,2026-02-28,control
3603,2026-01-29,treatment
3604,2026-02-22,control
3605,2026-01-17,treatment
3606,2026-01-22,control
3607,2026-03-28,control
3608,2026-03-20,control
3609,2026-02-06,control
3610,2026-01-29,control
3611,2026-02-25,treatment
3612,2026-03-05,control
3613,2026-01-03,treatment
3614,2026-03-09,treatment
3615,2026-01-04,treatment
3616,2026-01-05,treatment
3617,2026-02-12,control
3618,2026-02-28,control
3619,2026-01-31,control
3620,2026-03-25,treatment
3621,2026-02-07,treatment
3622,2026-03-04,control
3623,2026-02-16,control
3624,2026-02-12,treatment
3625,2026-01-27,treatment
3626,2026-02-06,treatment
3627,2026-02-03,treatment
3628,2026-01-14,treatment
3629,2026-03-09,treatment
3630,2026-01-21,control
3631,2026-01-01,control
3632,2026-03-22,treatment
3633,2026-03-04,treatment
3634,2026-02-05,control
3635,2026-03-08,treatment
3636,2026-01-15,control
3637,2026-02-02,treatment
3638,2026-02-05,control
3639,2026-02-12,treatment
3640,2026-02-09,treatment
3641,2026-02-08,control
3642,2026-01-31,control
3643,2026-02-05,treatment
3644,2026-01-02,control
3645,2026-01-02,control
3646,2026-02-03,treatment
3647,2026-03-02,control
3648,2026-03-22,control
3649,2026-03-23,control
3650,2026-01-25,treatment
3651,2026-02-19,control
3652,2026-02-02,control
3653,2026-01-06,control
3654,2026-03-06,control
3655,2026-01-05,control
3656,2026-01-15,control
3657,2026-03-19,control
3658,2026-03-17,control
3659,2026-02-23,treatment
3660,2026-02-19,control
3661,2026-03-08,control
3662,2026-02-18,treatment
3663,2026-03-08,treatment
3664,2026-01-12,treatment
3665,2026-03-30,control
3666,2026-01-07,control
3667,2026-03-08,control
3668,2026-03-18,control
3669,2026-01-03,control
3670,2026-01-20,treatment
3671,2026-01-25,control
3672,2026-02-09,treatment
3673,2026-01-16,control
3674,2026-02-15,control
3675,2026-03-28,treatment
3676,2026-01-03,treatment
3677,2026-03-21,control
3678,2026-03-05,treatment
3679,2026-02-09,control
3680,2026-02-18,control
3681,2026-01-14,treatment
3682,2026-03-23,control
3683,2026-01-05,control
3684,2026-01-12,control
3685,2026-03-05,control
3686,2026-01-16,control
3687,2026-01-08,control
3688,2026-01-24,treatment
3689,2026-02-21,treatment
3690,2026-01-28,control
3691,2026-03-17,control
3692,2026-03-26,treatment
3693,2026-02-07,control
3694,2026-02-21,treatment
3695,2026-02-23,treatment
3696,2026-01-25,control
3697,2026-02-13,control
3698,2026-01-20,control
3699,2026-03-28,control
3700,2026-02-16,control
3701,2026-02-07,treatment
3702,2026-01-19,control
3703,2026-01-14,treatment
3704,2026-01-08,treatment
3705,2026-01-28,control
3706,2026-02-26,control
3707,2026-03-26,control
3708,2026-03-02,treatment
3709,2026-01-15,control
3710,2026-01-07,treatment
3711,2026-02-16,treatment
3712,2026-02-15,treatment
3713,2026-01-07,treatment
3714,2026-02-21,treatment
3715,2026-01-10,treatment
3716,2026-02-27,treatment
3717,2026-03-30,treatment
3718,2026-01-01,treatment
3719,2026-01-25,treatment
3720,2026-03-13,control
3721,2026-03-07,treatment
3722,2026-02-17,treatment
3723,2026-03-26,treatment
3724,2026-02-07,control
3725,2026-03-01,treatment
3726,2026-02-09,treatment
3727,2026-03-29,treatment
3728,2026-02-10,control
3729,2026-01-11,treatment
3730,2026-03-18,treatment
3731,2026-02-06,treatment
3732,2026-03-03,treatment
3733,2026-02-06,treatment
3734,2026-01-26,treatment
3735,2026-01-23,control
3736,2026-01-02,treatment
3737,2026-01-09,control
3738,2026-02-03,treatment
3739,2026-03-11,treatment
3740,2026-01-18,control
3741,2026-03-04,control
3742,2026-02-24,control
3743,2026-03-03,treatment
3744,2026-02-27,treatment
3745,2026-03-18,control
3746,2026-01-30,treatment
3747,2026-03-02,control
3748,2026-03-19,treatment
3749,2026-03-01,control
3750,2026-03-30,control
3751,2026-03-16,control
3752,2026-02-12,treatment
3753,2026-03-11,control
3754,2026-02-12,treatment
3755,2026-03-23,control
3756,2026-01-08,control
3757,2026-03-31,control
3758,2026-03-21,control
3759,2026-01-27,treatment
3760,2026-01-13,control
3761,2026-02-22,treatment
3762,2026-02-26,control
3763,2026-02-03,control
3764,2026-02-28,control
3765,2026-02-18,control
3766,2026-02-01,treatment
3767,2026-02-13,treatment
3768,2026-01-09,control
3769,2026-02-18,treatment
3770,2026-02-28,treatment
3771,2026-03-28,treatment
3772,2026-01-31,treatment
3773,2026-01-08,treatment
3774,2026-01-14,treatment
3775,2026-03-21,treatment
3776,2026-03-24,control
3777,2026-03-12,treatment
3778,2026-02-13,control
3779,2026-03-30,treatment
3780,2026-03-05,treatment
3781,2026-01-21,control
3782,2026-01-28,treatment
3783,2026-03-27,treatment
3784,2026-01-14,control
3785,2026-03-06,treatment
3786,2026-01-04,treatment
3787,2026-03-04,treatment
3788,2026-02-01,control
3789,2026-01-02,control
3790,2026-01-05,treatment
3791,2026-01-17,control
3792,2026-03-31,control
3793,2026-03-29,control
3794,2026-01-21,control
3795,2026-01-28,treatment
3796,2026-01-12,treatment
3797,2026-02-15,treatment
3798,2026-03-15,treatment
3799,2026-02-17,control
3800,2026-03-13,control
3801,2026-03-29,control
3802,2026-03-31,control
3803,2026-01-30,control
3804,2026-01-22,control
3805,2026-02-13,control
3806,2026-01-05,control
3807,2026-02-10,treatment
3808,2026-03-07,treatment
3809,2026-01-18,treatment
3810,2026-03-14,treatment
3811,2026-03-18,treatment
3812,2026-02-01,control
3813,2026-01-28,treatment
3814,2026-03-26,control
3815,2026-03-15,control
3816,2026-03-11,control
3817,2026-01-31,control
3818,2026-02-06,control
3819,2026-03-04,treatment
3820,2026-03-06,treatment
3821,2026-01-22,treatment
3822,2026-01-01,treatment
3823,2026-01-06,treatment
3824,2026-01-31,control
3825,2026-02-11,treatment
3826,2026-01-16,treatment
3827,2026-01-03,control
3828,2026-01-28,control
3829,2026-03-20,treatment
3830,2026-01-19,treatment
3831,2026-03-01,control
3832,2026-03-06,treatment
3833,2026-02-25,control
3834,2026-03-16,control
3835,2026-01-26,control
3836,2026-01-17,control
3837,2026-01-15,treatment
3838,2026-02-07,control
3839,2026-02-17,treatment
3840,2026-02-23,control
3841,2026-03-21,treatment
3842,2026-01-14,treatment
3843,2026-02-24,treatment
3844,2026-02-02,treatment
3845,2026-03-04,treatment
3846,2026-01-18,treatment
3847,2026-01-02,treatment
3848,2026-02-20,treatment
3849,2026-01-28,control
3850,2026-03-23,control
3851,2026-03-07,control
3852,2026-02-11,control
3853,2026-02-04,control
3854,2026-03-02,control
3855,2026-02-11,treatment
3856,2026-03-06,control
3857,2026-03-07,treatment
3858,2026-03-31,control
3859,2026-01-29,treatment
3860,2026-02-26,control
3861,2026-02-14,control
3862,2026-01-17,control
3863,2026-01-21,treatment
3864,2026-01-01,control
3865,2026-01-27,treatment
3866,2026-01-13,control
3867,2026-01-17,treatment
3868,2026-01-12,control
3869,2026-01-01,treatment
3870,2026-02-17,control
3871,2026-03-25,control
3872,2026-02-09,control
3873,2026-02-15,control
3874,2026-02-25,control
3875,2026-02-22,treatment
3876,2026-01-07,control
3877,2026-02-10,control
3878,2026-03-15,treatment
3879,2026-01-20,control
3880,2026-01-10,control
3881,2026-02-27,treatment
3882,2026-03-03,treatment
3883,2026-03-07,treatment
3884,2026-03-04,control
3885,2026-01-27,treatment
3886,2026-02-21,control
3887,2026-03-18,treatment
3888,2026-01-16,treatment
3889,2026-03-04,treatment
3890,2026-02-25,control
3891,2026-01-25,control
3892,2026-03-25,treatment
3893,2026-01-15,treatment
3894,2026-03-14,treatment
3895,2026-02-21,treatment
3896,2026-01-12,treatment
3897,2026-02-09,control
3898,2026-01-30,control
3899,2026-02-07,control
3900,2026-03-13,control
3901,2026-02-27,control
3902,2026-01-18,treatment
3903,2026-03-08,treatment
3904,2026-03-06,treatment
3905,2026-01-09,control
3906,2026-03-24,treatment
3907,2026-01-01,treatment
3908,2026-01-26,treatment
3909,2026-01-27,treatment
3910,2026-01-09,treatment
3911,2026-03-01,treatment
3912,2026-02-11,control
3913,2026-03-15,treatment
3914,2026-01-29,control
3915,2026-03-18,control
3916,2026-02-15,control
3917,2026-01-01,treatment
3918,2026-01-28,treatment
3919,2026-02-02,treatment
3920,2026-02-15,control
3921,2026-03-05,control
3922,2026-01-15,treatment
3923,2026-03-14,control
3924,2026-01-16,treatment
3925,2026-03-31,control
3926,2026-02-04,treatment
3927,2026-03-26,treatment
3928,2026-01-09,treatment
3929,2026-01-19,control
3930,2026-03-30,treatment
3931,2026-01-16,treatment
3932,2026-01-30,treatment
3933,2026-02-20,treatment
3934,2026-01-18,control
3935,2026-02-01,control
3936,2026-03-05,control
3937,2026-02-13,control
3938,2026-02-07,treatment
3939,2026-03-02,control
3940,2026-03-28,control
3941,2026-03-17,control
3942,2026-01-05,control
3943,2026-02-26,control
3944,2026-02-13,treatment
3945,2026-02-08,control
3946,2026-01-22,treatment
3947,2026-01-25,control
3948,2026-03-05,control
3949,2026-03-29,treatment
3950,2026-02-19,control
3951,2026-01-19,control
3952,2026-01-22,treatment
3953,2026-01-18,treatment
3954,2026-02-17,treatment
3955,2026-03-05,control
3956,2026-03-12,treatment
3957,2026-02-28,treatment
3958,2026-03-29,treatment
3959,2026-03-22,control
3960,2026-01-21,control
3961,2026-03-24,control
3962,2026-01-05,control
3963,2026-03-09,treatment
3964,2026-02-20,control
3965,2026-01-03,control
3966,2026-01-28,control
3967,2026-03-20,control
3968,2026-03-09,control
3969,2026-02-20,control
3970,2026-03-11,control
3971,2026-01-18,treatment
3972,2026-01-18,control
3973,2026-02-25,treatment
3974,2026-02-10,control
3975,2026-01-21,control
3976,2026-01-03,control
3977,2026-02-09,control
3978,2026-03-07,control
3979,2026-02-04,control
3980,2026-02-19,treatment
3981,2026-01-18,control
3982,2026-03-30,control
3983,2026-03-14,treatment
3984,2026-01-31,control
3985,2026-02-13,control
3986,2026-03-01,control
3987,2026-01-14,control
3988,2026-02-21,control
3989,2026-01-22,treatment
3990,2026-02-19,treatment
3991,2026-02-14,treatment
3992,2026-02-08,control
3993,2026-02-27,control
3994,2026-02-03,control
3995,2026-03-11,control
3996,2026-01-21,control
3997,2026-01-05,control
3998,2026-03-04,control
3999,2026-02-23,control
4000,2026-03-05,control
4001,2026-02-05,treatment
4002,2026-03-02,control
4003,2026-01-05,treatment
4004,2026-03-30,control
4005,2026-03-21,treatment
4006,2026-01-30,control
4007,2026-01-28,control
4008,2026-01-15,control
4009,2026-03-29,control
4010,2026-01-06,treatment
4011,2026-03-16,control
4012,2026-01-12,control
4013,2026-03-29,treatment
4014,2026-01-24,control
4015,2026-02-09,treatment
4016,2026-01-06,treatment
4017,2026-01-27,control
4018,2026-03-26,control
4019,2026-02-23,control
4020,2026-01-30,treatment
4021,2026-03-22,control
4022,2026-03-25,control
4023,2026-02-06,control
4024,2026-02-03,treatment
4025,2026-03-17,treatment
4026,2026-02-18,treatment
4027,2026-01-26,treatment
4028,2026-02-23,treatment
4029,2026-02-02,control
4030,2026-02-05,treatment
4031,2026-03-01,treatment
4032,2026-02-02,control
4033,2026-02-17,treatment
4034,2026-03-01,treatment
4035,2026-03-23,control
4036,2026-03-23,control
4037,2026-03-21,control
4038,2026-03-09,treatment
4039,2026-02-11,control
4040,2026-02-09,treatment
4041,2026-01-07,control
4042,2026-03-12,treatment
4043,2026-03-26,control
4044,2026-02-26,treatment
4045,2026-03-25,control
4046,2026-02-16,control
4047,2026-01-11,control
4048,2026-03-21,control
4049,2026-02-06,control
4050,2026-02-15,treatment
4051,2026-02-25,treatment
4052,2026-02-09,treatment
4053,2026-02-09,treatment
4054,2026-03-02,control
4055,2026-01-29,treatment
4056,2026-02-09,treatment
4057,2026-01-14,control
4058,2026-01-26,treatment
4059,2026-03-07,control
4060,2026-02-16,treatment
4061,2026-02-02,treatment
4062,2026-03-26,treatment
4063,2026-01-19,control
4064,2026-02-15,treatment
4065,2026-01-07,control
4066,2026-03-31,treatment
4067,2026-03-17,control
4068,2026-03-15,treatment
4069,2026-01-25,treatment
4070,2026-02-13,control
4071,2026-02-10,control
4072,2026-01-31,treatment
4073,2026-01-03,control
4074,2026-02-28,control
4075,2026-01-02,control
4076,2026-03-27,control
4077,2026-01-14,treatment
4078,2026-02-07,treatment
4079,2026-01-28,control
4080,2026-01-20,control
4081,2026-03-30,control
4082,2026-01-12,control
4083,2026-03-14,treatment
4084,2026-02-16,control
4085,2026-03-02,treatment
4086,2026-02-09,treatment
4087,2026-01-01,treatment
4088,2026-02-16,treatment
4089,2026-01-03,control
4090,2026-02-13,control
4091,2026-02-22,control
4092,2026-02-21,treatment
4093,2026-03-05,treatment
4094,2026-01-29,control
4095,2026-03-30,control
4096,2026-02-12,control
4097,2026-03-04,treatment
4098,2026-02-08,treatment
4099,2026-02-02,treatment
4100,2026-02-17,treatment
4101,2026-03-17,control
4102,2026-02-10,treatment
4103,2026-01-07,treatment
4104,2026-02-28,control
4105,2026-02-01,treatment
4106,2026-03-05,control
4107,2026-03-16,treatment
4108,2026-02-06,treatment
4109,2026-03-25,treatment
4110,2026-03-07,treatment
4111,2026-03-02,control
4112,2026-03-24,treatment
4113,2026-03-21,treatment
4114,2026-03-11,treatment
4115,2026-03-30,treatment
4116,2026-03-11,control
4117,2026-03-18,treatment
4118,2026-03-07,treatment
4119,2026-02-11,control
4120,2026-02-05,control
4121,2026-03-14,treatment
4122,2026-03-27,treatment
4123,2026-02-22,treatment
4124,2026-01-18,control
4125,2026-03-14,treatment
4126,2026-01-27,control
4127,2026-03-08,treatment
4128,2026-01-19,control
4129,2026-03-19,treatment
4130,2026-02-13,treatment
4131,2026-02-03,treatment
4132,2026-03-09,treatment
4133,2026-03-05,control
4134,2026-01-24,treatment
4135,2026-01-07,treatment
4136,2026-03-28,control
4137,2026-03-29,treatment
4138,2026-03-01,treatment
4139,2026-01-10,treatment
4140,2026-03-26,treatment
4141,2026-02-11,control
4142,2026-02-24,treatment
4143,2026-03-02,control
4144,2026-02-22,control
4145,2026-01-21,control
4146,2026-03-28,control
4147,2026-02-17,control
4148,2026-03-27,treatment
4149,2026-01-13,control
4150,2026-03-04,control
4151,2026-01-17,control
4152,2026-01-11,treatment
4153,2026-03-21,control
4154,2026-01-11,control
4155,2026-01-04,treatment
4156,2026-01-04,control
4157,2026-02-02,treatment
4158,2026-01-14,control
4159,2026-01-07,control
4160,2026-02-19,control
4161,2026-01-19,treatment
4162,2026-02-10,control
4163,2026-01-10,treatment
4164,2026-03-04,control
4165,2026-02-07,treatment
4166,2026-03-22,control
4167,2026-03-14,control
4168,2026-02-03,control
4169,2026-01-30,treatment
4170,2026-03-20,control
4171,2026-02-02,treatment
4172,2026-03-22,treatment
4173,2026-01-09,treatment
4174,2026-03-03,control
4175,2026-02-10,treatment
4176,2026-03-17,treatment
4177,2026-01-08,treatment
4178,2026-03-25,treatment
4179,2026-03-31,treatment
4180,2026-02-11,treatment
4181,2026-03-01,treatment
4182,2026-02-15,control
4183,2026-02-24,treatment
4184,2026-02-16,control
4185,2026-03-01,treatment
4186,2026-02-11,treatment
4187,2026-03-31,control
4188,2026-03-27,control
4189,2026-03-13,control
4190,2026-01-09,control
4191,2026-01-21,control
4192,2026-02-02,treatment
4193,2026-01-12,treatment
4194,2026-03-23,treatment
4195,2026-01-25,control
4196,2026-03-11,treatment
4197,2026-03-23,control
4198,2026-01-26,treatment
4199,2026-03-07,control
4200,2026-03-01,control
4201,2026-02-27,control
4202,2026-01-01,treatment
4203,2026-02-19,control
4204,2026-02-17,treatment
4205,2026-01-01,treatment
4206,2026-03-24,treatment
4207,2026-03-10,control
4208,2026-02-25,control
4209,2026-02-02,control
4210,2026-03-23,control
4211,2026-02-08,treatment
4212,2026-01-07,control
4213,2026-03-31,control
4214,2026-02-18,control
4215,2026-02-23,treatment
4216,2026-03-03,control
4217,2026-01-15,treatment
4218,2026-01-03,control
4219,2026-02-11,treatment
4220,2026-03-19,treatment
4221,2026-03-31,control
4222,2026-01-24,control
4223,2026-03-30,control
4224,2026-03-19,control
4225,2026-03-15,control
4226,2026-01-26,treatment
4227,2026-03-07,treatment
4228,2026-03-30,control
4229,2026-02-22,treatment
4230,2026-03-21,control
4231,2026-01-25,treatment
4232,2026-03-19,control
4233,2026-01-16,treatment
4234,2026-03-03,treatment
4235,2026-02-02,control
4236,2026-02-06,control
4237,2026-03-08,control
4238,2026-02-11,treatment
4239,2026-03-17,treatment
4240,2026-02-22,treatment
4241,2026-02-16,treatment
4242,2026-01-25,treatment
4243,2026-02-28,control
4244,2026-01-24,treatment
4245,2026-03-09,treatment
4246,2026-02-13,control
4247,2026-02-17,treatment
4248,2026-02-17,control
4249,2026-01-04,control
4250,2026-03-13,treatment
4251,2026-03-31,control
4252,2026-03-09,control
4253,2026-01-17,control
4254,2026-02-26,treatment
4255,2026-01-15,treatment
4256,2026-02-28,control
4257,2026-02-09,control
4258,2026-03-20,control
4259,2026-02-22,treatment
4260,2026-01-06,control
4261,2026-03-20,treatment
4262,2026-02-21,treatment
4263,2026-03-21,control
4264,2026-01-06,treatment
4265,2026-01-22,treatment
4266,2026-01-10,treatment
4267,2026-01-27,control
4268,2026-02-12,treatment
4269,2026-02-28,treatment
4270,2026-02-05,treatment
4271,2026-02-13,treatment
4272,2026-03-08,control
4273,2026-02-07,treatment
4274,2026-03-15,treatment
4275,2026-01-11,control
4276,2026-03-13,control
4277,2026-03-14,control
4278,2026-02-22,treatment
4279,2026-01-27,control
4280,2026-01-01,treatment
4281,2026-03-30,control
4282,2026-01-03,control
4283,2026-01-08,treatment
4284,2026-01-18,control
4285,2026-01-18,treatment
4286,2026-01-25,control
4287,2026-01-20,treatment
4288,2026-02-11,control
4289,2026-03-22,treatment
4290,2026-02-04,treatment
4291,2026-01-13,control
4292,2026-01-14,control
4293,2026-03-18,control
4294,2026-01-09,treatment
4295,2026-03-27,treatment
4296,2026-01-02,control
4297,2026-01-04,control
4298,2026-01-07,treatment
4299,2026-03-25,treatment
4300,2026-01-01,treatment
4301,2026-03-21,control
4302,2026-01-03,treatment
4303,2026-03-06,treatment
4304,2026-02-10,control
4305,2026-01-23,control
4306,2026-03-02,control
4307,2026-03-06,treatment
4308,2026-02-07,control
4309,2026-01-10,treatment
4310,2026-01-24,treatment
4311,2026-01-02,treatment
4312,2026-02-25,treatment
4313,2026-02-02,control
4314,2026-02-26,treatment
4315,2026-02-18,control
4316,2026-03-05,treatment
4317,2026-02-10,treatment
4318,2026-01-26,treatment
4319,2026-02-26,treatment
4320,2026-03-28,control
4321,2026-03-04,treatment
4322,2026-01-16,treatment
4323,2026-01-24,treatment
4324,2026-03-28,control
4325,2026-03-06,control
4326,2026-02-26,treatment
4327,2026-03-07,control
4328,2026-01-25,treatment
4329,2026-03-24,treatment
4330,2026-01-18,treatment
4331,2026-03-26,control
4332,2026-01-21,treatment
4333,2026-01-29,control
4334,2026-02-28,control
4335,2026-02-14,treatment
4336,2026-03-28,control
4337,2026-03-18,control
4338,2026-03-20,control
4339,2026-02-21,treatment
4340,2026-03-30,treatment
4341,2026-03-07,control
4342,2026-01-29,control
4343,2026-02-23,treatment
4344,2026-02-04,control
4345,2026-01-25,treatment
4346,2026-03-09,treatment
4347,2026-02-06,treatment
4348,2026-01-23,treatment
4349,2026-03-19,treatment
4350,2026-01-31,treatment
4351,2026-03-08,control
4352,2026-01-26,control
4353,2026-02-04,treatment
4354,2026-02-06,control
4355,2026-02-13,treatment
4356,2026-03-11,treatment
4357,2026-02-01,treatment
4358,2026-01-01,control
4359,2026-01-14,control
4360,2026-01-03,treatment
4361,2026-03-24,control
4362,2026-01-01,treatment
4363,2026-03-24,treatment
4364,2026-02-27,treatment
4365,2026-01-01,treatment
4366,2026-02-02,control
4367,2026-03-11,control
4368,2026-02-12,treatment
4369,2026-03-14,control
4370,2026-02-11,control
4371,2026-02-02,control
4372,2026-01-19,control
4373,2026-03-01,treatment
4374,2026-03-13,control
4375,2026-03-03,treatment
4376,2026-01-17,control
4377,2026-02-01,treatment
4378,2026-03-03,control
4379,2026-01-20,treatment
4380,2026-03-08,control
4381,2026-03-24,treatment
4382,2026-01-23,control
4383,2026-02-03,control
4384,2026-03-05,control
4385,2026-03-08,treatment
4386,2026-01-20,treatment
4387,2026-02-13,control
4388,2026-02-17,control
4389,2026-03-16,treatment
4390,2026-03-06,treatment
4391,2026-01-14,control
4392,2026-01-14,treatment
4393,2026-03-23,treatment
4394,2026-03-02,treatment
4395,2026-03-19,control
4396,2026-01-12,control
4397,2026-02-17,control
4398,2026-01-07,treatment
4399,2026-02-12,control
4400,2026-02-01,treatment
4401,2026-01-29,treatment
4402,2026-01-20,treatment
4403,2026-01-12,control
4404,2026-01-14,control
4405,2026-02-18,control
4406,2026-01-24,treatment
4407,2026-01-28,treatment
4408,2026-03-10,control
4409,2026-02-06,treatment
4410,2026-03-19,control
4411,2026-02-26,control
4412,2026-03-26,control
4413,2026-03-05,treatment
4414,2026-03-27,control
4415,2026-03-07,control
4416,2026-02-26,treatment
4417,2026-02-03,treatment
4418,2026-03-04,control
4419,2026-02-06,control
4420,2026-01-28,treatment
4421,2026-01-03,control
4422,2026-03-22,control
4423,2026-01-27,treatment
4424,2026-02-01,control
4425,2026-03-13,treatment
4426,2026-03-08,control
4427,2026-03-02,control
4428,2026-03-12,control
4429,2026-03-29,control
4430,2026-03-30,control
4431,2026-02-12,control
4432,2026-01-03,treatment
4433,2026-01-12,treatment
4434,2026-01-23,control
4435,2026-02-18,treatment
4436,2026-02-12,treatment
4437,2026-02-24,treatment
4438,2026-03-13,control
4439,2026-03-06,control
4440,2026-03-07,control
4441,2026-03-18,control
4442,2026-01-07,control
4443,2026-02-05,treatment
4444,2026-03-19,treatment
4445,2026-01-12,control
4446,2026-02-07,control
4447,2026-03-12,control
4448,2026-03-18,control
4449,2026-03-16,treatment
4450,2026-03-21,control
4451,2026-01-06,treatment
4452,2026-03-24,treatment
4453,2026-02-14,treatment
4454,2026-03-12,treatment
4455,2026-01-25,treatment
4456,2026-03-09,control
4457,2026-01-13,control
4458,2026-02-15,treatment
4459,2026-01-04,control
4460,2026-02-20,treatment
4461,2026-03-31,control
4462,2026-02-16,control
4463,2026-01-04,control
4464,2026-02-16,treatment
4465,2026-01-19,control
4466,2026-01-19,control
4467,2026-02-22,control
4468,2026-01-30,treatment
4469,2026-02-04,treatment
4470,2026-01-16,control
4471,2026-02-27,treatment
4472,2026-03-06,control
4473,2026-03-22,treatment
4474,2026-02-07,control
4475,2026-01-03,control
4476,2026-01-22,treatment
4477,2026-03-30,treatment
4478,2026-03-13,control
4479,2026-02-18,treatment
4480,2026-03-22,treatment
4481,2026-01-23,control
4482,2026-01-01,treatment
4483,2026-02-28,treatment
4484,2026-03-21,control
4485,2026-01-12,treatment
4486,2026-01-03,control
4487,2026-03-08,treatment
4488,2026-03-05,control
4489,2026-01-04,control
4490,2026-03-20,treatment
4491,2026-03-30,treatment
4492,2026-01-22,treatment
4493,2026-03-17,treatment
4494,2026-03-26,control
4495,2026-02-10,control
4496,2026-03-06,control
4497,2026-02-12,control
4498,2026-03-30,control
4499,2026-01-09,treatment
4500,2026-01-18,treatment
4501,2026-01-22,control
4502,2026-01-12,control
4503,2026-01-07,treatment
4504,2026-03-01,control
4505,2026-02-23,control
4506,2026-02-16,control
4507,2026-03-08,control
4508,2026-03-15,control
4509,2026-01-25,treatment
4510,2026-02-08,control
4511,2026-02-28,treatment
4512,2026-01-01,treatment
4513,2026-02-15,treatment
4514,2026-02-13,control
4515,2026-01-25,control
4516,2026-03-01,control
4517,2026-01-30,control
4518,2026-01-29,control
4519,2026-03-07,treatment
4520,2026-02-15,control
4521,2026-01-18,control
4522,2026-02-24,control
4523,2026-01-30,treatment
4524,2026-03-06,treatment
4525,2026-02-13,treatment
4526,2026-01-22,treatment
4527,2026-01-08,treatment
4528,2026-01-25,treatment
4529,2026-03-01,control
4530,2026-03-03,treatment
4531,2026-03-16,treatment
4532,2026-02-01,control
4533,2026-03-24,treatment
4534,2026-03-09,control
4535,2026-01-30,treatment
4536,2026-01-25,control
4537,2026-02-21,treatment
4538,2026-03-09,treatment
4539,2026-02-12,control
4540,2026-01-15,control
4541,2026-03-11,control
4542,2026-02-10,control
4543,2026-01-03,treatment
4544,2026-01-18,control
4545,2026-02-21,control
4546,2026-02-16,control
4547,2026-01-15,treatment
4548,2026-03-05,control
4549,2026-02-27,treatment
4550,2026-02-17,control
4551,2026-01-07,control
4552,2026-01-15,treatment
4553,2026-01-17,control
4554,2026-03-24,treatment
4555,2026-01-21,control
4556,2026-01-01,treatment
4557,2026-01-26,treatment
4558,2026-03-07,treatment
4559,2026-01-20,control
4560,2026-03-07,treatment
4561,2026-01-03,treatment
4562,2026-03-22,control
4563,2026-02-19,control
4564,2026-03-19,treatment
4565,2026-03-06,control
4566,2026-01-14,treatment
4567,2026-03-01,treatment
4568,2026-03-27,control
4569,2026-02-12,treatment
4570,2026-01-14,treatment
4571,2026-02-19,control
4572,2026-02-20,treatment
4573,2026-03-12,control
4574,2026-01-15,control
4575,2026-03-01,treatment
4576,2026-02-04,control
4577,2026-01-22,treatment
4578,2026-03-13,control
4579,2026-02-19,control
4580,2026-03-26,control
4581,2026-01-22,treatment
4582,2026-01-29,treatment
4583,2026-03-24,treatment
4584,2026-02-09,treatment
4585,2026-02-05,treatment
4586,2026-03-14,treatment
4587,2026-01-10,treatment
4588,2026-02-23,treatment
4589,2026-02-01,treatment
4590,2026-03-22,treatment
4591,2026-01-12,control
4592,2026-01-30,control
4593,2026-01-18,treatment
4594,2026-01-17,control
4595,2026-01-23,control
4596,2026-02-19,treatment
4597,2026-02-14,control
4598,2026-02-12,control
4599,2026-03-21,control
4600,2026-03-21,control
4601,2026-01-19,treatment
4602,2026-01-09,treatment
4603,2026-03-02,treatment
4604,2026-01-05,treatment
4605,2026-02-24,treatment
4606,2026-01-16,control
4607,2026-01-16,treatment
4608,2026-03-02,control
4609,2026-03-11,control
4610,2026-01-30,treatment
4611,2026-02-02,treatment
4612,2026-01-09,control
4613,2026-03-22,treatment
4614,2026-03-21,control
4615,2026-01-15,control
4616,2026-03-10,control
4617,2026-03-24,control
4618,2026-03-21,treatment
4619,2026-02-08,control
4620,2026-01-11,treatment
4621,2026-02-16,control
4622,2026-01-29,treatment
4623,2026-02-01,treatment
4624,2026-02-26,treatment
4625,2026-02-21,control
4626,2026-01-08,treatment
4627,2026-02-26,treatment
4628,2026-03-31,control
4629,2026-01-18,control
4630,2026-03-31,control
4631,2026-01-10,control
4632,2026-02-16,control
4633,2026-01-09,control
4634,2026-03-31,control
4635,2026-03-13,treatment
4636,2026-03-26,control
4637,2026-01-04,control
4638,2026-02-24,treatment
4639,2026-03-16,control
4640,2026-01-08,control
4641,2026-03-25,control
4642,2026-01-12,control
4643,2026-01-10,control
4644,2026-01-27,control
4645,2026-03-24,control
4646,2026-03-16,treatment
4647,2026-02-08,treatment
4648,2026-02-18,control
4649,2026-01-04,control
4650,2026-03-16,control
4651,2026-01-05,treatment
4652,2026-03-06,treatment
4653,2026-02-03,control
4654,2026-03-15,control
4655,2026-01-03,control
4656,2026-01-24,treatment
4657,2026-02-28,treatment
4658,2026-03-05,control
4659,2026-01-01,treatment
4660,2026-01-07,control
4661,2026-02-02,treatment
4662,2026-03-04,treatment
4663,2026-02-26,control
4664,2026-02-13,control
4665,2026-02-22,treatment
4666,2026-01-31,control
4667,2026-02-21,treatment
4668,2026-03-04,control
4669,2026-01-20,treatment
4670,2026-01-01,control
4671,2026-01-26,control
4672,2026-03-11,control
4673,2026-03-17,control
4674,2026-02-18,control
4675,2026-03-18,treatment
4676,2026-02-08,control
4677,2026-03-07,control
4678,2026-02-17,control
4679,2026-01-01,control
4680,2026-01-25,treatment
4681,2026-03-02,treatment
4682,2026-02-25,control
4683,2026-03-08,treatment
4684,2026-01-21,treatment
4685,2026-01-17,treatment
4686,2026-03-25,control
4687,2026-02-03,control
4688,2026-03-12,control
4689,2026-01-06,treatment
4690,2026-03-21,treatment
4691,2026-03-19,control
4692,2026-03-06,control
4693,2026-01-27,treatment
4694,2026-01-08,treatment
4695,2026-01-19,control
4696,2026-02-16,treatment
4697,2026-03-27,control
4698,2026-03-05,control
4699,2026-02-13,treatment
4700,2026-02-25,treatment
4701,2026-03-08,treatment
4702,2026-03-03,control
4703,2026-01-10,control
4704,2026-02-18,control
4705,2026-03-22,control
4706,2026-02-26,control
4707,2026-02-04,control
4708,2026-02-20,control
4709,2026-03-06,control
4710,2026-01-08,control
4711,2026-01-17,treatment
4712,2026-02-22,control
4713,2026-01-09,treatment
4714,2026-02-11,treatment
4715,2026-03-10,treatment
4716,2026-02-15,control
4717,2026-03-14,control
4718,2026-01-07,treatment
4719,2026-02-11,treatment
4720,2026-03-23,control
4721,2026-02-24,control
4722,2026-03-17,treatment
4723,2026-02-06,control
4724,2026-01-05,treatment
4725,2026-01-28,control
4726,2026-03-22,control
4727,2026-01-20,treatment
4728,2026-03-17,control
4729,2026-02-27,treatment
4730,2026-03-11,control
4731,2026-03-27,control
4732,2026-03-25,treatment
4733,2026-02-15,control
4734,2026-03-01,control
4735,2026-01-11,treatment
4736,2026-01-12,treatment
4737,2026-03-25,treatment
4738,2026-01-15,control
4739,2026-01-05,control
4740,2026-01-07,treatment
4741,2026-01-02,control
4742,2026-02-07,control
4743,2026-01-08,treatment
4744,2026-01-15,control
4745,2026-03-21,control
4746,2026-01-04,control
4747,2026-01-11,control
4748,2026-02-16,treatment
4749,2026-01-19,treatment
4750,2026-01-28,control
4751,2026-02-11,control
4752,2026-01-18,treatment
4753,2026-03-07,control
4754,2026-03-05,control
4755,2026-01-02,treatment
4756,2026-02-21,treatment
4757,2026-01-30,control
4758,2026-02-19,treatment
4759,2026-02-28,control
4760,2026-02-01,treatment
4761,2026-02-24,treatment
4762,2026-03-09,treatment
4763,2026-03-14,treatment
4764,2026-01-14,treatment
4765,2026-02-19,control
4766,2026-02-10,control
4767,2026-03-23,treatment
4768,2026-02-04,treatment
4769,2026-01-22,control
4770,2026-03-13,treatment
4771,2026-02-05,treatment
4772,2026-01-17,control
4773,2026-02-18,control
4774,2026-03-30,control
4775,2026-01-27,control
4776,2026-01-15,control
4777,2026-02-12,control
4778,2026-02-09,control
4779,2026-01-27,control
4780,2026-02-24,treatment
4781,2026-01-02,control
4782,2026-02-08,treatment
4783,2026-01-13,treatment
4784,2026-03-20,treatment
4785,2026-02-19,treatment
4786,2026-02-27,treatment
4787,2026-02-24,control
4788,2026-03-03,treatment
4789,2026-03-03,control
4790,2026-03-21,treatment
4791,2026-02-25,control
4792,2026-01-12,control
4793,2026-02-03,control
4794,2026-02-10,treatment
4795,2026-03-23,control
4796,2026-02-06,control
4797,2026-03-20,control
4798,2026-03-09,control
4799,2026-02-05,treatment
4800,2026-03-17,treatment
4801,2026-02-12,control
4802,2026-02-10,control
4803,2026-01-12,control
4804,2026-01-11,control
4805,2026-02-19,treatment
4806,2026-03-10,treatment
4807,2026-03-18,control
4808,2026-03-12,treatment
4809,2026-02-10,control
4810,2026-01-25,treatment
4811,2026-02-06,treatment
4812,2026-01-16,treatment
4813,2026-02-17,treatment
4814,2026-01-13,treatment
4815,2026-03-10,control
4816,2026-01-10,control
4817,2026-02-06,control
4818,2026-01-27,treatment
4819,2026-02-26,treatment
4820,2026-03-06,treatment
4821,2026-02-05,treatment
4822,2026-01-26,control
4823,2026-03-24,treatment
4824,2026-03-17,treatment
4825,2026-03-17,control
4826,2026-01-31,control
4827,2026-01-04,control
4828,2026-03-05,control
4829,2026-01-19,treatment
4830,2026-01-20,treatment
4831,2026-03-13,treatment
4832,2026-01-11,control
4833,2026-03-17,treatment
4834,2026-01-22,treatment
4835,2026-01-30,control
4836,2026-02-26,treatment
4837,2026-03-04,control
4838,2026-03-01,control
4839,2026-02-15,control
4840,2026-02-25,control
4841,2026-02-04,treatment
4842,2026-02-07,control
4843,2026-01-12,control
4844,2026-02-20,control
4845,2026-02-01,control
4846,2026-03-26,control
4847,2026-03-28,control
4848,2026-01-07,treatment
4849,2026-02-27,control
4850,2026-01-08,treatment
4851,2026-02-02,control
4852,2026-02-14,treatment
4853,2026-01-26,treatment
4854,2026-03-14,control
4855,2026-01-01,control
4856,2026-03-21,treatment
4857,2026-03-30,control
4858,2026-03-07,treatment
4859,2026-03-31,control
4860,2026-01-20,control
4861,2026-02-25,treatment
4862,2026-03-10,treatment
4863,2026-02-01,control
4864,2026-01-20,treatment
4865,2026-02-04,treatment
4866,2026-01-02,control
4867,2026-02-17,control
4868,2026-01-14,control
4869,2026-01-29,control
4870,2026-03-29,treatment
4871,2026-01-07,control
4872,2026-03-06,control
4873,2026-01-23,treatment
4874,2026-01-14,treatment
4875,2026-02-19,treatment
4876,2026-01-28,treatment
4877,2026-03-03,control
4878,2026-03-21,treatment
4879,2026-03-06,control
4880,2026-03-06,control
4881,2026-02-26,control
4882,2026-01-22,treatment
4883,2026-02-10,treatment
4884,2026-03-29,control
4885,2026-02-17,treatment
4886,2026-02-22,treatment
4887,2026-02-26,control
4888,2026-02-19,treatment
4889,2026-01-11,control
4890,2026-02-22,treatment
4891,2026-01-15,control
4892,2026-03-07,control
4893,2026-03-22,control
4894,2026-01-24,control
4895,2026-01-27,treatment
4896,2026-01-03,control
4897,2026-01-29,control
4898,2026-02-28,treatment
4899,2026-01-16,treatment
4900,2026-02-12,treatment
4901,2026-03-14,control
4902,2026-03-15,control
4903,2026-01-04,control
4904,2026-03-25,treatment
4905,2026-03-18,treatment
4906,2026-02-24,treatment
4907,2026-03-14,treatment
4908,2026-02-23,control
4909,2026-02-07,treatment
4910,2026-02-27,control
4911,2026-03-21,control
4912,2026-01-08,control
4913,2026-03-07,control
4914,2026-02-02,treatment
4915,2026-03-18,control
4916,2026-03-01,treatment
4917,2026-01-09,treatment
4918,2026-02-17,treatment
4919,2026-03-17,treatment
4920,2026-03-12,control
4921,2026-03-03,control
4922,2026-01-11,control
4923,2026-03-31,control
4924,2026-02-27,treatment
4925,2026-03-15,control
4926,2026-03-17,control
4927,2026-03-31,control
4928,2026-03-01,control
4929,2026-02-19,treatment
4930,2026-01-07,control
4931,2026-01-13,treatment
4932,2026-03-01,treatment
4933,2026-03-25,treatment
4934,2026-03-18,control
4935,2026-03-18,treatment
4936,2026-01-14,control
4937,2026-02-10,control
4938,2026-02-25,treatment
4939,2026-02-25,treatment
4940,2026-02-13,control
4941,2026-03-26,treatment
4942,2026-01-21,control
4943,2026-03-17,treatment
4944,2026-02-09,treatment
4945,2026-02-27,treatment
4946,2026-02-08,treatment
4947,2026-02-02,treatment
4948,2026-02-21,treatment
4949,2026-02-18,treatment
4950,2026-03-09,treatment
4951,2026-01-07,control
4952,2026-01-09,treatment
4953,2026-02-04,control
4954,2026-01-19,treatment
4955,2026-03-06,control
4956,2026-02-27,control
4957,2026-01-13,treatment
4958,2026-01-12,control
4959,2026-03-17,control
4960,2026-03-01,treatment
4961,2026-03-22,control
4962,2026-03-01,control
4963,2026-02-06,control
4964,2026-01-31,control
4965,2026-03-16,control
4966,2026-03-30,control
4967,2026-02-09,control
4968,2026-02-12,control
4969,2026-02-05,control
4970,2026-03-28,treatment
4971,2026-01-11,treatment
4972,2026-01-17,control
4973,2026-03-15,control
4974,2026-03-26,treatment
4975,2026-01-25,treatment
4976,2026-02-21,control
4977,2026-01-26,control
4978,2026-03-31,control
4979,2026-01-07,treatment
4980,2026-02-23,treatment
4981,2026-02-23,treatment
4982,2026-03-25,control
4983,2026-02-20,control
4984,2026-02-01,control
4985,2026-02-14,control
4986,2026-02-26,control
4987,2026-03-18,treatment
4988,2026-01-03,control
4989,2026-03-06,treatment
4990,2026-02-22,control
4991,2026-01-18,control
4992,2026-02-03,treatment
4993,2026-02-19,treatment
4994,2026-03-16,control
4995,2026-03-17,treatment
4996,2026-02-14,control
4997,2026-03-04,control
4998,2026-02-17,control
4999,2026-03-03,control
5000,2026-03-30,treatment
5001,2026-01-08,control
5002,2026-03-22,treatment
5003,2026-01-17,treatment
5004,2026-03-25,control
5005,2026-02-07,control
5006,2026-01-16,control
5007,2026-01-05,treatment
5008,2026-03-21,treatment
5009,2026-03-07,treatment
5010,2026-02-08,control
5011,2026-03-25,control
5012,2026-03-18,treatment
5013,2026-01-16,control
5014,2026-02-15,treatment
5015,2026-02-27,control
5016,2026-03-02,control
5017,2026-02-15,treatment
5018,2026-01-23,control
5019,2026-01-22,treatment
5020,2026-01-18,control
5021,2026-02-13,treatment
5022,2026-02-20,treatment
5023,2026-03-27,treatment
5024,2026-01-13,treatment
5025,2026-02-12,treatment
5026,2026-02-26,treatment
5027,2026-02-08,control
5028,2026-01-03,control
5029,2026-03-02,treatment
5030,2026-01-18,control
5031,2026-03-08,control
5032,2026-01-25,treatment
5033,2026-03-02,control
5034,2026-01-16,treatment
5035,2026-02-25,treatment
5036,2026-01-11,control
5037,2026-01-27,treatment
5038,2026-03-10,control
5039,2026-01-25,treatment
5040,2026-02-07,treatment
5041,2026-02-09,control
5042,2026-01-23,control
5043,2026-02-22,control
5044,2026-01-28,control
5045,2026-02-17,control
5046,2026-03-13,treatment
5047,2026-03-09,control
5048,2026-01-21,treatment
5049,2026-03-03,control
5050,2026-03-10,treatment
5051,2026-02-20,control
5052,2026-03-07,control
5053,2026-02-07,treatment
5054,2026-01-07,control
5055,2026-02-21,treatment
5056,2026-03-23,control
5057,2026-02-13,treatment
5058,2026-02-20,treatment
5059,2026-03-02,treatment
5060,2026-03-17,control
5061,2026-02-14,control
5062,2026-01-29,control
5063,2026-02-26,control
5064,2026-03-04,control
5065,2026-03-02,treatment
5066,2026-02-24,treatment
5067,2026-03-31,treatment
5068,2026-01-25,control
5069,2026-01-29,control
5070,2026-03-18,treatment
5071,2026-01-17,control
5072,2026-03-15,control
5073,2026-01-23,control
5074,2026-03-02,treatment
5075,2026-03-18,treatment
5076,2026-03-20,control
5077,2026-02-24,control
5078,2026-01-20,control
5079,2026-01-31,control
5080,2026-03-05,treatment
5081,2026-02-27,control
5082,2026-01-26,treatment
5083,2026-02-21,control
5084,2026-03-26,control
5085,2026-01-06,treatment
5086,2026-02-20,control
5087,2026-02-19,treatment
5088,2026-03-18,control
5089,2026-01-24,treatment
5090,2026-01-17,control
5091,2026-02-09,control
5092,2026-01-29,treatment
5093,2026-03-21,control
5094,2026-03-10,control
5095,2026-02-05,treatment
5096,2026-02-02,treatment
5097,2026-01-02,treatment
5098,2026-01-09,treatment
5099,2026-02-20,treatment
5100,2026-03-01,treatment
5101,2026-03-13,treatment
5102,2026-01-10,control
5103,2026-01-15,control
5104,2026-02-20,treatment
5105,2026-01-08,treatment
5106,2026-03-17,control
5107,2026-02-09,control
5108,2026-02-22,control
5109,2026-03-12,treatment
5110,2026-02-15,treatment
5111,2026-01-07,control
5112,2026-01-21,treatment
5113,2026-02-01,treatment
5114,2026-01-15,treatment
5115,2026-02-16,control
5116,2026-01-02,treatment
5117,2026-01-14,treatment
5118,2026-03-14,treatment
5119,2026-01-12,control
5120,2026-01-03,treatment
5121,2026-02-10,treatment
5122,2026-03-19,control
5123,2026-01-22,control
5124,2026-02-05,treatment
5125,2026-03-10,treatment
5126,2026-03-23,control
5127,2026-01-27,control
5128,2026-01-15,control
5129,2026-01-23,treatment
5130,2026-03-14,treatment
5131,2026-01-31,control
5132,2026-03-19,control
5133,2026-02-14,control
5134,2026-02-07,control
5135,2026-03-07,treatment
5136,2026-03-30,treatment
5137,2026-03-09,control
5138,2026-01-20,control
5139,2026-01-30,control
5140,2026-01-11,treatment
5141,2026-02-23,treatment
5142,2026-03-29,treatment
5143,2026-01-29,control
5144,2026-01-24,treatment
5145,2026-03-25,control
5146,2026-01-03,treatment
5147,2026-01-20,treatment
5148,2026-02-05,control
5149,2026-03-26,treatment
5150,2026-03-31,control
5151,2026-03-22,treatment
5152,2026-03-17,control
5153,2026-01-03,control
5154,2026-01-09,control
5155,2026-03-22,control
5156,2026-02-02,control
5157,2026-01-15,control
5158,2026-02-18,treatment
5159,2026-03-24,control
5160,2026-03-13,control
5161,2026-02-07,treatment
5162,2026-01-18,treatment
5163,2026-03-10,control
5164,2026-01-09,control
5165,2026-01-11,treatment
5166,2026-03-08,treatment
5167,2026-01-17,control
5168,2026-01-02,treatment
5169,2026-03-31,control
5170,2026-02-16,control
5171,2026-03-12,treatment
5172,2026-03-05,treatment
5173,2026-03-16,treatment
5174,2026-03-02,control
5175,2026-03-05,control
5176,2026-02-15,control
5177,2026-01-15,control
5178,2026-03-12,control
5179,2026-02-13,treatment
5180,2026-02-23,treatment
5181,2026-01-28,treatment
5182,2026-03-16,control
5183,2026-03-09,control
5184,2026-02-22,treatment
5185,2026-01-17,control
5186,2026-02-08,treatment
5187,2026-01-24,control
5188,2026-02-23,treatment
5189,2026-01-07,treatment
5190,2026-02-08,treatment
5191,2026-03-30,treatment
5192,2026-01-19,treatment
5193,2026-02-14,control
5194,2026-02-12,treatment
5195,2026-03-19,treatment
5196,2026-03-27,treatment
5197,2026-03-17,control
5198,2026-02-22,control
5199,2026-02-07,treatment
5200,2026-03-07,treatment
5201,2026-01-05,control
5202,2026-03-01,control
5203,2026-01-29,control
5204,2026-02-11,control
5205,2026-02-28,control
5206,2026-02-06,control
5207,2026-01-27,control
5208,2026-01-18,treatment
5209,2026-02-06,control
5210,2026-01-02,control
5211,2026-03-19,control
5212,2026-03-19,control
5213,2026-03-03,treatment
5214,2026-01-25,treatment
5215,2026-03-10,control
5216,2026-02-23,control
5217,2026-01-24,control
5218,2026-02-11,control
5219,2026-01-08,control
5220,2026-01-10,control
5221,2026-02-03,control
5222,2026-01-04,treatment
5223,2026-03-20,control
5224,2026-03-26,control
5225,2026-01-30,control
5226,2026-02-02,control
5227,2026-03-11,control
5228,2026-01-29,control
5229,2026-03-12,control
5230,2026-01-08,control
5231,2026-02-17,treatment
5232,2026-01-01,treatment
5233,2026-03-07,control
5234,2026-03-07,control
5235,2026-02-11,treatment
5236,2026-03-21,treatment
5237,2026-03-01,control
5238,2026-01-23,control
5239,2026-02-23,control
5240,2026-02-10,treatment
5241,2026-03-04,control
5242,2026-02-25,control
5243,2026-03-12,control
5244,2026-01-16,control
5245,2026-01-03,control
5246,2026-02-03,treatment
5247,2026-01-07,treatment
5248,2026-02-14,control
5249,2026-02-02,control
5250,2026-02-28,treatment
5251,2026-03-02,control
5252,2026-03-30,control
5253,2026-01-02,control
5254,2026-02-14,treatment
5255,2026-03-13,treatment
5256,2026-01-24,treatment
5257,2026-03-19,treatment
5258,2026-02-28,control
5259,2026-02-14,control
5260,2026-01-11,control
5261,2026-02-21,treatment
5262,2026-01-01,treatment
5263,2026-01-29,control
5264,2026-02-03,treatment
5265,2026-01-08,control
5266,2026-01-07,control
5267,2026-03-21,control
5268,2026-02-12,treatment
5269,2026-01-09,treatment
5270,2026-01-30,control
5271,2026-02-23,treatment
5272,2026-03-22,treatment
5273,2026-02-10,treatment
5274,2026-01-17,treatment
5275,2026-02-13,control
5276,2026-03-04,treatment
5277,2026-01-12,treatment
5278,2026-02-26,treatment
5279,2026-02-01,control
5280,2026-03-31,treatment
5281,2026-02-09,treatment
5282,2026-02-21,control
5283,2026-03-05,treatment
5284,2026-03-14,control
5285,2026-01-05,control
5286,2026-02-01,control
5287,2026-01-02,treatment
5288,2026-01-07,treatment
5289,2026-02-12,control
5290,2026-02-06,treatment
5291,2026-03-06,control
5292,2026-03-02,control
5293,2026-03-25,treatment
5294,2026-01-23,treatment
5295,2026-02-19,treatment
5296,2026-01-13,treatment
5297,2026-02-08,treatment
5298,2026-01-10,control
5299,2026-03-24,control
5300,2026-02-17,control
5301,2026-01-07,treatment
5302,2026-01-31,treatment
5303,2026-03-11,treatment
5304,2026-03-10,control
5305,2026-03-09,control
5306,2026-02-27,treatment
5307,2026-03-30,treatment
5308,2026-03-26,control
5309,2026-02-06,control
5310,2026-03-30,control
5311,2026-03-03,control
5312,2026-01-01,control
5313,2026-03-09,control
5314,2026-01-22,treatment
5315,2026-03-19,control
5316,2026-01-22,control
5317,2026-02-13,control
5318,2026-03-21,treatment
5319,2026-03-12,control
5320,2026-01-12,control
5321,2026-03-29,control
5322,2026-02-07,treatment
5323,2026-02-17,treatment
5324,2026-01-05,control
5325,2026-01-03,control
5326,2026-02-13,control
5327,2026-02-02,treatment
5328,2026-01-04,treatment
5329,2026-01-08,control
5330,2026-03-07,control
5331,2026-02-22,treatment
5332,2026-02-16,treatment
5333,2026-02-21,control
5334,2026-03-31,control
5335,2026-02-11,control
5336,2026-03-30,treatment
5337,2026-01-27,treatment
5338,2026-03-12,treatment
5339,2026-02-26,treatment
5340,2026-01-27,control
5341,2026-01-11,control
5342,2026-01-11,control
5343,2026-02-28,treatment
5344,2026-01-15,treatment
5345,2026-02-25,control
5346,2026-03-04,control
5347,2026-03-08,treatment
5348,2026-01-13,treatment
5349,2026-01-12,treatment
5350,2026-01-26,control
5351,2026-02-13,treatment
5352,2026-01-09,treatment
5353,2026-02-14,treatment
5354,2026-01-05,treatment
5355,2026-01-13,treatment
5356,2026-02-05,treatment
5357,2026-02-21,treatment
5358,2026-02-07,control
5359,2026-03-05,control
5360,2026-01-18,treatment
5361,2026-01-09,treatment
5362,2026-03-24,control
5363,2026-02-09,control
5364,2026-02-24,treatment
5365,2026-03-06,treatment
5366,2026-01-27,treatment
5367,2026-01-06,control
5368,2026-03-17,treatment
5369,2026-03-03,treatment
5370,2026-02-19,control
5371,2026-03-20,control
5372,2026-02-10,treatment
5373,2026-01-05,control
5374,2026-03-09,treatment
5375,2026-03-14,treatment
5376,2026-02-03,treatment
5377,2026-01-18,control
5378,2026-03-14,treatment
5379,2026-01-06,control
5380,2026-01-01,treatment
5381,2026-03-17,control
5382,2026-01-23,treatment
5383,2026-03-12,treatment
5384,2026-02-17,control
5385,2026-03-25,control
5386,2026-03-17,treatment
5387,2026-02-13,control
5388,2026-03-08,control
5389,2026-01-15,control
5390,2026-03-26,treatment
5391,2026-03-24,treatment
5392,2026-01-24,control
5393,2026-02-16,treatment
5394,2026-03-25,control
5395,2026-01-30,control
5396,2026-01-11,control
5397,2026-03-30,control
5398,2026-01-18,control
5399,2026-01-15,treatment
5400,2026-02-12,control
5401,2026-02-11,treatment
5402,2026-01-19,control
5403,2026-03-21,control
5404,2026-01-03,control
5405,2026-03-24,treatment
5406,2026-02-27,treatment
5407,2026-01-24,control
5408,2026-02-06,control
5409,2026-01-08,control
5410,2026-03-25,treatment
5411,2026-03-05,control
5412,2026-03-30,treatment
5413,2026-01-04,control
5414,2026-03-25,control
5415,2026-03-16,treatment
5416,2026-02-16,control
5417,2026-02-25,control
5418,2026-01-28,treatment
5419,2026-02-15,control
5420,2026-03-27,control
5421,2026-03-15,control
5422,2026-02-03,control
5423,2026-02-19,treatment
5424,2026-02-04,control
5425,2026-02-01,treatment
5426,2026-02-27,treatment
5427,2026-02-07,treatment
5428,2026-02-27,treatment
5429,2026-03-29,treatment
5430,2026-01-10,treatment
5431,2026-02-06,control
5432,2026-01-18,control
5433,2026-01-06,treatment
5434,2026-01-01,control
5435,2026-02-03,treatment
5436,2026-01-09,control
5437,2026-03-06,treatment
5438,2026-01-31,control
5439,2026-01-20,treatment
5440,2026-03-27,control
5441,2026-02-26,control
5442,2026-03-13,treatment
5443,2026-03-11,treatment
5444,2026-01-21,treatment
5445,2026-02-26,treatment
5446,2026-01-11,control
5447,2026-02-17,treatment
5448,2026-03-31,control
5449,2026-01-19,treatment
5450,2026-03-06,control
5451,2026-01-05,control
5452,2026-02-17,treatment
5453,2026-01-12,treatment
5454,2026-03-30,control
5455,2026-02-10,treatment
5456,2026-03-27,treatment
5457,2026-03-23,control
5458,2026-01-11,treatment
5459,2026-02-15,control
5460,2026-02-27,control
5461,2026-02-08,treatment
5462,2026-03-04,control
5463,2026-02-10,control
5464,2026-03-19,treatment
5465,2026-02-26,control
5466,2026-02-14,treatment
5467,2026-03-19,treatment
5468,2026-03-03,control
5469,2026-01-25,treatment
5470,2026-02-01,control
5471,2026-01-09,treatment
5472,2026-02-06,control
5473,2026-02-20,treatment
5474,2026-02-20,control
5475,2026-03-13,treatment
5476,2026-01-20,control
5477,2026-02-05,control
5478,2026-03-13,control
5479,2026-03-07,treatment
5480,2026-02-14,treatment
5481,2026-03-13,control
5482,2026-03-18,control
5483,2026-02-08,control
5484,2026-03-12,control
5485,2026-01-21,treatment
5486,2026-02-20,treatment
5487,2026-01-23,treatment
5488,2026-03-03,control
5489,2026-02-02,control
5490,2026-03-18,treatment
5491,2026-03-24,control
5492,2026-01-31,treatment
5493,2026-01-04,control
5494,2026-03-07,control
5495,2026-03-24,treatment
5496,2026-03-25,control
5497,2026-01-21,treatment
5498,2026-01-03,control
5499,2026-01-07,control
5500,2026-02-14,control
5501,2026-01-25,control
5502,2026-01-14,treatment
5503,2026-01-18,control
5504,2026-02-04,treatment
5505,2026-01-05,treatment
5506,2026-03-16,control
5507,2026-03-27,control
5508,2026-01-18,control
5509,2026-02-21,treatment
5510,2026-01-04,treatment
5511,2026-01-08,control
5512,2026-01-26,treatment
5513,2026-03-18,control
5514,2026-03-12,control
5515,2026-03-05,control
5516,2026-01-10,treatment
5517,2026-01-20,control
5518,2026-02-22,control
5519,2026-02-03,control
5520,2026-03-08,treatment
5521,2026-02-19,control
5522,2026-02-21,control
5523,2026-02-21,control
5524,2026-03-26,treatment
5525,2026-02-20,control
5526,2026-03-10,treatment
5527,2026-02-13,control
5528,2026-01-08,control
5529,2026-02-18,treatment
5530,2026-03-19,treatment
5531,2026-03-10,control
5532,2026-02-19,treatment
5533,2026-03-28,treatment
5534,2026-03-29,control
5535,2026-03-26,treatment
5536,2026-03-30,treatment
5537,2026-01-30,control
5538,2026-01-15,treatment
5539,2026-02-09,control
5540,2026-01-23,control
5541,2026-01-15,treatment
5542,2026-02-28,treatment
5543,2026-01-10,treatment
5544,2026-01-06,treatment
5545,2026-01-17,treatment
5546,2026-02-06,control
5547,2026-03-01,treatment
5548,2026-03-30,treatment
5549,2026-02-26,treatment
5550,2026-02-17,control
5551,2026-01-27,control
5552,2026-01-30,control
5553,2026-02-25,control
5554,2026-01-17,control
5555,2026-01-08,treatment
5556,2026-03-09,treatment
5557,2026-03-30,control
5558,2026-03-25,control
5559,2026-03-02,treatment
5560,2026-03-25,control
5561,2026-03-10,treatment
5562,2026-01-06,control
5563,2026-02-05,control
5564,2026-01-07,control
5565,2026-01-24,treatment
5566,2026-03-31,control
5567,2026-03-16,treatment
5568,2026-03-27,control
5569,2026-02-13,control
5570,2026-01-20,treatment
5571,2026-02-04,control
5572,2026-01-18,control
5573,2026-03-28,treatment
5574,2026-02-23,treatment
5575,2026-01-05,control
5576,2026-01-29,control
5577,2026-02-14,treatment
5578,2026-03-06,treatment
5579,2026-03-22,treatment
5580,2026-01-19,treatment
5581,2026-03-05,treatment
5582,2026-03-14,control
5583,2026-03-12,control
5584,2026-01-26,treatment
5585,2026-01-31,treatment
5586,2026-01-13,treatment
5587,2026-02-22,treatment
5588,2026-01-31,control
5589,2026-02-07,control
5590,2026-01-02,treatment
5591,2026-03-26,control
5592,2026-02-28,treatment
5593,2026-01-22,treatment
5594,2026-01-07,control
5595,2026-02-05,treatment
5596,2026-01-14,treatment
5597,2026-01-17,treatment
5598,2026-03-13,control
5599,2026-01-05,treatment
5600,2026-02-15,control
5601,2026-03-11,treatment
5602,2026-02-23,control
5603,2026-01-12,treatment
5604,2026-01-26,treatment
5605,2026-01-16,treatment
5606,2026-03-29,treatment
5607,2026-03-03,control
5608,2026-03-30,treatment
5609,2026-01-13,control
5610,2026-02-02,treatment
5611,2026-02-01,control
5612,2026-03-12,treatment
5613,2026-01-07,control
5614,2026-03-14,treatment
5615,2026-02-12,treatment
5616,2026-03-24,control
5617,2026-01-30,control
5618,2026-03-19,treatment
5619,2026-03-22,treatment
5620,2026-02-09,control
5621,2026-03-22,control
5622,2026-02-02,control
5623,2026-03-01,treatment
5624,2026-03-26,treatment
5625,2026-01-16,control
5626,2026-02-06,treatment
5627,2026-01-05,treatment
5628,2026-02-16,treatment
5629,2026-01-25,control
5630,2026-01-09,control
5631,2026-03-23,control
5632,2026-01-27,control
5633,2026-03-07,control
5634,2026-01-15,control
5635,2026-01-24,control
5636,2026-01-08,treatment
5637,2026-03-05,control
5638,2026-02-03,treatment
5639,2026-03-23,control
5640,2026-02-16,treatment
5641,2026-01-18,control
5642,2026-03-12,treatment
5643,2026-03-20,treatment
5644,2026-02-24,control
5645,2026-03-04,treatment
5646,2026-03-16,control
5647,2026-01-10,treatment
5648,2026-01-21,control
5649,2026-03-12,control
5650,2026-03-13,control
5651,2026-01-17,treatment
5652,2026-01-05,control
5653,2026-02-18,treatment
5654,2026-01-25,control
5655,2026-01-15,control
5656,2026-02-09,control
5657,2026-01-24,treatment
5658,2026-03-28,treatment
5659,2026-03-15,control
5660,2026-01-09,treatment
5661,2026-03-28,control
5662,2026-01-24,control
5663,2026-01-15,treatment
5664,2026-01-14,control
5665,2026-02-04,control
5666,2026-02-08,treatment
5667,2026-03-23,control
5668,2026-01-30,treatment
5669,2026-03-03,treatment
5670,2026-01-09,treatment
5671,2026-03-15,treatment
5672,2026-02-13,treatment
5673,2026-02-22,control
5674,2026-02-13,treatment
5675,2026-03-08,treatment
5676,2026-02-26,treatment
5677,2026-02-02,control
5678,2026-03-17,treatment
5679,2026-01-10,treatment
5680,2026-03-29,control
5681,2026-02-26,treatment
5682,2026-01-10,control
5683,2026-02-14,control
5684,2026-01-31,treatment
5685,2026-01-05,control
5686,2026-03-29,control
5687,2026-03-20,control
5688,2026-02-21,control
5689,2026-01-12,treatment
5690,2026-02-05,treatment
5691,2026-03-06,treatment
5692,2026-02-09,control
5693,2026-02-18,treatment
5694,2026-03-17,treatment
5695,2026-01-17,treatment
5696,2026-03-19,control
5697,2026-03-30,control
5698,2026-01-27,treatment
5699,2026-03-25,treatment
5700,2026-01-28,control
5701,2026-03-05,treatment
5702,2026-03-04,control
5703,2026-03-26,control
5704,2026-01-07,treatment
5705,2026-02-23,treatment
5706,2026-03-18,control
5707,2026-01-09,treatment
5708,2026-01-01,treatment
5709,2026-01-06,control
5710,2026-02-11,treatment
5711,2026-02-20,treatment
5712,2026-03-13,treatment
5713,2026-02-07,treatment
5714,2026-03-24,treatment
5715,2026-01-11,control
5716,2026-02-26,control
5717,2026-02-11,treatment
5718,2026-02-17,treatment
5719,2026-02-15,control
5720,2026-03-04,control
5721,2026-03-06,treatment
5722,2026-03-17,control
5723,2026-02-03,control
5724,2026-01-02,treatment
5725,2026-01-15,treatment
5726,2026-02-24,treatment
5727,2026-01-15,treatment
5728,2026-03-11,control
5729,2026-01-01,treatment
5730,2026-03-25,control
5731,2026-03-31,control
5732,2026-02-05,treatment
5733,2026-03-19,treatment
5734,2026-03-23,treatment
5735,2026-03-14,control
5736,2026-02-26,treatment
5737,2026-01-19,treatment
5738,2026-01-31,treatment
5739,2026-02-02,treatment
5740,2026-03-30,control
5741,2026-02-27,treatment
5742,2026-01-06,treatment
5743,2026-01-15,treatment
5744,2026-03-20,treatment
5745,2026-02-13,treatment
5746,2026-02-17,control
5747,2026-03-24,control
5748,2026-02-22,treatment
5749,2026-02-07,treatment
5750,2026-03-16,treatment
5751,2026-01-31,control
5752,2026-03-25,control
5753,2026-01-07,treatment
5754,2026-03-22,treatment
5755,2026-01-12,control
5756,2026-02-11,treatment
5757,2026-01-20,control
5758,2026-03-06,control
5759,2026-02-11,control
5760,2026-03-09,control
5761,2026-02-20,control
5762,2026-02-01,treatment
5763,2026-03-07,treatment
5764,2026-01-28,treatment
5765,2026-01-21,control
5766,2026-03-15,control
5767,2026-03-31,control
5768,2026-02-18,treatment
5769,2026-03-28,control
5770,2026-01-21,treatment
5771,2026-01-01,treatment
5772,2026-03-21,treatment
5773,2026-03-16,control
5774,2026-02-14,treatment
5775,2026-03-18,control
5776,2026-03-20,control
5777,2026-02-02,treatment
5778,2026-01-15,treatment
5779,2026-02-25,treatment
5780,2026-03-22,control
5781,2026-02-22,treatment
5782,2026-02-06,treatment
5783,2026-01-22,control
5784,2026-01-27,treatment
5785,2026-03-10,control
5786,2026-02-03,treatment
5787,2026-02-15,treatment
5788,2026-02-24,treatment
5789,2026-01-28,treatment
5790,2026-01-28,control
5791,2026-03-06,treatment
5792,2026-02-27,treatment
5793,2026-03-11,control
5794,2026-02-15,control
5795,2026-01-01,treatment
5796,2026-02-28,treatment
5797,2026-01-02,treatment
5798,2026-01-31,treatment
5799,2026-03-08,treatment
5800,2026-01-24,control
5801,2026-03-20,control
5802,2026-03-02,treatment
5803,2026-03-23,treatment
5804,2026-02-17,treatment
5805,2026-02-11,treatment
5806,2026-01-13,treatment
5807,2026-03-22,treatment
5808,2026-02-28,treatment
5809,2026-03-15,control
5810,2026-01-25,treatment
5811,2026-01-19,treatment
5812,2026-02-02,control
5813,2026-02-12,treatment
5814,2026-03-18,treatment
5815,2026-01-25,treatment
5816,2026-01-19,treatment
5817,2026-01-11,control
5818,2026-02-08,control
5819,2026-01-10,control
5820,2026-01-08,control
5821,2026-02-02,treatment
5822,2026-02-10,treatment
5823,2026-02-07,treatment
5824,2026-03-24,control
5825,2026-03-24,control
5826,2026-02-20,control
5827,2026-03-26,treatment
5828,2026-03-20,control
5829,2026-01-05,treatment
5830,2026-02-18,treatment
5831,2026-02-01,treatment
5832,2026-01-06,control
5833,2026-02-28,control
5834,2026-02-15,treatment
5835,2026-02-25,treatment
5836,2026-01-21,control
5837,2026-03-17,treatment
5838,2026-02-08,treatment
5839,2026-01-22,control
5840,2026-01-22,control
5841,2026-01-25,control
5842,2026-01-11,control
5843,2026-03-20,control
5844,2026-01-20,treatment
5845,2026-03-08,control
5846,2026-02-06,treatment
5847,2026-01-11,treatment
5848,2026-03-16,control
5849,2026-03-14,control
5850,2026-03-11,treatment
5851,2026-02-02,treatment
5852,2026-01-04,treatment
5853,2026-03-12,control
5854,2026-03-11,control
5855,2026-03-20,control
5856,2026-01-03,treatment
5857,2026-03-18,treatment
5858,2026-01-07,treatment
5859,2026-01-03,treatment
5860,2026-03-10,control
5861,2026-03-08,treatment
5862,2026-02-05,control
5863,2026-03-07,treatment
5864,2026-01-29,treatment
5865,2026-01-11,treatment
5866,2026-02-03,control
5867,2026-03-22,treatment
5868,2026-02-17,treatment
5869,2026-03-07,control
5870,2026-02-24,control
5871,2026-03-01,treatment
5872,2026-03-02,control
5873,2026-01-10,control
5874,2026-01-09,control
5875,2026-01-11,control
5876,2026-01-15,control
5877,2026-03-04,treatment
5878,2026-02-09,control
5879,2026-02-02,treatment
5880,2026-03-19,control
5881,2026-02-12,control
5882,2026-03-10,control
5883,2026-02-25,treatment
5884,2026-01-17,treatment
5885,2026-02-03,control
5886,2026-01-26,control
5887,2026-03-06,control
5888,2026-02-04,control
5889,2026-02-20,treatment
5890,2026-03-19,control
5891,2026-02-03,treatment
5892,2026-03-30,treatment
5893,2026-01-19,treatment
5894,2026-01-07,treatment
5895,2026-01-18,control
5896,2026-02-13,treatment
5897,2026-01-03,control
5898,2026-02-02,treatment
5899,2026-01-29,treatment
5900,2026-01-29,control
5901,2026-01-18,treatment
5902,2026-02-14,control
5903,2026-01-25,control
5904,2026-03-06,treatment
5905,2026-02-22,control
5906,2026-02-23,treatment
5907,2026-03-11,treatment
5908,2026-02-08,treatment
5909,2026-01-16,control
5910,2026-03-07,control
5911,2026-03-26,treatment
5912,2026-02-07,control
5913,2026-03-06,treatment
5914,2026-02-28,control
5915,2026-01-05,control
5916,2026-01-16,treatment
5917,2026-03-03,treatment
5918,2026-01-31,treatment
5919,2026-01-24,treatment
5920,2026-02-21,control
5921,2026-02-20,control
5922,2026-03-24,control
5923,2026-03-30,treatment
5924,2026-01-02,control
5925,2026-02-11,treatment
5926,2026-03-07,control
5927,2026-01-31,treatment
5928,2026-02-13,treatment
5929,2026-03-04,treatment
5930,2026-03-09,control
5931,2026-03-27,treatment
5932,2026-01-11,control
5933,2026-02-10,control
5934,2026-02-23,control
5935,2026-03-22,control
5936,2026-02-07,treatment
5937,2026-01-05,control
5938,2026-01-29,control
5939,2026-03-25,treatment
5940,2026-01-03,treatment
5941,2026-03-27,treatment
5942,2026-02-17,treatment
5943,2026-01-19,control
5944,2026-01-31,treatment
5945,2026-02-01,control
5946,2026-03-24,control
5947,2026-03-14,control
5948,2026-03-09,treatment
5949,2026-01-02,control
5950,2026-01-08,treatment
5951,2026-03-21,control
5952,2026-01-28,control
5953,2026-01-18,control
5954,2026-01-24,control
5955,2026-03-01,control
5956,2026-03-03,treatment
5957,2026-01-25,treatment
5958,2026-02-21,control
5959,2026-03-16,treatment
5960,2026-02-02,control
5961,2026-01-12,control
5962,2026-01-20,control
5963,2026-03-30,control
5964,2026-02-09,control
5965,2026-03-06,treatment
5966,2026-01-23,control
5967,2026-03-19,treatment
5968,2026-01-18,control
5969,2026-01-11,treatment
5970,2026-03-15,treatment
5971,2026-02-25,control
5972,2026-03-29,control
5973,2026-02-17,treatment
5974,2026-03-09,treatment
5975,2026-02-17,treatment
5976,2026-01-06,control
5977,2026-02-04,treatment
5978,2026-03-26,control
5979,2026-03-27,control
5980,2026-02-10,treatment
5981,2026-03-19,treatment
5982,2026-01-24,treatment
5983,2026-01-28,treatment
5984,2026-03-11,control
5985,2026-01-07,treatment
5986,2026-01-01,control
5987,2026-01-23,control
5988,2026-01-03,control
5989,2026-02-19,treatment
5990,2026-03-10,control
5991,2026-02-27,control
5992,2026-01-15,treatment
5993,2026-03-18,treatment
5994,2026-02-12,treatment
5995,2026-01-28,treatment
5996,2026-02-17,control
5997,2026-01-15,treatment
5998,2026-03-31,treatment
5999,2026-02-11,treatment
6000,2026-01-30,treatment
6001,2026-03-04,control
6002,2026-01-28,control
6003,2026-03-10,treatment
6004,2026-02-12,control
6005,2026-03-20,control
6006,2026-02-13,control
6007,2026-02-28,treatment
6008,2026-02-19,treatment
6009,2026-03-29,treatment
6010,2026-03-21,treatment
6011,2026-02-10,treatment
6012,2026-03-05,treatment
6013,2026-01-20,control
6014,2026-03-19,treatment
6015,2026-02-25,control
6016,2026-02-04,control
6017,2026-03-22,control
6018,2026-03-11,treatment
6019,2026-01-16,treatment
6020,2026-03-28,treatment
6021,2026-01-26,treatment
6022,2026-01-08,treatment
6023,2026-02-01,control
6024,2026-02-09,treatment
6025,2026-01-07,treatment
6026,2026-02-23,treatment
6027,2026-02-09,control
6028,2026-02-22,control
6029,2026-02-14,treatment
6030,2026-02-16,control
6031,2026-01-14,control
6032,2026-03-16,control
6033,2026-02-26,control
6034,2026-01-19,control
6035,2026-01-10,treatment
6036,2026-03-28,treatment
6037,2026-02-17,treatment
6038,2026-03-14,control
6039,2026-02-13,control
6040,2026-01-27,control
6041,2026-01-27,control
6042,2026-01-03,control
6043,2026-02-19,treatment
6044,2026-03-06,treatment
6045,2026-01-10,treatment
6046,2026-01-03,control
6047,2026-01-15,control
6048,2026-02-13,control
6049,2026-02-16,control
6050,2026-02-22,treatment
6051,2026-03-17,control
6052,2026-03-30,treatment
6053,2026-03-22,treatment
6054,2026-01-29,control
6055,2026-02-10,control
6056,2026-03-06,control
6057,2026-01-24,control
6058,2026-03-27,treatment
6059,2026-01-12,treatment
6060,2026-02-11,treatment
6061,2026-03-09,treatment
6062,2026-01-11,control
6063,2026-03-31,control
6064,2026-01-12,control
6065,2026-01-23,control
6066,2026-02-05,treatment
6067,2026-02-27,control
6068,2026-01-30,control
6069,2026-02-21,control
6070,2026-01-29,control
6071,2026-02-01,treatment
6072,2026-02-13,control
6073,2026-01-27,control
6074,2026-02-18,control
6075,2026-02-07,treatment
6076,2026-01-24,treatment
6077,2026-02-06,treatment
6078,2026-02-09,control
6079,2026-02-13,control
6080,2026-02-28,treatment
6081,2026-01-27,control
6082,2026-02-20,control
6083,2026-02-09,treatment
6084,2026-03-09,control
6085,2026-02-25,control
6086,2026-01-25,treatment
6087,2026-01-20,control
6088,2026-02-03,control
6089,2026-02-01,control
6090,2026-02-19,treatment
6091,2026-01-23,control
6092,2026-03-23,control
6093,2026-03-17,treatment
6094,2026-02-25,treatment
6095,2026-03-01,treatment
6096,2026-01-26,control
6097,2026-02-20,control
6098,2026-01-04,treatment
6099,2026-01-13,treatment
6100,2026-02-16,control
6101,2026-01-09,treatment
6102,2026-03-27,control
6103,2026-03-08,treatment
6104,2026-03-02,treatment
6105,2026-03-22,control
6106,2026-02-08,treatment
6107,2026-03-19,treatment
6108,2026-01-07,control
6109,2026-03-14,control
6110,2026-01-11,treatment
6111,2026-01-12,control
6112,2026-03-08,control
6113,2026-03-05,control
6114,2026-01-29,treatment
6115,2026-01-14,control
6116,2026-01-27,treatment
6117,2026-02-11,control
6118,2026-01-21,control
6119,2026-03-26,treatment
6120,2026-03-22,control
6121,2026-02-06,control
6122,2026-01-28,control
6123,2026-01-18,treatment
6124,2026-01-16,control
6125,2026-01-08,control
6126,2026-02-03,control
6127,2026-03-22,control
6128,2026-03-05,control
6129,2026-01-05,treatment
6130,2026-02-07,control
6131,2026-01-30,control
6132,2026-03-10,treatment
6133,2026-02-17,treatment
6134,2026-03-03,control
6135,2026-01-06,control
6136,2026-02-02,control
6137,2026-02-02,treatment
6138,2026-03-20,control
6139,2026-03-10,control
6140,2026-01-07,control
6141,2026-01-15,control
6142,2026-03-08,control
6143,2026-02-02,control
6144,2026-02-15,treatment
6145,2026-02-04,treatment
6146,2026-01-29,treatment
6147,2026-01-12,treatment
6148,2026-02-06,control
6149,2026-03-13,treatment
6150,2026-02-22,treatment
6151,2026-01-16,treatment
6152,2026-01-25,treatment
6153,2026-03-06,control
6154,2026-02-24,control
6155,2026-03-31,control
6156,2026-02-17,control
6157,2026-03-27,control
6158,2026-03-11,control
6159,2026-03-20,control
6160,2026-01-17,treatment
6161,2026-02-05,treatment
6162,2026-02-02,treatment
6163,2026-01-10,control
6164,2026-02-15,treatment
6165,2026-01-06,treatment
6166,2026-03-07,treatment
6167,2026-01-25,treatment
6168,2026-01-31,control
6169,2026-01-23,control
6170,2026-01-28,treatment
6171,2026-02-11,treatment
6172,2026-03-22,control
6173,2026-01-12,control
6174,2026-01-10,control
6175,2026-01-29,control
6176,2026-03-07,treatment
6177,2026-03-09,treatment
6178,2026-03-14,control
6179,2026-03-03,control
6180,2026-01-24,control
6181,2026-03-01,control
6182,2026-02-09,treatment
6183,2026-03-03,treatment
6184,2026-02-16,treatment
6185,2026-03-25,control
6186,2026-03-11,treatment
6187,2026-03-30,treatment
6188,2026-03-20,control
6189,2026-02-14,treatment
6190,2026-02-05,treatment
6191,2026-01-26,treatment
6192,2026-02-01,control
6193,2026-01-18,control
6194,2026-02-01,control
6195,2026-03-20,control
6196,2026-01-18,control
6197,2026-03-20,treatment
6198,2026-01-06,control
6199,2026-01-15,control
6200,2026-03-22,treatment
6201,2026-02-17,treatment
6202,2026-01-29,control
6203,2026-01-18,treatment
6204,2026-01-02,control
6205,2026-01-19,control
6206,2026-01-14,treatment
6207,2026-03-03,control
6208,2026-03-26,control
6209,2026-01-23,control
6210,2026-01-06,treatment
6211,2026-03-31,control
6212,2026-03-04,treatment
6213,2026-02-05,control
6214,2026-03-12,treatment
6215,2026-03-04,control
6216,2026-03-09,control
6217,2026-01-16,treatment
6218,2026-01-31,treatment
6219,2026-02-16,control
6220,2026-02-27,control
6221,2026-02-20,control
6222,2026-01-26,control
6223,2026-02-03,treatment
6224,2026-02-07,control
6225,2026-01-07,treatment
6226,2026-03-16,control
6227,2026-02-28,control
6228,2026-02-24,control
6229,2026-03-10,control
6230,2026-02-12,control
6231,2026-02-22,treatment
6232,2026-03-03,control
6233,2026-02-28,treatment
6234,2026-03-08,control
6235,2026-01-07,control
6236,2026-03-25,control
6237,2026-02-17,control
6238,2026-03-11,treatment
6239,2026-01-04,treatment
6240,2026-02-13,treatment
6241,2026-02-10,treatment
6242,2026-01-20,control
6243,2026-03-22,control
6244,2026-02-12,treatment
6245,2026-03-22,control
6246,2026-02-09,control
6247,2026-02-23,treatment
6248,2026-02-23,treatment
6249,2026-02-27,treatment
6250,2026-02-26,control
6251,2026-03-14,treatment
6252,2026-01-20,control
6253,2026-03-06,control
6254,2026-03-14,control
6255,2026-03-15,treatment
6256,2026-02-07,treatment
6257,2026-02-07,treatment
6258,2026-03-12,control
6259,2026-02-16,control
6260,2026-01-02,control
6261,2026-03-09,treatment
6262,2026-03-11,control
6263,2026-02-15,control
6264,2026-02-19,treatment
6265,2026-02-17,control
6266,2026-02-08,treatment
6267,2026-03-04,control
6268,2026-01-13,treatment
6269,2026-01-26,control
6270,2026-03-21,control
6271,2026-03-14,control
6272,2026-01-05,control
6273,2026-01-16,treatment
6274,2026-01-11,control
6275,2026-03-28,control
6276,2026-03-18,treatment
6277,2026-02-21,control
6278,2026-03-03,treatment
6279,2026-02-25,treatment
6280,2026-03-17,control
6281,2026-03-24,treatment
6282,2026-03-29,control
6283,2026-01-31,control
6284,2026-01-31,control
6285,2026-01-11,treatment
6286,2026-03-14,treatment
6287,2026-02-07,treatment
6288,2026-01-04,treatment
6289,2026-03-16,control
6290,2026-03-24,treatment
6291,2026-03-18,treatment
6292,2026-02-27,treatment
6293,2026-03-20,treatment
6294,2026-03-23,treatment
6295,2026-02-18,control
6296,2026-02-20,treatment
6297,2026-01-30,treatment
6298,2026-02-26,treatment
6299,2026-03-31,control
6300,2026-03-25,treatment
6301,2026-03-18,control
6302,2026-01-28,control
6303,2026-03-10,treatment
6304,2026-01-31,control
6305,2026-01-02,treatment
6306,2026-03-18,control
6307,2026-01-28,treatment
6308,2026-03-28,treatment
6309,2026-02-19,control
6310,2026-03-02,treatment
6311,2026-02-21,control
6312,2026-02-08,treatment
6313,2026-03-23,treatment
6314,2026-01-10,control
6315,2026-01-15,treatment
6316,2026-02-24,treatment
6317,2026-03-29,treatment
6318,2026-03-16,treatment
6319,2026-03-05,control
6320,2026-01-10,treatment
6321,2026-01-06,control
6322,2026-01-27,control
6323,2026-03-06,treatment
6324,2026-01-10,control
6325,2026-02-01,treatment
6326,2026-01-31,control
6327,2026-01-14,treatment
6328,2026-02-21,treatment
6329,2026-01-22,control
6330,2026-01-12,control
6331,2026-02-08,control
6332,2026-02-12,treatment
6333,2026-01-19,treatment
6334,2026-01-02,control
6335,2026-01-07,treatment
6336,2026-03-16,control
6337,2026-03-15,control
6338,2026-03-02,control
6339,2026-01-25,control
6340,2026-02-28,treatment
6341,2026-03-24,treatment
6342,2026-03-18,treatment
6343,2026-03-05,treatment
6344,2026-01-13,control
6345,2026-02-10,control
6346,2026-03-29,treatment
6347,2026-03-12,treatment
6348,2026-01-05,treatment
6349,2026-03-21,control
6350,2026-02-10,treatment
6351,2026-01-14,treatment
6352,2026-01-01,treatment
6353,2026-02-06,treatment
6354,2026-03-24,control
6355,2026-02-24,control
6356,2026-02-12,control
6357,2026-02-16,control
6358,2026-01-25,treatment
6359,2026-01-02,treatment
6360,2026-02-09,control
6361,2026-01-17,control
6362,2026-03-27,treatment
6363,2026-01-23,treatment
6364,2026-01-21,control
6365,2026-02-10,treatment
6366,2026-02-01,control
6367,2026-02-24,control
6368,2026-01-01,control
6369,2026-03-29,treatment
6370,2026-01-20,treatment
6371,2026-03-01,treatment
6372,2026-03-21,control
6373,2026-01-05,treatment
6374,2026-02-13,treatment
6375,2026-02-23,control
6376,2026-01-09,control
6377,2026-03-01,control
6378,2026-03-16,treatment
6379,2026-01-12,control
6380,2026-03-18,control
6381,2026-02-12,treatment
6382,2026-03-30,treatment
6383,2026-01-26,treatment
6384,2026-01-06,treatment
6385,2026-03-01,control
6386,2026-02-09,treatment
6387,2026-02-27,control
6388,2026-03-21,control
6389,2026-03-19,treatment
6390,2026-01-11,control
6391,2026-01-07,control
6392,2026-02-02,treatment
6393,2026-01-12,control
6394,2026-03-23,control
6395,2026-02-19,treatment
6396,2026-01-09,treatment
6397,2026-02-20,treatment
6398,2026-03-07,control
6399,2026-03-11,treatment
6400,2026-03-27,treatment
6401,2026-02-25,control
6402,2026-02-24,control
6403,2026-01-06,control
6404,2026-03-21,treatment
6405,2026-03-11,control
6406,2026-03-13,treatment
6407,2026-03-29,treatment
6408,2026-03-14,control
6409,2026-02-08,treatment
6410,2026-02-26,control
6411,2026-03-21,control
6412,2026-01-07,treatment
6413,2026-01-14,control
6414,2026-02-05,treatment
6415,2026-03-01,treatment
6416,2026-03-17,control
6417,2026-01-28,control
6418,2026-01-19,control
6419,2026-01-18,treatment
6420,2026-01-28,treatment
6421,2026-01-06,control
6422,2026-02-16,treatment
6423,2026-03-19,treatment
6424,2026-02-08,treatment
6425,2026-02-13,control
6426,2026-03-15,control
6427,2026-01-02,control
6428,2026-03-29,control
6429,2026-01-19,control
6430,2026-01-10,control
6431,2026-02-23,control
6432,2026-01-02,control
6433,2026-02-10,control
6434,2026-03-11,treatment
6435,2026-03-03,treatment
6436,2026-01-07,control
6437,2026-03-07,treatment
6438,2026-01-22,control
6439,2026-01-17,treatment
6440,2026-02-01,treatment
6441,2026-02-10,control
6442,2026-01-27,treatment
6443,2026-02-17,treatment
6444,2026-02-28,treatment
6445,2026-01-07,control
6446,2026-01-25,control
6447,2026-01-28,treatment
6448,2026-02-24,control
6449,2026-01-24,treatment
6450,2026-03-04,treatment
6451,2026-03-07,control
6452,2026-01-02,control
6453,2026-02-26,control
6454,2026-02-03,control
6455,2026-01-27,treatment
6456,2026-01-05,treatment
6457,2026-02-13,control
6458,2026-03-10,treatment
6459,2026-01-15,treatment
6460,2026-01-06,treatment
6461,2026-01-13,control
6462,2026-03-19,treatment
6463,2026-01-19,treatment
6464,2026-03-18,control
6465,2026-01-18,treatment
6466,2026-02-16,treatment
6467,2026-02-10,control
6468,2026-03-26,treatment
6469,2026-01-25,treatment
6470,2026-02-02,treatment
6471,2026-02-10,control
6472,2026-01-28,treatment
6473,2026-01-16,treatment
6474,2026-01-11,treatment
6475,2026-02-23,control
6476,2026-03-07,control
6477,2026-01-16,treatment
6478,2026-02-08,control
6479,2026-03-05,control
6480,2026-03-30,control
6481,2026-01-12,treatment
6482,2026-03-20,control
6483,2026-02-04,treatment
6484,2026-02-16,treatment
6485,2026-01-06,treatment
6486,2026-02-10,treatment
6487,2026-01-26,control
6488,2026-01-22,treatment
6489,2026-03-20,control
6490,2026-01-14,treatment
6491,2026-01-22,control
6492,2026-01-22,treatment
6493,2026-03-11,treatment
6494,2026-02-19,control
6495,2026-02-11,treatment
6496,2026-01-13,control
6497,2026-02-05,control
6498,2026-03-21,control
6499,2026-02-14,control
6500,2026-03-29,treatment
6501,2026-01-05,treatment
6502,2026-01-24,control
6503,2026-01-14,treatment
6504,2026-02-28,treatment
6505,2026-01-10,treatment
6506,2026-02-06,control
6507,2026-01-04,treatment
6508,2026-02-17,control
6509,2026-01-17,treatment
6510,2026-03-11,treatment
6511,2026-02-11,treatment
6512,2026-02-24,control
6513,2026-01-18,control
6514,2026-03-01,treatment
6515,2026-01-04,control
6516,2026-01-14,control
6517,2026-03-15,treatment
6518,2026-01-22,treatment
6519,2026-03-08,control
6520,2026-03-19,control
6521,2026-01-12,treatment
6522,2026-03-29,control
6523,2026-03-15,control
6524,2026-02-19,control
6525,2026-01-29,control
6526,2026-01-19,treatment
6527,2026-01-21,control
6528,2026-02-16,control
6529,2026-01-14,treatment
6530,2026-02-12,control
6531,2026-02-15,control
6532,2026-03-01,treatment
6533,2026-01-01,treatment
6534,2026-01-30,control
6535,2026-01-13,control
6536,2026-03-21,control
6537,2026-03-17,control
6538,2026-03-30,treatment
6539,2026-03-23,treatment
6540,2026-03-24,treatment
6541,2026-01-30,treatment
6542,2026-03-30,control
6543,2026-01-01,treatment
6544,2026-01-13,treatment
6545,2026-01-27,control
6546,2026-01-23,treatment
6547,2026-03-13,control
6548,2026-03-10,treatment
6549,2026-01-15,treatment
6550,2026-02-11,control
6551,2026-01-09,treatment
6552,2026-03-28,control
6553,2026-03-05,treatment
6554,2026-01-14,control
6555,2026-03-11,control
6556,2026-01-28,control
6557,2026-01-21,treatment
6558,2026-02-28,control
6559,2026-01-20,treatment
6560,2026-02-06,control
6561,2026-03-21,control
6562,2026-02-02,control
6563,2026-01-14,control
6564,2026-02-19,treatment
6565,2026-01-13,control
6566,2026-03-14,treatment
6567,2026-03-08,treatment
6568,2026-02-08,treatment
6569,2026-02-18,treatment
6570,2026-01-04,treatment
6571,2026-02-27,treatment
6572,2026-03-12,treatment
6573,2026-03-23,treatment
6574,2026-03-06,treatment
6575,2026-01-27,control
6576,2026-02-15,treatment
6577,2026-01-30,control
6578,2026-02-24,treatment
6579,2026-03-20,treatment
6580,2026-02-03,treatment
6581,2026-03-13,treatment
6582,2026-01-10,treatment
6583,2026-03-06,treatment
6584,2026-03-13,control
6585,2026-03-12,control
6586,2026-02-05,control
6587,2026-03-08,control
6588,2026-03-30,treatment
6589,2026-01-06,treatment
6590,2026-03-29,treatment
6591,2026-02-02,control
6592,2026-01-29,treatment
6593,2026-01-10,control
6594,2026-01-18,treatment
6595,2026-02-16,treatment
6596,2026-03-10,control
6597,2026-03-07,control
6598,2026-03-10,control
6599,2026-03-07,control
6600,2026-01-03,control
6601,2026-02-10,control
6602,2026-02-18,control
6603,2026-01-05,control
6604,2026-01-26,control
6605,2026-01-26,treatment
6606,2026-01-05,control
6607,2026-02-10,treatment
6608,2026-02-08,control
6609,2026-02-18,control
6610,2026-01-12,control
6611,2026-03-29,treatment
6612,2026-01-26,control
6613,2026-02-25,treatment
6614,2026-02-20,control
6615,2026-01-01,treatment
6616,2026-01-23,control
6617,2026-03-04,control
6618,2026-02-02,treatment
6619,2026-01-30,control
6620,2026-03-05,control
6621,2026-03-13,treatment
6622,2026-03-14,control
6623,2026-02-09,control
6624,2026-02-11,control
6625,2026-03-02,control
6626,2026-02-23,treatment
6627,2026-02-03,treatment
6628,2026-01-30,treatment
6629,2026-03-29,control
6630,2026-03-21,treatment
6631,2026-01-28,treatment
6632,2026-01-08,control
6633,2026-03-27,treatment
6634,2026-01-09,treatment
6635,2026-01-22,treatment
6636,2026-01-04,control
6637,2026-03-11,control
6638,2026-01-10,treatment
6639,2026-01-29,treatment
6640,2026-02-26,control
6641,2026-01-05,control
6642,2026-03-31,treatment
6643,2026-03-12,control
6644,2026-02-24,control
6645,2026-02-20,treatment
6646,2026-01-23,control
6647,2026-02-23,control
6648,2026-03-15,control
6649,2026-02-15,treatment
6650,2026-02-01,control
6651,2026-01-27,treatment
6652,2026-02-23,treatment
6653,2026-03-22,treatment
6654,2026-02-09,treatment
6655,2026-03-01,treatment
6656,2026-02-15,control
6657,2026-02-13,treatment
6658,2026-01-10,treatment
6659,2026-01-31,treatment
6660,2026-03-25,control
6661,2026-03-21,control
6662,2026-01-28,treatment
6663,2026-02-23,control
6664,2026-02-24,treatment
6665,2026-03-21,control
6666,2026-01-01,treatment
6667,2026-01-28,treatment
6668,2026-02-11,control
6669,2026-02-16,control
6670,2026-03-11,treatment
6671,2026-01-31,control
6672,2026-02-25,control
6673,2026-03-18,treatment
6674,2026-01-29,control
6675,2026-02-15,treatment
6676,2026-02-28,control
6677,2026-03-14,control
6678,2026-03-13,treatment
6679,2026-02-06,control
6680,2026-01-15,control
6681,2026-01-11,treatment
6682,2026-01-06,treatment
6683,2026-02-13,treatment
6684,2026-02-11,treatment
6685,2026-01-23,control
6686,2026-02-09,control
6687,2026-03-04,treatment
6688,2026-01-05,treatment
6689,2026-01-23,treatment
6690,2026-03-03,control
6691,2026-01-22,control
6692,2026-02-22,control
6693,2026-03-11,treatment
6694,2026-01-29,treatment
6695,2026-01-10,control
6696,2026-01-25,control
6697,2026-02-27,control
6698,2026-01-26,control
6699,2026-03-24,treatment
6700,2026-01-11,treatment
6701,2026-02-11,control
6702,2026-03-25,treatment
6703,2026-03-08,treatment
6704,2026-01-06,control
6705,2026-01-26,control
6706,2026-01-04,control
6707,2026-03-28,control
6708,2026-03-12,treatment
6709,2026-01-23,treatment
6710,2026-02-11,control
6711,2026-02-10,control
6712,2026-03-15,treatment
6713,2026-01-10,control
6714,2026-02-15,treatment
6715,2026-03-07,treatment
6716,2026-03-22,treatment
6717,2026-02-01,treatment
6718,2026-02-01,treatment
6719,2026-02-28,treatment
6720,2026-02-22,control
6721,2026-03-23,control
6722,2026-01-20,control
6723,2026-02-04,control
6724,2026-02-10,control
6725,2026-02-16,control
6726,2026-01-12,control
6727,2026-01-15,control
6728,2026-02-14,control
6729,2026-01-08,treatment
6730,2026-02-11,treatment
6731,2026-01-15,treatment
6732,2026-01-03,treatment
6733,2026-02-07,treatment
6734,2026-01-09,treatment
6735,2026-02-27,control
6736,2026-02-20,treatment
6737,2026-01-14,control
6738,2026-03-06,treatment
6739,2026-01-27,treatment
6740,2026-03-01,control
6741,2026-03-27,treatment
6742,2026-03-06,control
6743,2026-01-28,control
6744,2026-02-13,control
6745,2026-01-28,control
6746,2026-01-31,control
6747,2026-03-21,treatment
6748,2026-03-03,treatment
6749,2026-02-18,control
6750,2026-01-25,treatment
6751,2026-02-16,control
6752,2026-02-26,control
6753,2026-03-05,treatment
6754,2026-01-09,treatment
6755,2026-03-19,control
6756,2026-02-18,control
6757,2026-02-01,treatment
6758,2026-03-06,treatment
6759,2026-02-19,control
6760,2026-01-29,control
6761,2026-03-24,control
6762,2026-03-24,treatment
6763,2026-03-23,treatment
6764,2026-01-07,treatment
6765,2026-03-24,control
6766,2026-01-24,treatment
6767,2026-02-01,treatment
6768,2026-03-02,control
6769,2026-02-12,treatment
6770,2026-03-16,control
6771,2026-03-01,control
6772,2026-01-11,treatment
6773,2026-01-13,control
6774,2026-01-09,treatment
6775,2026-01-30,treatment
6776,2026-02-11,control
6777,2026-03-21,control
6778,2026-02-01,treatment
6779,2026-01-09,control
6780,2026-02-19,treatment
6781,2026-02-07,control
6782,2026-03-17,control
6783,2026-01-04,treatment
6784,2026-01-26,control
6785,2026-03-04,treatment
6786,2026-01-01,treatment
6787,2026-02-20,control
6788,2026-03-02,treatment
6789,2026-01-03,treatment
6790,2026-02-20,treatment
6791,2026-03-25,control
6792,2026-02-16,control
6793,2026-01-16,treatment
6794,2026-03-12,treatment
6795,2026-01-06,treatment
6796,2026-03-18,treatment
6797,2026-03-27,treatment
6798,2026-01-13,control
6799,2026-01-25,treatment
6800,2026-03-16,control
6801,2026-03-08,control
6802,2026-02-18,treatment
6803,2026-03-02,control
6804,2026-03-20,control
6805,2026-03-06,treatment
6806,2026-02-21,treatment
6807,2026-02-04,treatment
6808,2026-03-22,treatment
6809,2026-02-21,control
6810,2026-03-16,treatment
6811,2026-03-19,control
6812,2026-01-30,control
6813,2026-03-08,control
6814,2026-02-27,control
6815,2026-01-21,treatment
6816,2026-02-21,control
6817,2026-03-27,treatment
6818,2026-02-18,control
6819,2026-03-03,control
6820,2026-01-10,treatment
6821,2026-02-05,treatment
6822,2026-01-03,treatment
6823,2026-02-02,control
6824,2026-01-31,control
6825,2026-01-18,treatment
6826,2026-02-14,treatment
6827,2026-02-15,control
6828,2026-02-19,treatment
6829,2026-02-05,treatment
6830,2026-02-16,treatment
6831,2026-02-22,control
6832,2026-01-14,treatment
6833,2026-02-13,control
6834,2026-03-15,treatment
6835,2026-03-05,control
6836,2026-03-06,control
6837,2026-01-27,control
6838,2026-03-19,treatment
6839,2026-02-13,treatment
6840,2026-03-21,treatment
6841,2026-01-15,treatment
6842,2026-03-16,treatment
6843,2026-01-27,treatment
6844,2026-03-01,control
6845,2026-01-02,treatment
6846,2026-02-09,control
6847,2026-03-12,control
6848,2026-02-27,control
6849,2026-01-28,control
6850,2026-01-23,treatment
6851,2026-01-21,treatment
6852,2026-03-24,control
6853,2026-01-28,treatment
6854,2026-02-26,control
6855,2026-01-02,control
6856,2026-02-23,control
6857,2026-02-28,control
6858,2026-02-22,control
6859,2026-03-17,control
6860,2026-03-03,control
6861,2026-01-19,control
6862,2026-03-03,treatment
6863,2026-01-22,control
6864,2026-01-04,control
6865,2026-03-25,treatment
6866,2026-02-08,control
6867,2026-02-08,treatment
6868,2026-03-29,control
6869,2026-02-24,treatment
6870,2026-03-10,treatment
6871,2026-03-20,treatment
6872,2026-01-18,treatment
6873,2026-01-14,control
6874,2026-02-08,control
6875,2026-01-07,control
6876,2026-02-11,treatment
6877,2026-02-18,control
6878,2026-03-30,control
6879,2026-01-16,treatment
6880,2026-03-27,control
6881,2026-01-22,control
6882,2026-01-07,treatment
6883,2026-03-18,control
6884,2026-01-24,treatment
6885,2026-01-27,treatment
6886,2026-01-07,treatment
6887,2026-02-18,control
6888,2026-01-18,control
6889,2026-02-24,treatment
6890,2026-02-10,treatment
6891,2026-01-25,treatment
6892,2026-02-24,control
6893,2026-01-14,control
6894,2026-03-15,control
6895,2026-03-04,control
6896,2026-01-08,control
6897,2026-03-31,treatment
6898,2026-01-26,control
6899,2026-03-28,treatment
6900,2026-02-24,treatment
6901,2026-03-24,control
6902,2026-02-11,treatment
6903,2026-03-11,treatment
6904,2026-01-28,control
6905,2026-03-04,control
6906,2026-01-17,treatment
6907,2026-01-14,treatment
6908,2026-03-05,treatment
6909,2026-01-03,treatment
6910,2026-01-22,control
6911,2026-02-13,treatment
6912,2026-03-03,treatment
6913,2026-02-22,treatment
6914,2026-03-24,treatment
6915,2026-03-07,treatment
6916,2026-01-20,treatment
6917,2026-03-05,control
6918,2026-03-06,treatment
6919,2026-03-18,control
6920,2026-03-14,treatment
6921,2026-02-26,treatment
6922,2026-02-26,treatment
6923,2026-02-10,control
6924,2026-01-30,treatment
6925,2026-03-28,control
6926,2026-01-22,control
6927,2026-03-17,control
6928,2026-03-12,treatment
6929,2026-02-25,control
6930,2026-01-30,treatment
6931,2026-03-06,control
6932,2026-03-14,treatment
6933,2026-02-23,treatment
6934,2026-03-17,treatment
6935,2026-02-15,treatment
6936,2026-03-20,treatment
6937,2026-02-06,treatment
6938,2026-03-15,treatment
6939,2026-01-07,control
6940,2026-03-23,control
6941,2026-03-02,treatment
6942,2026-03-25,control
6943,2026-03-25,treatment
6944,2026-02-14,treatment
6945,2026-03-01,control
6946,2026-01-27,treatment
6947,2026-03-29,treatment
6948,2026-01-18,treatment
6949,2026-01-18,treatment
6950,2026-02-05,treatment
6951,2026-02-09,treatment
6952,2026-01-23,treatment
6953,2026-03-28,control
6954,2026-03-17,treatment
6955,2026-01-19,treatment
6956,2026-03-17,control
6957,2026-01-29,control
6958,2026-02-09,treatment
6959,2026-03-30,control
6960,2026-03-14,treatment
6961,2026-02-01,control
6962,2026-02-27,control
6963,2026-03-14,treatment
6964,2026-02-21,control
6965,2026-01-23,control
6966,2026-03-14,treatment
6967,2026-02-01,treatment
6968,2026-03-14,control
6969,2026-02-18,treatment
6970,2026-03-13,treatment
6971,2026-03-16,treatment
6972,2026-02-19,control
6973,2026-01-30,control
6974,2026-01-29,treatment
6975,2026-01-04,treatment
6976,2026-02-06,control
6977,2026-01-19,treatment
6978,2026-03-03,control
6979,2026-03-01,treatment
6980,2026-03-23,treatment
6981,2026-01-15,treatment
6982,2026-03-07,treatment
6983,2026-01-21,control
6984,2026-03-13,treatment
6985,2026-03-14,control
6986,2026-01-27,treatment
6987,2026-03-29,treatment
6988,2026-02-09,control
6989,2026-02-27,control
6990,2026-03-09,control
6991,2026-02-24,control
6992,2026-03-20,control
6993,2026-01-07,treatment
6994,2026-02-16,treatment
6995,2026-03-13,treatment
6996,2026-01-02,treatment
6997,2026-02-12,treatment
6998,2026-03-21,control
6999,2026-01-30,treatment
7000,2026-01-09,treatment
7001,2026-02-04,treatment
7002,2026-02-17,treatment
7003,2026-01-09,treatment
7004,2026-02-13,treatment
7005,2026-03-01,treatment
7006,2026-03-28,control
7007,2026-03-02,treatment
7008,2026-01-12,control
7009,2026-03-26,control
7010,2026-03-01,treatment
7011,2026-03-17,control
7012,2026-01-28,treatment
7013,2026-01-03,control
7014,2026-02-09,treatment
7015,2026-02-02,control
7016,2026-02-07,treatment
7017,2026-03-26,control
7018,2026-02-01,control
7019,2026-01-25,control
7020,2026-03-21,treatment
7021,2026-03-22,treatment
7022,2026-03-06,treatment
7023,2026-01-12,control
7024,2026-03-22,control
7025,2026-01-04,control
7026,2026-03-14,treatment
7027,2026-03-08,treatment
7028,2026-02-07,control
7029,2026-01-18,treatment
7030,2026-01-06,treatment
7031,2026-01-04,control
7032,2026-01-27,control
7033,2026-02-12,control
7034,2026-02-01,control
7035,2026-02-24,control
7036,2026-01-10,treatment
7037,2026-03-05,control
7038,2026-01-14,treatment
7039,2026-02-09,treatment
7040,2026-01-03,treatment
7041,2026-03-25,treatment
7042,2026-02-09,control
7043,2026-02-03,control
7044,2026-01-16,control
7045,2026-01-21,treatment
7046,2026-01-25,treatment
7047,2026-01-09,control
7048,2026-02-13,control
7049,2026-01-14,treatment
7050,2026-01-15,control
7051,2026-01-09,treatment
7052,2026-01-06,control
7053,2026-03-16,control
7054,2026-03-10,control
7055,2026-03-02,control
7056,2026-03-21,control
7057,2026-02-10,treatment
7058,2026-01-31,control
7059,2026-02-08,treatment
7060,2026-02-11,control
7061,2026-01-10,control
7062,2026-01-26,control
7063,2026-02-12,control
7064,2026-02-11,control
7065,2026-02-05,control
7066,2026-01-09,treatment
7067,2026-01-26,treatment
7068,2026-02-11,treatment
7069,2026-01-20,control
7070,2026-02-11,treatment
7071,2026-01-29,treatment
7072,2026-01-28,control
7073,2026-03-25,control
7074,2026-03-20,treatment
7075,2026-03-05,treatment
7076,2026-02-07,control
7077,2026-03-14,control
7078,2026-01-14,treatment
7079,2026-01-17,control
7080,2026-03-09,treatment
7081,2026-03-23,treatment
7082,2026-01-14,treatment
7083,2026-02-14,treatment
7084,2026-01-08,control
7085,2026-03-29,treatment
7086,2026-02-03,treatment
7087,2026-03-15,treatment
7088,2026-03-13,control
7089,2026-01-15,control
7090,2026-03-27,control
7091,2026-03-28,control
7092,2026-03-01,treatment
7093,2026-03-28,treatment
7094,2026-03-22,treatment
7095,2026-02-20,treatment
7096,2026-02-21,control
7097,2026-03-31,control
7098,2026-01-18,control
7099,2026-02-12,control
7100,2026-02-20,control
7101,2026-01-09,control
7102,2026-03-08,control
7103,2026-02-26,treatment
7104,2026-01-07,control
7105,2026-03-18,control
7106,2026-02-07,control
7107,2026-01-10,treatment
7108,2026-01-08,treatment
7109,2026-01-25,control
7110,2026-02-05,control
7111,2026-02-06,treatment
7112,2026-02-20,treatment
7113,2026-03-01,treatment
7114,2026-03-06,treatment
7115,2026-02-09,treatment
7116,2026-02-01,treatment
7117,2026-03-09,control
7118,2026-01-12,treatment
7119,2026-03-23,control
7120,2026-02-14,treatment
7121,2026-02-26,control
7122,2026-01-12,control
7123,2026-01-08,treatment
7124,2026-01-09,treatment
7125,2026-02-05,control
7126,2026-03-07,treatment
7127,2026-03-28,control
7128,2026-02-24,control
7129,2026-02-08,treatment
7130,2026-02-17,control
7131,2026-01-16,control
7132,2026-01-16,treatment
7133,2026-03-19,control
7134,2026-03-24,control
7135,2026-03-17,control
7136,2026-03-19,treatment
7137,2026-03-07,control
7138,2026-03-17,control
7139,2026-01-05,treatment
7140,2026-01-06,control
7141,2026-03-22,control
7142,2026-01-07,treatment
7143,2026-01-24,treatment
7144,2026-02-12,control
7145,2026-02-17,treatment
7146,2026-01-26,treatment
7147,2026-03-21,control
7148,2026-01-31,treatment
7149,2026-03-12,treatment
7150,2026-03-05,treatment
7151,2026-01-05,treatment
7152,2026-03-26,treatment
7153,2026-01-19,treatment
7154,2026-02-24,treatment
7155,2026-02-24,treatment
7156,2026-01-03,treatment
7157,2026-03-29,treatment
7158,2026-01-04,treatment
7159,2026-02-08,control
7160,2026-01-21,control
7161,2026-01-19,treatment
7162,2026-01-01,control
7163,2026-01-12,treatment
7164,2026-01-13,treatment
7165,2026-03-02,treatment
7166,2026-01-05,control
7167,2026-02-18,treatment
7168,2026-01-25,control
7169,2026-01-04,treatment
7170,2026-01-05,control
7171,2026-03-17,treatment
7172,2026-03-24,treatment
7173,2026-02-25,treatment
7174,2026-02-17,treatment
7175,2026-01-22,control
7176,2026-03-19,control
7177,2026-02-14,control
7178,2026-03-03,treatment
7179,2026-03-12,treatment
7180,2026-02-11,control
7181,2026-01-30,control
7182,2026-02-11,control
7183,2026-03-22,treatment
7184,2026-03-06,control
7185,2026-03-04,control
7186,2026-01-29,control
7187,2026-01-29,control
7188,2026-02-17,control
7189,2026-01-03,control
7190,2026-01-11,treatment
7191,2026-02-20,treatment
7192,2026-03-12,control
7193,2026-02-04,treatment
7194,2026-01-30,control
7195,2026-03-05,treatment
7196,2026-01-17,treatment
7197,2026-01-09,control
7198,2026-03-08,treatment
7199,2026-02-14,treatment
7200,2026-01-09,treatment
7201,2026-02-27,control
7202,2026-03-27,control
7203,2026-02-01,control
7204,2026-03-04,treatment
7205,2026-03-05,treatment
7206,2026-03-08,control
7207,2026-02-12,treatment
7208,2026-01-08,control
7209,2026-01-12,control
7210,2026-02-20,treatment
7211,2026-02-16,treatment
7212,2026-01-03,treatment
7213,2026-01-22,treatment
7214,2026-01-30,treatment
7215,2026-03-15,treatment
7216,2026-03-07,control
7217,2026-03-19,treatment
7218,2026-01-20,treatment
7219,2026-03-20,control
7220,2026-03-04,control
7221,2026-01-05,control
7222,2026-02-19,control
7223,2026-01-24,treatment
7224,2026-03-23,control
7225,2026-02-09,treatment
7226,2026-02-14,control
7227,2026-03-26,control
7228,2026-01-28,control
7229,2026-02-26,control
7230,2026-03-20,treatment
7231,2026-02-21,control
7232,2026-02-13,control
7233,2026-01-28,control
7234,2026-01-26,control
7235,2026-03-17,treatment
7236,2026-02-07,treatment
7237,2026-01-30,control
7238,2026-02-09,treatment
7239,2026-01-06,control
7240,2026-01-21,treatment
7241,2026-03-23,treatment
7242,2026-03-13,control
7243,2026-03-22,treatment
7244,2026-03-15,treatment
7245,2026-01-04,control
7246,2026-02-10,treatment
7247,2026-01-12,treatment
7248,2026-01-02,control
7249,2026-01-22,treatment
7250,2026-01-10,treatment
7251,2026-03-23,treatment
7252,2026-02-15,treatment
7253,2026-03-26,treatment
7254,2026-01-24,treatment
7255,2026-02-15,treatment
7256,2026-01-30,control
7257,2026-02-16,control
7258,2026-02-17,treatment
7259,2026-01-04,treatment
7260,2026-03-01,control
7261,2026-01-19,treatment
7262,2026-01-17,treatment
7263,2026-03-31,treatment
7264,2026-03-03,control
7265,2026-01-09,treatment
7266,2026-01-10,control
7267,2026-01-08,control
7268,2026-02-20,treatment
7269,2026-03-02,treatment
7270,2026-03-02,control
7271,2026-01-01,treatment
7272,2026-01-27,treatment
7273,2026-01-17,control
7274,2026-03-17,control
7275,2026-01-14,treatment
7276,2026-03-12,treatment
7277,2026-01-22,control
7278,2026-03-21,treatment
7279,2026-01-29,treatment
7280,2026-01-31,treatment
7281,2026-02-18,treatment
7282,2026-03-25,control
7283,2026-02-10,control
7284,2026-02-13,control
7285,2026-02-04,treatment
7286,2026-01-29,treatment
7287,2026-03-30,treatment
7288,2026-02-26,control
7289,2026-03-29,treatment
7290,2026-03-21,control
7291,2026-02-08,control
7292,2026-03-22,control
7293,2026-01-12,treatment
7294,2026-01-22,control
7295,2026-02-11,treatment
7296,2026-01-14,treatment
7297,2026-01-02,treatment
7298,2026-02-10,control
7299,2026-01-06,treatment
7300,2026-03-26,treatment
7301,2026-02-18,control
7302,2026-03-28,treatment
7303,2026-02-27,treatment
7304,2026-01-25,control
7305,2026-03-01,treatment
7306,2026-01-07,control
7307,2026-02-15,control
7308,2026-03-05,treatment
7309,2026-02-10,control
7310,2026-01-21,control
7311,2026-03-24,control
7312,2026-01-19,control
7313,2026-01-25,control
7314,2026-03-08,treatment
7315,2026-01-24,control
7316,2026-01-19,control
7317,2026-01-14,treatment
7318,2026-03-12,treatment
7319,2026-01-11,control
7320,2026-03-25,control
7321,2026-01-14,control
7322,2026-01-14,control
7323,2026-03-28,control
7324,2026-02-19,treatment
7325,2026-03-06,treatment
7326,2026-03-05,control
7327,2026-01-27,treatment
7328,2026-02-18,control
7329,2026-02-12,control
7330,2026-03-23,control
7331,2026-03-18,control
7332,2026-01-07,treatment
7333,2026-02-28,control
7334,2026-03-31,treatment
7335,2026-02-10,control
7336,2026-02-20,treatment
7337,2026-03-10,treatment
7338,2026-01-20,control
7339,2026-01-26,control
7340,2026-02-26,treatment
7341,2026-03-29,treatment
7342,2026-03-01,control
7343,2026-03-11,treatment
7344,2026-01-01,control
7345,2026-01-09,control
7346,2026-03-17,treatment
7347,2026-03-11,control
7348,2026-01-07,control
7349,2026-02-05,control
7350,2026-01-20,control
7351,2026-02-24,control
7352,2026-02-23,control
7353,2026-01-02,treatment
7354,2026-03-11,treatment
7355,2026-01-16,control
7356,2026-02-27,control
7357,2026-03-16,treatment
7358,2026-02-25,control
7359,2026-03-30,control
7360,2026-02-14,treatment
7361,2026-01-25,control
7362,2026-02-16,treatment
7363,2026-03-07,treatment
7364,2026-02-08,treatment
7365,2026-01-09,control
7366,2026-01-25,control
7367,2026-02-16,control
7368,2026-02-02,treatment
7369,2026-03-24,treatment
7370,2026-03-21,treatment
7371,2026-02-28,control
7372,2026-02-04,treatment
7373,2026-01-16,treatment
7374,2026-03-10,treatment
7375,2026-03-27,treatment
7376,2026-02-25,control
7377,2026-01-02,control
7378,2026-01-21,treatment
7379,2026-02-19,control
7380,2026-01-14,control
7381,2026-02-21,control
7382,2026-01-12,control
7383,2026-02-10,treatment
7384,2026-02-14,control
7385,2026-02-28,control
7386,2026-01-19,treatment
7387,2026-02-23,treatment
7388,2026-01-24,control
7389,2026-02-08,control
7390,2026-03-17,control
7391,2026-01-06,control
7392,2026-02-13,control
7393,2026-03-26,control
7394,2026-01-30,treatment
7395,2026-02-08,treatment
7396,2026-01-17,treatment
7397,2026-01-15,control
7398,2026-02-09,control
7399,2026-02-21,treatment
7400,2026-01-24,treatment
7401,2026-02-20,treatment
7402,2026-01-04,control
7403,2026-02-17,control
7404,2026-03-20,treatment
7405,2026-03-06,treatment
7406,2026-02-21,control
7407,2026-03-28,treatment
7408,2026-03-16,treatment
7409,2026-01-06,treatment
7410,2026-03-08,control
7411,2026-03-07,treatment
7412,2026-01-02,treatment
7413,2026-02-06,control
7414,2026-02-28,treatment
7415,2026-03-01,treatment
7416,2026-01-13,treatment
7417,2026-01-22,control
7418,2026-01-07,treatment
7419,2026-02-15,control
7420,2026-01-03,control
7421,2026-02-26,control
7422,2026-03-18,control
7423,2026-03-12,control
7424,2026-02-21,control
7425,2026-03-02,treatment
7426,2026-03-11,control
7427,2026-03-11,treatment
7428,2026-02-27,control
7429,2026-03-30,treatment
7430,2026-01-13,treatment
7431,2026-02-13,treatment
7432,2026-02-24,treatment
7433,2026-03-17,treatment
7434,2026-01-11,control
7435,2026-01-28,control
7436,2026-01-05,control
7437,2026-01-28,control
7438,2026-01-31,control
7439,2026-01-30,control
7440,2026-01-09,treatment
7441,2026-02-22,treatment
7442,2026-03-05,treatment
7443,2026-01-19,treatment
7444,2026-02-24,control
7445,2026-02-03,control
7446,2026-03-03,treatment
7447,2026-02-11,treatment
7448,2026-03-23,control
7449,2026-03-08,control
7450,2026-02-02,control
7451,2026-02-13,control
7452,2026-02-20,control
7453,2026-01-11,control
7454,2026-02-03,treatment
7455,2026-01-25,treatment
7456,2026-01-13,treatment
7457,2026-01-23,treatment
7458,2026-03-17,treatment
7459,2026-03-14,control
7460,2026-02-21,treatment
7461,2026-02-25,control
7462,2026-02-26,treatment
7463,2026-03-04,control
7464,2026-01-24,treatment
7465,2026-02-20,treatment
7466,2026-03-16,control
7467,2026-01-04,control
7468,2026-02-15,control
7469,2026-01-10,treatment
7470,2026-01-07,treatment
7471,2026-02-25,control
7472,2026-01-29,treatment
7473,2026-02-15,control
7474,2026-02-10,control
7475,2026-02-20,control
7476,2026-01-31,treatment
7477,2026-02-16,control
7478,2026-01-11,control
7479,2026-01-23,control
7480,2026-01-30,treatment
7481,2026-02-17,treatment
7482,2026-01-01,treatment
7483,2026-03-22,treatment
7484,2026-01-20,treatment
7485,2026-03-17,control
7486,2026-02-27,treatment
7487,2026-01-28,control
7488,2026-02-18,control
7489,2026-01-25,control
7490,2026-02-03,control
7491,2026-03-15,treatment
7492,2026-03-28,treatment
7493,2026-02-12,treatment
7494,2026-01-05,control
7495,2026-02-09,treatment
7496,2026-02-27,treatment
7497,2026-02-15,control
7498,2026-02-25,treatment
7499,2026-01-14,treatment
7500,2026-02-16,control
7501,2026-02-07,treatment
7502,2026-01-24,treatment
7503,2026-03-28,control
7504,2026-02-15,control
7505,2026-02-01,treatment
7506,2026-02-12,treatment
7507,2026-02-27,treatment
7508,2026-01-14,treatment
7509,2026-03-30,treatment
7510,2026-01-22,treatment
7511,2026-01-10,treatment
7512,2026-02-09,treatment
7513,2026-03-28,control
7514,2026-02-03,treatment
7515,2026-02-21,treatment
7516,2026-01-12,treatment
7517,2026-02-14,treatment
7518,2026-01-22,treatment
7519,2026-01-01,control
7520,2026-02-23,control
7521,2026-02-17,control
7522,2026-03-05,control
7523,2026-03-31,control
7524,2026-03-09,control
7525,2026-03-19,control
7526,2026-02-18,control
7527,2026-03-26,treatment
7528,2026-01-05,treatment
7529,2026-03-12,control
7530,2026-01-21,control
7531,2026-03-29,control
7532,2026-03-07,control
7533,2026-01-18,control
7534,2026-01-26,control
7535,2026-01-07,control
7536,2026-03-02,treatment
7537,2026-01-19,treatment
7538,2026-02-28,treatment
7539,2026-01-06,control
7540,2026-02-16,control
7541,2026-01-20,treatment
7542,2026-01-28,control
7543,2026-02-08,treatment
7544,2026-01-08,treatment
7545,2026-02-03,treatment
7546,2026-03-07,control
7547,2026-02-01,treatment
7548,2026-01-23,control
7549,2026-02-13,control
7550,2026-01-26,control
7551,2026-03-22,treatment
7552,2026-01-12,treatment
7553,2026-02-13,control
7554,2026-03-07,control
7555,2026-02-04,treatment
7556,2026-03-28,treatment
7557,2026-03-31,control
7558,2026-02-13,control
7559,2026-03-05,treatment
7560,2026-02-02,treatment
7561,2026-03-27,treatment
7562,2026-02-16,control
7563,2026-02-25,control
7564,2026-02-05,control
7565,2026-02-08,control
7566,2026-01-28,treatment
7567,2026-01-23,control
7568,2026-03-29,treatment
7569,2026-01-31,treatment
7570,2026-03-26,treatment
7571,2026-01-01,treatment
7572,2026-02-26,treatment
7573,2026-03-15,control
7574,2026-01-02,control
7575,2026-01-06,control
7576,2026-02-03,treatment
7577,2026-01-29,treatment
7578,2026-01-18,control
7579,2026-02-15,control
7580,2026-02-22,control
7581,2026-03-19,control
7582,2026-02-05,treatment
7583,2026-03-13,control
7584,2026-02-07,treatment
7585,2026-03-10,treatment
7586,2026-03-25,control
7587,2026-02-06,control
7588,2026-03-23,treatment
7589,2026-02-20,treatment
7590,2026-01-25,control
7591,2026-03-19,control
7592,2026-02-26,treatment
7593,2026-02-20,treatment
7594,2026-03-19,treatment
7595,2026-02-28,treatment
7596,2026-03-28,treatment
7597,2026-01-01,control
7598,2026-03-08,treatment
7599,2026-02-13,control
7600,2026-01-09,treatment
7601,2026-02-01,treatment
7602,2026-03-03,treatment
7603,2026-01-06,treatment
7604,2026-02-14,treatment
7605,2026-03-02,treatment
7606,2026-01-26,treatment
7607,2026-03-20,treatment
7608,2026-03-22,control
7609,2026-02-27,control
7610,2026-02-27,treatment
7611,2026-01-25,treatment
7612,2026-03-24,treatment
7613,2026-02-14,treatment
7614,2026-01-07,control
7615,2026-02-01,control
7616,2026-03-12,treatment
7617,2026-02-21,control
7618,2026-02-22,treatment
7619,2026-03-04,treatment
7620,2026-01-28,treatment
7621,2026-01-24,control
7622,2026-03-20,treatment
7623,2026-02-13,control
7624,2026-03-13,control
7625,2026-02-26,control
7626,2026-02-21,control
7627,2026-02-15,treatment
7628,2026-03-29,treatment
7629,2026-02-22,control
7630,2026-03-13,treatment
7631,2026-01-21,treatment
7632,2026-02-12,treatment
7633,2026-02-18,treatment
7634,2026-01-05,treatment
7635,2026-03-31,control
7636,2026-02-24,control
7637,2026-01-10,control
7638,2026-02-09,treatment
7639,2026-03-30,treatment
7640,2026-02-22,control
7641,2026-01-20,control
7642,2026-01-05,treatment
7643,2026-02-06,control
7644,2026-03-16,treatment
7645,2026-01-25,treatment
7646,2026-03-14,control
7647,2026-02-20,control
7648,2026-03-09,control
7649,2026-03-23,control
7650,2026-03-12,treatment
7651,2026-03-04,treatment
7652,2026-01-17,control
7653,2026-03-08,treatment
7654,2026-02-16,control
7655,2026-01-19,control
7656,2026-03-10,treatment
7657,2026-03-23,treatment
7658,2026-02-26,treatment
7659,2026-03-20,control
7660,2026-02-16,treatment
7661,2026-03-22,control
7662,2026-02-01,treatment
7663,2026-01-03,treatment
7664,2026-03-01,treatment
7665,2026-02-01,control
7666,2026-01-04,control
7667,2026-02-18,treatment
7668,2026-01-03,control
7669,2026-02-16,treatment
7670,2026-02-09,treatment
7671,2026-01-25,treatment
7672,2026-02-19,control
7673,2026-02-06,treatment
7674,2026-01-30,control
7675,2026-01-08,control
7676,2026-03-03,treatment
7677,2026-01-07,control
7678,2026-03-25,treatment
7679,2026-03-18,treatment
7680,2026-01-12,treatment
7681,2026-02-01,treatment
7682,2026-02-12,treatment
7683,2026-02-21,control
7684,2026-03-26,treatment
7685,2026-01-03,control
7686,2026-03-27,treatment
7687,2026-02-28,control
7688,2026-02-14,treatment
7689,2026-01-29,control
7690,2026-03-11,control
7691,2026-01-04,control
7692,2026-01-18,control
7693,2026-03-19,control
7694,2026-03-14,control
7695,2026-02-11,control
7696,2026-03-29,treatment
7697,2026-02-05,control
7698,2026-01-30,treatment
7699,2026-01-13,control
7700,2026-01-22,treatment
7701,2026-01-22,control
7702,2026-01-11,treatment
7703,2026-03-29,treatment
7704,2026-02-10,treatment
7705,2026-03-31,control
7706,2026-01-30,treatment
7707,2026-03-22,control
7708,2026-02-14,control
7709,2026-01-22,control
7710,2026-02-16,treatment
7711,2026-01-20,control
7712,2026-03-19,treatment
7713,2026-01-28,control
7714,2026-03-21,control
7715,2026-03-09,control
7716,2026-02-09,control
7717,2026-02-11,treatment
7718,2026-03-10,treatment
7719,2026-01-03,treatment
7720,2026-02-20,control
7721,2026-03-05,control
7722,2026-03-07,treatment
7723,2026-03-22,control
7724,2026-03-05,control
7725,2026-02-09,treatment
7726,2026-03-16,control
7727,2026-01-16,control
7728,2026-01-15,control
7729,2026-01-01,treatment
7730,2026-03-13,control
7731,2026-01-28,treatment
7732,2026-01-21,control
7733,2026-01-17,control
7734,2026-03-03,control
7735,2026-02-12,treatment
7736,2026-03-28,control
7737,2026-03-03,treatment
7738,2026-02-22,control
7739,2026-01-16,control
7740,2026-03-21,control
7741,2026-01-28,treatment
7742,2026-03-14,control
7743,2026-01-01,treatment
7744,2026-03-05,treatment
7745,2026-03-11,treatment
7746,2026-01-07,treatment
7747,2026-03-05,treatment
7748,2026-01-03,treatment
7749,2026-02-18,control
7750,2026-03-23,treatment
7751,2026-02-05,treatment
7752,2026-03-04,control
7753,2026-01-18,treatment
7754,2026-02-19,treatment
7755,2026-02-11,control
7756,2026-01-01,treatment
7757,2026-03-17,control
7758,2026-01-12,control
7759,2026-01-06,control
7760,2026-03-04,treatment
7761,2026-03-16,control
7762,2026-01-22,treatment
7763,2026-03-03,control
7764,2026-02-02,control
7765,2026-03-11,treatment
7766,2026-03-16,control
7767,2026-02-21,treatment
7768,2026-01-30,control
7769,2026-02-02,treatment
7770,2026-02-16,treatment
7771,2026-01-17,control
7772,2026-01-07,control
7773,2026-03-02,control
7774,2026-02-14,treatment
7775,2026-02-15,treatment
7776,2026-03-06,control
7777,2026-02-12,control
7778,2026-01-21,treatment
7779,2026-01-01,control
7780,2026-02-22,treatment
7781,2026-02-23,treatment
7782,2026-02-22,control
7783,2026-01-08,treatment
7784,2026-03-15,control
7785,2026-03-23,control
7786,2026-02-02,treatment
7787,2026-01-03,treatment
7788,2026-03-22,treatment
7789,2026-02-28,treatment
7790,2026-02-12,control
7791,2026-01-17,treatment
7792,2026-01-03,treatment
7793,2026-01-21,control
7794,2026-01-07,control
7795,2026-01-16,treatment
7796,2026-03-23,treatment
7797,2026-03-03,control
7798,2026-01-07,treatment
7799,2026-03-13,control
7800,2026-03-13,control
7801,2026-01-17,control
7802,2026-03-30,treatment
7803,2026-01-12,control
7804,2026-03-17,control
7805,2026-01-28,control
7806,2026-02-06,treatment
7807,2026-02-09,treatment
7808,2026-01-21,control
7809,2026-03-18,treatment
7810,2026-01-15,control
7811,2026-02-25,control
7812,2026-02-03,treatment
7813,2026-03-29,treatment
7814,2026-02-14,control
7815,2026-03-21,treatment
7816,2026-02-12,control
7817,2026-03-05,treatment
7818,2026-02-25,treatment
7819,2026-02-03,treatment
7820,2026-03-13,control
7821,2026-01-30,treatment
7822,2026-01-15,treatment
7823,2026-03-02,control
7824,2026-01-30,control
7825,2026-03-06,treatment
7826,2026-03-08,control
7827,2026-03-07,treatment
7828,2026-03-22,control
7829,2026-03-12,treatment
7830,2026-03-17,control
7831,2026-03-27,treatment
7832,2026-03-29,treatment
7833,2026-01-04,control
7834,2026-03-13,treatment
7835,2026-03-19,treatment
7836,2026-03-29,control
7837,2026-01-19,control
7838,2026-03-26,treatment
7839,2026-03-31,treatment
7840,2026-02-28,control
7841,2026-02-04,treatment
7842,2026-03-05,control
7843,2026-01-12,control
7844,2026-01-28,treatment
7845,2026-02-19,control
7846,2026-03-22,control
7847,2026-02-10,treatment
7848,2026-03-04,control
7849,2026-02-20,control
7850,2026-03-22,treatment
7851,2026-03-21,treatment
7852,2026-01-20,treatment
7853,2026-02-12,treatment
7854,2026-02-03,control
7855,2026-03-01,control
7856,2026-01-08,treatment
7857,2026-01-22,control
7858,2026-03-25,control
7859,2026-03-13,treatment
7860,2026-03-14,treatment
7861,2026-02-28,treatment
7862,2026-03-10,control
7863,2026-02-13,control
7864,2026-02-09,control
7865,2026-02-08,treatment
7866,2026-01-01,control
7867,2026-01-29,control
7868,2026-03-29,control
7869,2026-03-11,treatment
7870,2026-02-04,treatment
7871,2026-01-14,control
7872,2026-01-23,control
7873,2026-02-24,control
7874,2026-03-18,control
7875,2026-01-31,treatment
7876,2026-01-19,control
7877,2026-02-06,treatment
7878,2026-01-16,treatment
7879,2026-02-11,treatment
7880,2026-02-12,treatment
7881,2026-01-28,control
7882,2026-02-11,control
7883,2026-02-23,control
7884,2026-03-21,treatment
7885,2026-03-11,control
7886,2026-03-31,control
7887,2026-02-21,control
7888,2026-01-24,control
7889,2026-01-07,treatment
7890,2026-01-19,treatment
7891,2026-02-02,treatment
7892,2026-02-12,treatment
7893,2026-02-21,control
7894,2026-02-09,control
7895,2026-01-30,control
7896,2026-03-16,treatment
7897,2026-02-24,treatment
7898,2026-01-09,control
7899,2026-02-17,treatment
7900,2026-01-15,control
7901,2026-03-13,control
7902,2026-01-19,treatment
7903,2026-02-17,treatment
7904,2026-01-08,treatment
7905,2026-03-26,treatment
7906,2026-01-06,control
7907,2026-02-27,treatment
7908,2026-02-16,treatment
7909,2026-01-06,treatment
7910,2026-03-22,control
7911,2026-02-06,treatment
7912,2026-03-16,control
7913,2026-02-11,control
7914,2026-01-18,treatment
7915,2026-01-26,treatment
7916,2026-01-13,treatment
7917,2026-02-06,treatment
7918,2026-02-25,control
7919,2026-02-19,treatment
7920,2026-01-30,control
7921,2026-02-01,treatment
7922,2026-02-15,control
7923,2026-01-26,treatment
7924,2026-03-06,treatment
7925,2026-01-30,treatment
7926,2026-03-22,control
7927,2026-01-23,control
7928,2026-01-17,control
7929,2026-03-27,control
7930,2026-01-07,treatment
7931,2026-01-02,control
7932,2026-01-21,treatment
7933,2026-01-16,control
7934,2026-02-19,control
7935,2026-03-19,treatment
7936,2026-01-09,control
7937,2026-02-16,control
7938,2026-01-30,control
7939,2026-03-11,control
7940,2026-01-28,treatment
7941,2026-01-28,control
7942,2026-01-10,control
7943,2026-01-01,treatment
7944,2026-03-30,treatment
7945,2026-02-08,treatment
7946,2026-03-18,control
7947,2026-03-29,treatment
7948,2026-02-23,control
7949,2026-02-19,control
7950,2026-03-21,treatment
7951,2026-03-08,treatment
7952,2026-01-26,treatment
7953,2026-03-31,treatment
7954,2026-03-18,control
7955,2026-01-02,treatment
7956,2026-03-03,treatment
7957,2026-01-04,control
7958,2026-01-21,control
7959,2026-02-26,control
7960,2026-03-02,treatment
7961,2026-01-20,control
7962,2026-02-16,control
7963,2026-01-09,treatment
7964,2026-02-14,treatment
7965,2026-01-24,control
7966,2026-03-25,treatment
7967,2026-03-13,treatment
7968,2026-02-05,treatment
7969,2026-02-08,control
7970,2026-03-24,control
7971,2026-03-20,treatment
7972,2026-03-16,control
7973,2026-02-19,treatment
7974,2026-02-08,control
7975,2026-02-25,treatment
7976,2026-03-11,treatment
7977,2026-01-10,treatment
7978,2026-01-11,treatment
7979,2026-02-09,treatment
7980,2026-02-15,control
7981,2026-01-17,control
7982,2026-01-06,treatment
7983,2026-02-15,treatment
7984,2026-01-18,treatment
7985,2026-01-14,treatment
7986,2026-02-02,control
7987,2026-03-24,treatment
7988,2026-01-09,treatment
7989,2026-02-11,treatment
7990,2026-03-22,treatment
7991,2026-01-01,treatment
7992,2026-03-20,treatment
7993,2026-03-12,control
7994,2026-01-01,treatment
7995,2026-02-07,control
7996,2026-01-09,control
7997,2026-02-04,control
7998,2026-03-26,control
7999,2026-03-17,control
8000,2026-01-01,treatment
8001,2026-03-15,treatment
8002,2026-03-28,treatment
8003,2026-02-27,control
8004,2026-02-21,control
8005,2026-03-01,treatment
8006,2026-02-19,treatment
8007,2026-01-22,treatment
8008,2026-01-04,treatment
8009,2026-01-05,treatment
8010,2026-02-02,treatment
8011,2026-03-08,treatment
8012,2026-03-17,treatment
8013,2026-01-21,treatment
8014,2026-01-30,control
8015,2026-01-01,control
8016,2026-03-23,control
8017,2026-01-15,treatment
8018,2026-02-16,treatment
8019,2026-01-06,control
8020,2026-03-17,treatment
8021,2026-03-21,control
8022,2026-03-12,control
8023,2026-01-17,treatment
8024,2026-02-11,control
8025,2026-03-27,control
8026,2026-03-17,control
8027,2026-01-14,control
8028,2026-03-19,treatment
8029,2026-02-13,treatment
8030,2026-03-28,treatment
8031,2026-02-07,treatment
8032,2026-01-07,control
8033,2026-02-14,treatment
8034,2026-03-14,control
8035,2026-03-16,control
8036,2026-03-01,treatment
8037,2026-03-20,control
8038,2026-03-05,control
8039,2026-02-22,control
8040,2026-03-25,treatment
8041,2026-01-25,control
8042,2026-01-04,control
8043,2026-03-26,treatment
8044,2026-03-09,control
8045,2026-03-11,treatment
8046,2026-02-03,control
8047,2026-02-16,treatment
8048,2026-02-24,treatment
8049,2026-02-28,treatment
8050,2026-01-22,treatment
8051,2026-02-04,control
8052,2026-01-27,treatment
8053,2026-02-10,treatment
8054,2026-02-25,treatment
8055,2026-01-23,treatment
8056,2026-02-03,treatment
8057,2026-02-02,treatment
8058,2026-01-27,control
8059,2026-03-15,treatment
8060,2026-01-04,treatment
8061,2026-02-23,treatment
8062,2026-01-14,control
8063,2026-02-14,treatment
8064,2026-02-24,treatment
8065,2026-02-12,treatment
8066,2026-02-06,control
8067,2026-02-23,control
8068,2026-01-03,control
8069,2026-03-23,control
8070,2026-02-01,treatment
8071,2026-01-05,control
8072,2026-02-02,treatment
8073,2026-02-01,control
8074,2026-01-21,control
8075,2026-02-25,treatment
8076,2026-01-15,control
8077,2026-01-31,control
8078,2026-01-01,control
8079,2026-01-21,treatment
8080,2026-02-26,treatment
8081,2026-01-25,control
8082,2026-03-11,treatment
8083,2026-02-15,control
8084,2026-01-21,treatment
8085,2026-01-24,control
8086,2026-01-30,treatment
8087,2026-02-18,treatment
8088,2026-03-22,control
8089,2026-01-22,control
8090,2026-03-28,control
8091,2026-02-28,control
8092,2026-02-20,control
8093,2026-01-29,control
8094,2026-02-05,treatment
8095,2026-03-10,control
8096,2026-03-30,treatment
8097,2026-02-15,control
8098,2026-01-06,treatment
8099,2026-02-21,control
8100,2026-01-27,treatment
8101,2026-03-11,control
8102,2026-02-17,control
8103,2026-01-13,treatment
8104,2026-01-23,treatment
8105,2026-03-24,treatment
8106,2026-03-25,control
8107,2026-02-04,control
8108,2026-02-17,treatment
8109,2026-01-31,treatment
8110,2026-03-22,treatment
8111,2026-03-18,control
8112,2026-01-30,control
8113,2026-01-23,treatment
8114,2026-01-15,treatment
8115,2026-03-11,control
8116,2026-03-24,treatment
8117,2026-02-17,treatment
8118,2026-02-13,control
8119,2026-02-03,control
8120,2026-03-13,treatment
8121,2026-01-05,control
8122,2026-01-29,treatment
8123,2026-02-24,treatment
8124,2026-01-10,control
8125,2026-02-01,treatment
8126,2026-02-27,control
8127,2026-02-01,control
8128,2026-01-24,treatment
8129,2026-03-07,treatment
8130,2026-03-24,control
8131,2026-01-20,treatment
8132,2026-01-27,treatment
8133,2026-01-20,treatment
8134,2026-01-26,treatment
8135,2026-03-24,control
8136,2026-03-09,control
8137,2026-03-14,treatment
8138,2026-02-03,control
8139,2026-01-11,treatment
8140,2026-01-13,control
8141,2026-03-25,control
8142,2026-01-22,control
8143,2026-01-10,control
8144,2026-03-01,control
8145,2026-01-29,treatment
8146,2026-01-12,treatment
8147,2026-01-31,control
8148,2026-03-04,control
8149,2026-01-31,treatment
8150,2026-03-27,control
8151,2026-02-09,treatment
8152,2026-01-13,treatment
8153,2026-03-22,treatment
8154,2026-01-26,treatment
8155,2026-02-02,treatment
8156,2026-01-31,treatment
8157,2026-02-13,treatment
8158,2026-02-22,control
8159,2026-02-20,control
8160,2026-02-28,control
8161,2026-01-25,control
8162,2026-03-28,treatment
8163,2026-02-12,control
8164,2026-03-30,control
8165,2026-01-07,control
8166,2026-01-29,treatment
8167,2026-03-16,treatment
8168,2026-01-19,treatment
8169,2026-02-27,control
8170,2026-01-23,control
8171,2026-03-15,treatment
8172,2026-02-24,treatment
8173,2026-02-14,treatment
8174,2026-01-25,treatment
8175,2026-03-25,control
8176,2026-03-15,treatment
8177,2026-02-11,treatment
8178,2026-02-11,treatment
8179,2026-03-10,treatment
8180,2026-01-01,control
8181,2026-03-12,control
8182,2026-03-12,treatment
8183,2026-03-08,treatment
8184,2026-02-08,control
8185,2026-02-11,control
8186,2026-03-31,treatment
8187,2026-03-04,control
8188,2026-03-10,control
8189,2026-02-11,treatment
8190,2026-02-20,treatment
8191,2026-02-03,treatment
8192,2026-01-11,treatment
8193,2026-03-14,control
8194,2026-02-16,treatment
8195,2026-02-17,treatment
8196,2026-02-25,treatment
8197,2026-03-03,treatment
8198,2026-03-18,control
8199,2026-03-08,control
8200,2026-03-15,control
8201,2026-03-05,control
8202,2026-03-26,treatment
8203,2026-01-12,control
8204,2026-03-05,treatment
8205,2026-01-11,control
8206,2026-02-13,control
8207,2026-01-04,control
8208,2026-02-07,control
8209,2026-02-04,treatment
8210,2026-02-12,treatment
8211,2026-03-17,control
8212,2026-01-28,treatment
8213,2026-01-10,treatment
8214,2026-01-13,treatment
8215,2026-03-14,control
8216,2026-01-24,control
8217,2026-02-03,treatment
8218,2026-03-04,treatment
8219,2026-03-21,control
8220,2026-01-08,treatment
8221,2026-03-11,control
8222,2026-02-05,treatment
8223,2026-02-16,control
8224,2026-01-16,treatment
8225,2026-01-12,control
8226,2026-03-03,control
8227,2026-02-26,treatment
8228,2026-01-31,control
8229,2026-02-02,treatment
8230,2026-02-17,treatment
8231,2026-02-09,control
8232,2026-03-17,control
8233,2026-01-20,treatment
8234,2026-02-17,treatment
8235,2026-02-28,treatment
8236,2026-01-27,control
8237,2026-01-18,treatment
8238,2026-02-23,treatment
8239,2026-02-05,treatment
8240,2026-03-29,control
8241,2026-01-19,control
8242,2026-02-21,treatment
8243,2026-02-07,treatment
8244,2026-02-01,control
8245,2026-02-21,treatment
8246,2026-03-11,control
8247,2026-01-27,control
8248,2026-02-25,control
8249,2026-03-17,control
8250,2026-03-29,control
8251,2026-02-26,control
8252,2026-01-15,control
8253,2026-03-17,treatment
8254,2026-03-30,treatment
8255,2026-03-27,treatment
8256,2026-03-04,control
8257,2026-01-11,treatment
8258,2026-02-25,control
8259,2026-01-17,treatment
8260,2026-03-10,treatment
8261,2026-01-05,control
8262,2026-01-14,control
8263,2026-03-04,treatment
8264,2026-01-24,treatment
8265,2026-01-09,treatment
8266,2026-01-11,treatment
8267,2026-01-28,treatment
8268,2026-02-14,control
8269,2026-03-06,treatment
8270,2026-02-16,control
8271,2026-02-07,control
8272,2026-03-23,control
8273,2026-03-11,treatment
8274,2026-02-09,treatment
8275,2026-03-31,control
8276,2026-03-06,control
8277,2026-02-02,control
8278,2026-02-06,treatment
8279,2026-01-07,treatment
8280,2026-03-13,control
8281,2026-02-24,control
8282,2026-01-11,treatment
8283,2026-01-14,control
8284,2026-01-10,treatment
8285,2026-01-15,control
8286,2026-01-30,control
8287,2026-03-10,control
8288,2026-03-31,treatment
8289,2026-02-07,control
8290,2026-02-18,control
8291,2026-02-18,treatment
8292,2026-02-28,treatment
8293,2026-03-03,control
8294,2026-01-09,control
8295,2026-02-21,treatment
8296,2026-02-05,control
8297,2026-03-14,treatment
8298,2026-03-25,control
8299,2026-02-01,control
8300,2026-02-21,control
8301,2026-01-23,treatment
8302,2026-01-06,control
8303,2026-01-13,control
8304,2026-03-18,control
8305,2026-01-29,treatment
8306,2026-01-10,control
8307,2026-01-22,treatment
8308,2026-02-25,treatment
8309,2026-02-08,control
8310,2026-01-14,treatment
8311,2026-02-12,treatment
8312,2026-03-20,control
8313,2026-02-11,control
8314,2026-03-29,control
8315,2026-02-03,control
8316,2026-01-24,treatment
8317,2026-02-22,treatment
8318,2026-03-18,treatment
8319,2026-03-14,control
8320,2026-03-23,control
8321,2026-01-05,control
8322,2026-03-10,treatment
8323,2026-01-03,control
8324,2026-03-11,treatment
8325,2026-01-24,treatment
8326,2026-03-05,control
8327,2026-02-04,treatment
8328,2026-01-07,treatment
8329,2026-03-04,treatment
8330,2026-02-02,control
8331,2026-01-14,control
8332,2026-01-28,treatment
8333,2026-01-17,control
8334,2026-01-19,treatment
8335,2026-02-09,control
8336,2026-02-11,treatment
8337,2026-01-30,treatment
8338,2026-01-24,control
8339,2026-03-16,control
8340,2026-02-17,treatment
8341,2026-01-21,control
8342,2026-02-13,treatment
8343,2026-03-31,treatment
8344,2026-01-01,control
8345,2026-03-25,treatment
8346,2026-01-12,treatment
8347,2026-01-23,treatment
8348,2026-02-22,control
8349,2026-01-20,control
8350,2026-03-30,control
8351,2026-03-08,treatment
8352,2026-02-21,treatment
8353,2026-02-05,treatment
8354,2026-03-25,control
8355,2026-02-02,treatment
8356,2026-03-31,treatment
8357,2026-03-30,treatment
8358,2026-03-03,control
8359,2026-03-04,treatment
8360,2026-02-23,control
8361,2026-03-27,control
8362,2026-02-22,treatment
8363,2026-03-27,control
8364,2026-01-19,control
8365,2026-02-08,treatment
8366,2026-01-15,treatment
8367,2026-01-01,control
8368,2026-01-27,treatment
8369,2026-03-26,control
8370,2026-01-30,control
8371,2026-03-15,control
8372,2026-01-25,treatment
8373,2026-03-03,control
8374,2026-01-18,control
8375,2026-02-13,treatment
8376,2026-03-09,treatment
8377,2026-03-21,treatment
8378,2026-02-03,treatment
8379,2026-02-22,control
8380,2026-02-22,control
8381,2026-02-10,control
8382,2026-02-05,treatment
8383,2026-03-25,control
8384,2026-02-09,control
8385,2026-03-08,control
8386,2026-02-08,control
8387,2026-02-18,treatment
8388,2026-02-21,treatment
8389,2026-01-18,control
8390,2026-01-21,treatment
8391,2026-03-03,treatment
8392,2026-03-30,control
8393,2026-03-03,control
8394,2026-02-24,treatment
8395,2026-03-31,control
8396,2026-03-04,treatment
8397,2026-03-21,treatment
8398,2026-02-01,treatment
8399,2026-03-15,treatment
8400,2026-03-19,treatment
8401,2026-03-15,treatment
8402,2026-02-03,control
8403,2026-03-08,treatment
8404,2026-03-17,treatment
8405,2026-02-23,treatment
8406,2026-01-21,treatment
8407,2026-01-17,control
8408,2026-03-17,treatment
8409,2026-01-17,treatment
8410,2026-03-27,treatment
8411,2026-02-23,treatment
8412,2026-01-19,treatment
8413,2026-01-19,treatment
8414,2026-01-04,control
8415,2026-02-23,control
8416,2026-03-16,treatment
8417,2026-03-08,treatment
8418,2026-02-22,treatment
8419,2026-02-23,control
8420,2026-01-23,control
8421,2026-03-15,control
8422,2026-02-18,treatment
8423,2026-03-17,treatment
8424,2026-03-30,treatment
8425,2026-03-21,control
8426,2026-03-26,treatment
8427,2026-03-09,treatment
8428,2026-01-28,control
8429,2026-01-26,treatment
8430,2026-03-03,treatment
8431,2026-01-22,control
8432,2026-02-15,control
8433,2026-03-04,treatment
8434,2026-01-26,treatment
8435,2026-01-10,treatment
8436,2026-01-13,treatment
8437,2026-03-04,control
8438,2026-01-12,treatment
8439,2026-03-12,treatment
8440,2026-01-03,control
8441,2026-03-11,treatment
8442,2026-02-27,control
8443,2026-01-24,control
8444,2026-01-25,control
8445,2026-02-17,treatment
8446,2026-02-22,control
8447,2026-03-17,control
8448,2026-03-10,treatment
8449,2026-02-16,control
8450,2026-01-01,treatment
8451,2026-03-24,treatment
8452,2026-02-09,control
8453,2026-03-18,control
8454,2026-01-25,treatment
8455,2026-02-03,control
8456,2026-02-25,control
8457,2026-03-07,treatment
8458,2026-01-13,treatment
8459,2026-03-13,treatment
8460,2026-02-21,treatment
8461,2026-03-15,treatment
8462,2026-02-22,treatment
8463,2026-02-19,treatment
8464,2026-02-27,treatment
8465,2026-02-15,treatment
8466,2026-01-10,treatment
8467,2026-01-31,control
8468,2026-03-30,treatment
8469,2026-01-23,treatment
8470,2026-02-09,control
8471,2026-01-20,control
8472,2026-02-11,treatment
8473,2026-03-12,control
8474,2026-03-06,control
8475,2026-01-10,control
8476,2026-03-25,control
8477,2026-02-27,treatment
8478,2026-03-03,control
8479,2026-03-11,control
8480,2026-03-02,treatment
8481,2026-03-20,control
8482,2026-03-04,control
8483,2026-03-31,treatment
8484,2026-03-03,treatment
8485,2026-03-17,treatment
8486,2026-02-18,treatment
8487,2026-01-30,treatment
8488,2026-02-16,control
8489,2026-01-14,treatment
8490,2026-02-12,treatment
8491,2026-03-07,control
8492,2026-03-10,treatment
8493,2026-02-05,control
8494,2026-02-12,treatment
8495,2026-02-21,treatment
8496,2026-01-13,treatment
8497,2026-02-26,control
8498,2026-02-13,treatment
8499,2026-03-09,treatment
8500,2026-02-27,control
8501,2026-01-16,control
8502,2026-02-20,treatment
8503,2026-01-31,control
8504,2026-02-25,treatment
8505,2026-02-26,treatment
8506,2026-02-04,control
8507,2026-02-25,treatment
8508,2026-01-16,control
8509,2026-02-04,treatment
8510,2026-03-06,treatment
8511,2026-02-16,control
8512,2026-01-04,treatment
8513,2026-02-10,treatment
8514,2026-01-23,treatment
8515,2026-03-22,control
8516,2026-03-25,treatment
8517,2026-01-07,treatment
8518,2026-02-03,control
8519,2026-02-22,treatment
8520,2026-01-31,control
8521,2026-03-07,treatment
8522,2026-01-12,control
8523,2026-03-18,treatment
8524,2026-01-23,control
8525,2026-01-22,control
8526,2026-01-31,treatment
8527,2026-03-26,treatment
8528,2026-01-26,treatment
8529,2026-01-23,treatment
8530,2026-01-23,control
8531,2026-01-14,treatment
8532,2026-03-25,control
8533,2026-03-01,control
8534,2026-02-20,treatment
8535,2026-01-13,treatment
8536,2026-01-05,control
8537,2026-01-28,control
8538,2026-03-25,treatment
8539,2026-02-17,control
8540,2026-03-14,control
8541,2026-01-28,control
8542,2026-01-10,control
8543,2026-01-21,control
8544,2026-01-22,treatment
8545,2026-02-24,control
8546,2026-01-18,treatment
8547,2026-03-30,treatment
8548,2026-03-04,treatment
8549,2026-02-06,treatment
8550,2026-02-24,treatment
8551,2026-03-06,treatment
8552,2026-03-10,treatment
8553,2026-01-02,treatment
8554,2026-02-15,treatment
8555,2026-02-05,treatment
8556,2026-01-28,control
8557,2026-02-28,treatment
8558,2026-01-22,treatment
8559,2026-01-23,control
8560,2026-03-01,treatment
8561,2026-01-06,control
8562,2026-02-03,control
8563,2026-03-09,treatment
8564,2026-02-06,control
8565,2026-01-27,control
8566,2026-01-19,control
8567,2026-02-14,treatment
8568,2026-03-12,control
8569,2026-01-09,treatment
8570,2026-02-24,treatment
8571,2026-03-12,treatment
8572,2026-01-20,treatment
8573,2026-03-03,treatment
8574,2026-02-07,control
8575,2026-01-02,treatment
8576,2026-03-05,treatment
8577,2026-03-06,control
8578,2026-03-04,control
8579,2026-01-08,treatment
8580,2026-02-10,control
8581,2026-01-16,treatment
8582,2026-02-28,control
8583,2026-02-10,treatment
8584,2026-02-25,control
8585,2026-03-21,treatment
8586,2026-01-08,control
8587,2026-01-22,control
8588,2026-02-22,control
8589,2026-03-25,control
8590,2026-01-05,treatment
8591,2026-03-17,treatment
8592,2026-03-13,control
8593,2026-01-18,treatment
8594,2026-03-16,control
8595,2026-02-22,control
8596,2026-01-05,treatment
8597,2026-01-05,treatment
8598,2026-01-30,treatment
8599,2026-02-18,control
8600,2026-03-12,control
8601,2026-01-09,treatment
8602,2026-03-01,control
8603,2026-03-02,control
8604,2026-02-04,treatment
8605,2026-01-24,treatment
8606,2026-01-24,control
8607,2026-02-10,control
8608,2026-01-27,treatment
8609,2026-02-21,control
8610,2026-01-11,control
8611,2026-03-05,control
8612,2026-03-31,treatment
8613,2026-01-21,treatment
8614,2026-03-02,control
8615,2026-03-07,control
8616,2026-02-19,treatment
8617,2026-01-28,treatment
8618,2026-03-30,treatment
8619,2026-02-26,control
8620,2026-02-03,treatment
8621,2026-01-24,treatment
8622,2026-03-20,treatment
8623,2026-03-07,control
8624,2026-03-22,treatment
8625,2026-03-08,control
8626,2026-01-11,control
8627,2026-03-12,control
8628,2026-03-31,treatment
8629,2026-01-03,control
8630,2026-03-09,treatment
8631,2026-03-12,treatment
8632,2026-02-01,treatment
8633,2026-03-20,control
8634,2026-02-06,treatment
8635,2026-02-08,control
8636,2026-01-07,control
8637,2026-02-03,control
8638,2026-03-12,control
8639,2026-02-19,treatment
8640,2026-01-28,control
8641,2026-03-07,control
8642,2026-01-31,treatment
8643,2026-02-04,control
8644,2026-02-16,control
8645,2026-01-09,control
8646,2026-02-15,control
8647,2026-03-06,treatment
8648,2026-01-19,control
8649,2026-02-20,control
8650,2026-01-02,treatment
8651,2026-03-16,control
8652,2026-03-06,treatment
8653,2026-03-07,treatment
8654,2026-02-09,control
8655,2026-02-23,control
8656,2026-03-06,control
8657,2026-02-02,control
8658,2026-02-04,control
8659,2026-01-30,treatment
8660,2026-02-03,control
8661,2026-03-03,control
8662,2026-03-23,control
8663,2026-01-21,treatment
8664,2026-01-25,treatment
8665,2026-01-04,control
8666,2026-02-04,treatment
8667,2026-03-13,control
8668,2026-02-01,treatment
8669,2026-01-01,treatment
8670,2026-01-18,treatment
8671,2026-01-20,control
8672,2026-01-19,control
8673,2026-03-16,treatment
8674,2026-03-27,control
8675,2026-02-10,control
8676,2026-01-09,treatment
8677,2026-03-28,treatment
8678,2026-03-05,treatment
8679,2026-03-15,treatment
8680,2026-01-11,treatment
8681,2026-01-13,control
8682,2026-01-15,treatment
8683,2026-03-31,treatment
8684,2026-03-07,treatment
8685,2026-03-17,control
8686,2026-02-26,control
8687,2026-02-01,treatment
8688,2026-02-01,control
8689,2026-01-09,control
8690,2026-01-23,treatment
8691,2026-02-28,treatment
8692,2026-02-07,control
8693,2026-02-18,control
8694,2026-03-20,control
8695,2026-01-12,treatment
8696,2026-03-07,control
8697,2026-03-29,control
8698,2026-03-22,control
8699,2026-01-18,control
8700,2026-01-26,control
8701,2026-02-25,control
8702,2026-02-11,treatment
8703,2026-02-28,control
8704,2026-03-02,control
8705,2026-01-14,control
8706,2026-03-20,control
8707,2026-01-11,control
8708,2026-02-24,control
8709,2026-03-25,control
8710,2026-01-05,control
8711,2026-02-08,treatment
8712,2026-02-10,control
8713,2026-02-07,treatment
8714,2026-03-19,treatment
8715,2026-01-07,control
8716,2026-03-12,control
8717,2026-01-02,control
8718,2026-03-28,control
8719,2026-03-30,treatment
8720,2026-03-09,control
8721,2026-03-17,treatment
8722,2026-01-15,control
8723,2026-01-14,treatment
8724,2026-01-19,treatment
8725,2026-02-01,treatment
8726,2026-02-01,treatment
8727,2026-01-15,treatment
8728,2026-01-11,control
8729,2026-03-15,control
8730,2026-03-04,control
8731,2026-03-15,control
8732,2026-02-02,treatment
8733,2026-03-18,control
8734,2026-01-18,control
8735,2026-03-10,treatment
8736,2026-01-22,control
8737,2026-02-16,treatment
8738,2026-03-26,control
8739,2026-01-08,treatment
8740,2026-03-11,treatment
8741,2026-02-20,control
8742,2026-01-29,treatment
8743,2026-03-29,control
8744,2026-03-12,treatment
8745,2026-03-16,treatment
8746,2026-03-24,control
8747,2026-03-19,treatment
8748,2026-03-11,treatment
8749,2026-01-16,treatment
8750,2026-02-05,treatment
8751,2026-02-05,treatment
8752,2026-01-16,control
8753,2026-01-27,treatment
8754,2026-03-12,treatment
8755,2026-02-22,control
8756,2026-01-05,control
8757,2026-03-02,control
8758,2026-01-26,control
8759,2026-01-05,control
8760,2026-01-07,control
8761,2026-01-08,treatment
8762,2026-01-23,control
8763,2026-02-28,control
8764,2026-01-29,treatment
8765,2026-03-21,control
8766,2026-02-02,control
8767,2026-01-05,treatment
8768,2026-01-13,treatment
8769,2026-01-22,treatment
8770,2026-02-25,control
8771,2026-02-18,control
8772,2026-03-28,treatment
8773,2026-01-13,treatment
8774,2026-01-11,treatment
8775,2026-02-18,treatment
8776,2026-03-05,control
8777,2026-02-06,control
8778,2026-01-17,treatment
8779,2026-02-08,treatment
8780,2026-02-27,control
8781,2026-02-12,treatment
8782,2026-01-15,control
8783,2026-01-06,treatment
8784,2026-03-21,control
8785,2026-01-31,treatment
8786,2026-01-03,control
8787,2026-02-07,treatment
8788,2026-01-20,treatment
8789,2026-01-19,control
8790,2026-02-28,treatment
8791,2026-03-02,treatment
8792,2026-03-02,treatment
8793,2026-03-21,control
8794,2026-02-11,treatment
8795,2026-03-08,treatment
8796,2026-01-23,treatment
8797,2026-02-28,control
8798,2026-02-25,treatment
8799,2026-02-02,control
8800,2026-03-31,control
8801,2026-03-25,control
8802,2026-02-27,control
8803,2026-01-18,control
8804,2026-01-17,control
8805,2026-02-28,treatment
8806,2026-03-24,treatment
8807,2026-01-15,control
8808,2026-03-06,treatment
8809,2026-02-21,treatment
8810,2026-02-23,treatment
8811,2026-01-14,treatment
8812,2026-01-16,treatment
8813,2026-02-09,treatment
8814,2026-01-27,treatment
8815,2026-02-27,treatment
8816,2026-02-12,control
8817,2026-02-27,treatment
8818,2026-02-23,treatment
8819,2026-03-28,treatment
8820,2026-02-01,treatment
8821,2026-02-03,control
8822,2026-02-28,control
8823,2026-02-20,treatment
8824,2026-01-15,treatment
8825,2026-01-23,treatment
8826,2026-03-15,treatment
8827,2026-01-08,treatment
8828,2026-01-16,treatment
8829,2026-03-06,control
8830,2026-03-28,treatment
8831,2026-03-18,control
8832,2026-03-07,treatment
8833,2026-01-26,control
8834,2026-03-11,treatment
8835,2026-02-04,control
8836,2026-01-30,control
8837,2026-01-26,treatment
8838,2026-01-29,treatment
8839,2026-02-27,control
8840,2026-03-15,treatment
8841,2026-03-01,control
8842,2026-03-17,control
8843,2026-01-25,control
8844,2026-02-22,treatment
8845,2026-03-03,treatment
8846,2026-02-04,treatment
8847,2026-03-13,treatment
8848,2026-02-20,treatment
8849,2026-01-25,treatment
8850,2026-03-05,treatment
8851,2026-01-05,control
8852,2026-03-12,control
8853,2026-01-18,control
8854,2026-02-10,treatment
8855,2026-03-09,treatment
8856,2026-03-13,control
8857,2026-02-02,treatment
8858,2026-02-27,treatment
8859,2026-01-08,control
8860,2026-03-17,control
8861,2026-01-23,control
8862,2026-03-14,control
8863,2026-02-15,treatment
8864,2026-02-07,treatment
8865,2026-01-31,control
8866,2026-03-11,control
8867,2026-01-28,control
8868,2026-02-24,control
8869,2026-01-02,control
8870,2026-03-01,treatment
8871,2026-01-12,treatment
8872,2026-01-21,treatment
8873,2026-03-07,control
8874,2026-03-11,treatment
8875,2026-01-10,control
8876,2026-01-11,control
8877,2026-01-11,treatment
8878,2026-01-18,treatment
8879,2026-01-23,control
8880,2026-02-01,control
8881,2026-02-16,treatment
8882,2026-03-10,treatment
8883,2026-01-08,treatment
8884,2026-02-07,control
8885,2026-01-04,control
8886,2026-02-25,control
8887,2026-03-23,control
8888,2026-03-24,treatment
8889,2026-01-07,treatment
8890,2026-03-06,control
8891,2026-03-13,treatment
8892,2026-03-16,treatment
8893,2026-01-05,treatment
8894,2026-01-13,control
8895,2026-02-03,control
8896,2026-01-06,control
8897,2026-01-31,control
8898,2026-01-22,control
8899,2026-03-19,control
8900,2026-03-22,control
8901,2026-01-27,control
8902,2026-03-07,treatment
8903,2026-01-03,treatment
8904,2026-02-04,control
8905,2026-03-24,treatment
8906,2026-03-23,control
8907,2026-02-04,control
8908,2026-02-28,treatment
8909,2026-01-05,control
8910,2026-03-14,control
8911,2026-01-22,control
8912,2026-01-08,treatment
8913,2026-02-18,treatment
8914,2026-03-16,control
8915,2026-02-26,control
8916,2026-02-14,control
8917,2026-01-25,treatment
8918,2026-01-08,control
8919,2026-01-03,treatment
8920,2026-01-04,treatment
8921,2026-01-31,control
8922,2026-02-20,treatment
8923,2026-01-01,control
8924,2026-02-22,control
8925,2026-03-07,control
8926,2026-01-17,control
8927,2026-02-09,treatment
8928,2026-01-28,treatment
8929,2026-03-12,control
8930,2026-02-05,control
8931,2026-03-13,treatment
8932,2026-01-01,control
8933,2026-03-23,control
8934,2026-03-29,treatment
8935,2026-03-03,treatment
8936,2026-03-16,treatment
8937,2026-03-06,control
8938,2026-01-23,control
8939,2026-01-13,control
8940,2026-03-17,treatment
8941,2026-01-01,control
8942,2026-02-24,control
8943,2026-01-03,control
8944,2026-01-17,treatment
8945,2026-01-30,treatment
8946,2026-03-13,treatment
8947,2026-01-09,control
8948,2026-01-09,treatment
8949,2026-01-22,control
8950,2026-02-08,control
8951,2026-01-27,control
8952,2026-03-09,treatment
8953,2026-02-13,control
8954,2026-03-22,treatment
8955,2026-03-21,control
8956,2026-01-26,control
8957,2026-03-08,treatment
8958,2026-02-24,treatment
8959,2026-02-27,control
8960,2026-03-17,treatment
8961,2026-01-17,control
8962,2026-03-19,control
8963,2026-02-21,treatment
8964,2026-01-01,treatment
8965,2026-02-05,control
8966,2026-01-09,control
8967,2026-01-30,treatment
8968,2026-01-18,control
8969,2026-02-28,treatment
8970,2026-01-02,treatment
8971,2026-01-08,treatment
8972,2026-03-22,control
8973,2026-02-06,treatment
8974,2026-01-06,control
8975,2026-03-12,control
8976,2026-03-24,control
8977,2026-01-30,control
8978,2026-01-28,treatment
8979,2026-02-20,treatment
8980,2026-01-07,treatment
8981,2026-03-31,treatment
8982,2026-02-04,treatment
8983,2026-01-23,treatment
8984,2026-03-07,treatment
8985,2026-02-05,treatment
8986,2026-01-13,treatment
8987,2026-02-12,control
8988,2026-03-27,treatment
8989,2026-02-14,control
8990,2026-01-16,control
8991,2026-01-20,treatment
8992,2026-03-22,control
8993,2026-03-11,control
8994,2026-01-02,control
8995,2026-01-20,control
8996,2026-03-08,treatment
8997,2026-01-28,treatment
8998,2026-02-13,control
8999,2026-03-20,treatment
9000,2026-03-11,treatment
9001,2026-03-02,treatment
9002,2026-03-01,control
9003,2026-01-23,control
9004,2026-01-18,control
9005,2026-03-15,control
9006,2026-01-05,treatment
9007,2026-02-28,control
9008,2026-02-06,treatment
9009,2026-01-03,treatment
9010,2026-02-22,control
9011,2026-01-12,control
9012,2026-03-18,treatment
9013,2026-01-23,treatment
9014,2026-01-22,control
9015,2026-03-02,treatment
9016,2026-01-28,treatment
9017,2026-02-03,treatment
9018,2026-01-31,control
9019,2026-02-15,treatment
9020,2026-03-07,treatment
9021,2026-03-12,control
9022,2026-01-12,treatment
9023,2026-02-12,treatment
9024,2026-02-16,control
9025,2026-03-27,treatment
9026,2026-02-23,treatment
9027,2026-03-16,treatment
9028,2026-02-16,treatment
9029,2026-02-16,control
9030,2026-02-18,control
9031,2026-01-09,control
9032,2026-02-09,treatment
9033,2026-03-27,control
9034,2026-03-30,treatment
9035,2026-01-16,control
9036,2026-02-10,control
9037,2026-03-15,treatment
9038,2026-03-17,treatment
9039,2026-02-27,control
9040,2026-02-19,control
9041,2026-03-20,control
9042,2026-02-25,control
9043,2026-03-13,control
9044,2026-03-15,treatment
9045,2026-01-25,control
9046,2026-03-30,control
9047,2026-02-03,control
9048,2026-01-13,control
9049,2026-01-22,treatment
9050,2026-02-22,control
9051,2026-03-24,control
9052,2026-01-17,treatment
9053,2026-03-02,treatment
9054,2026-01-05,treatment
9055,2026-02-15,treatment
9056,2026-03-22,treatment
9057,2026-02-28,treatment
9058,2026-03-31,treatment
9059,2026-03-27,control
9060,2026-03-04,treatment
9061,2026-01-02,treatment
9062,2026-02-06,treatment
9063,2026-01-11,control
9064,2026-03-10,treatment
9065,2026-01-15,control
9066,2026-03-30,treatment
9067,2026-02-26,control
9068,2026-03-24,treatment
9069,2026-03-14,treatment
9070,2026-03-19,control
9071,2026-01-05,control
9072,2026-02-16,control
9073,2026-03-23,treatment
9074,2026-01-20,treatment
9075,2026-02-03,treatment
9076,2026-01-13,control
9077,2026-02-16,treatment
9078,2026-01-07,treatment
9079,2026-01-09,control
9080,2026-01-31,control
9081,2026-03-13,control
9082,2026-01-04,control
9083,2026-03-17,control
9084,2026-03-02,control
9085,2026-03-27,control
9086,2026-03-16,control
9087,2026-03-09,control
9088,2026-03-13,treatment
9089,2026-03-06,treatment
9090,2026-01-08,control
9091,2026-02-28,treatment
9092,2026-01-19,treatment
9093,2026-01-16,control
9094,2026-03-29,control
9095,2026-03-23,control
9096,2026-03-31,treatment
9097,2026-01-01,control
9098,2026-03-29,control
9099,2026-01-01,treatment
9100,2026-03-25,treatment
9101,2026-01-12,control
9102,2026-01-14,treatment
9103,2026-01-04,control
9104,2026-03-13,treatment
9105,2026-03-14,treatment
9106,2026-01-20,treatment
9107,2026-03-14,control
9108,2026-01-24,control
9109,2026-03-20,treatment
9110,2026-02-14,control
9111,2026-02-21,treatment
9112,2026-03-14,control
9113,2026-02-12,control
9114,2026-02-09,control
9115,2026-02-22,control
9116,2026-01-21,treatment
9117,2026-02-10,control
9118,2026-03-23,treatment
9119,2026-02-27,treatment
9120,2026-01-26,treatment
9121,2026-03-24,treatment
9122,2026-03-11,treatment
9123,2026-03-29,treatment
9124,2026-03-10,control
9125,2026-01-02,treatment
9126,2026-01-09,treatment
9127,2026-01-01,control
9128,2026-02-10,treatment
9129,2026-02-11,control
9130,2026-01-12,treatment
9131,2026-01-09,control
9132,2026-03-07,treatment
9133,2026-03-06,control
9134,2026-03-08,treatment
9135,2026-02-24,control
9136,2026-01-28,treatment
9137,2026-02-20,control
9138,2026-03-03,treatment
9139,2026-03-09,control
9140,2026-02-07,control
9141,2026-01-18,control
9142,2026-02-20,treatment
9143,2026-03-21,control
9144,2026-03-03,treatment
9145,2026-03-05,control
9146,2026-03-17,treatment
9147,2026-03-02,control
9148,2026-02-14,control
9149,2026-03-02,control
9150,2026-03-05,control
9151,2026-02-10,control
9152,2026-01-25,control
9153,2026-02-04,treatment
9154,2026-02-12,treatment
9155,2026-03-02,control
9156,2026-01-08,treatment
9157,2026-03-02,control
9158,2026-02-13,control
9159,2026-01-10,control
9160,2026-02-03,control
9161,2026-03-09,control
9162,2026-03-24,treatment
9163,2026-03-14,treatment
9164,2026-01-24,treatment
9165,2026-02-21,control
9166,2026-03-31,control
9167,2026-02-14,treatment
9168,2026-01-19,control
9169,2026-02-16,control
9170,2026-02-23,control
9171,2026-01-21,control
9172,2026-01-30,treatment
9173,2026-03-29,control
9174,2026-03-23,control
9175,2026-03-20,treatment
9176,2026-02-13,treatment
9177,2026-03-18,control
9178,2026-01-24,control
9179,2026-01-29,treatment
9180,2026-01-16,control
9181,2026-03-04,control
9182,2026-03-09,control
9183,2026-02-26,control
9184,2026-03-22,treatment
9185,2026-01-19,treatment
9186,2026-03-11,treatment
9187,2026-03-30,treatment
9188,2026-02-16,treatment
9189,2026-02-15,treatment
9190,2026-03-24,treatment
9191,2026-01-12,control
9192,2026-02-16,control
9193,2026-02-16,treatment
9194,2026-01-20,control
9195,2026-01-10,control
9196,2026-01-22,control
9197,2026-03-12,treatment
9198,2026-02-27,control
9199,2026-03-13,control
9200,2026-03-15,control
9201,2026-03-16,control
9202,2026-03-04,treatment
9203,2026-01-07,control
9204,2026-01-12,control
9205,2026-01-13,control
9206,2026-02-11,treatment
9207,2026-01-10,treatment
9208,2026-01-06,control
9209,2026-02-28,control
9210,2026-03-24,treatment
9211,2026-01-26,treatment
9212,2026-01-10,control
9213,2026-01-14,control
9214,2026-03-24,control
9215,2026-03-30,control
9216,2026-02-02,treatment
9217,2026-02-13,treatment
9218,2026-02-22,treatment
9219,2026-02-14,treatment
9220,2026-03-05,control
9221,2026-02-21,treatment
9222,2026-03-17,control
9223,2026-02-14,control
9224,2026-03-06,treatment
9225,2026-01-23,control
9226,2026-02-15,treatment
9227,2026-03-03,treatment
9228,2026-01-24,treatment
9229,2026-02-22,treatment
9230,2026-01-19,control
9231,2026-03-17,control
9232,2026-03-03,treatment
9233,2026-02-06,treatment
9234,2026-02-05,treatment
9235,2026-03-11,control
9236,2026-03-07,control
9237,2026-03-29,control
9238,2026-03-12,treatment
9239,2026-02-04,treatment
9240,2026-01-23,treatment
9241,2026-03-05,control
9242,2026-01-03,control
9243,2026-01-04,control
9244,2026-02-14,control
9245,2026-03-24,control
9246,2026-01-30,treatment
9247,2026-03-06,control
9248,2026-01-10,control
9249,2026-02-26,treatment
9250,2026-02-08,treatment
9251,2026-01-10,control
9252,2026-02-05,control
9253,2026-03-30,treatment
9254,2026-01-21,treatment
9255,2026-03-23,treatment
9256,2026-01-30,control
9257,2026-01-28,treatment
9258,2026-01-05,treatment
9259,2026-01-06,control
9260,2026-03-28,control
9261,2026-02-06,treatment
9262,2026-03-06,control
9263,2026-01-03,treatment
9264,2026-01-17,treatment
9265,2026-02-18,control
9266,2026-02-20,treatment
9267,2026-03-08,control
9268,2026-03-01,treatment
9269,2026-02-09,treatment
9270,2026-02-17,treatment
9271,2026-03-18,control
9272,2026-02-24,treatment
9273,2026-03-22,treatment
9274,2026-03-20,treatment
9275,2026-03-29,treatment
9276,2026-03-22,control
9277,2026-02-16,treatment
9278,2026-01-03,control
9279,2026-02-19,control
9280,2026-02-16,treatment
9281,2026-03-25,treatment
9282,2026-02-11,treatment
9283,2026-03-10,control
9284,2026-01-04,control
9285,2026-01-18,control
9286,2026-03-23,control
9287,2026-01-09,treatment
9288,2026-03-31,treatment
9289,2026-02-22,control
9290,2026-03-05,control
9291,2026-03-19,control
9292,2026-01-25,treatment
9293,2026-02-06,treatment
9294,2026-01-06,control
9295,2026-02-23,control
9296,2026-01-26,control
9297,2026-03-02,control
9298,2026-02-24,treatment
9299,2026-01-31,treatment
9300,2026-01-26,control
9301,2026-02-05,treatment
9302,2026-03-08,control
9303,2026-01-01,control
9304,2026-03-30,treatment
9305,2026-02-10,control
9306,2026-01-20,control
9307,2026-01-20,treatment
9308,2026-03-31,treatment
9309,2026-02-20,control
9310,2026-02-14,treatment
9311,2026-02-15,control
9312,2026-02-07,treatment
9313,2026-01-22,control
9314,2026-01-18,treatment
9315,2026-01-12,control
9316,2026-01-07,treatment
9317,2026-02-28,treatment
9318,2026-03-09,control
9319,2026-02-07,treatment
9320,2026-03-02,control
9321,2026-02-03,treatment
9322,2026-03-10,control
9323,2026-03-15,control
9324,2026-01-20,treatment
9325,2026-02-27,control
9326,2026-03-09,treatment
9327,2026-02-24,treatment
9328,2026-02-26,control
9329,2026-01-18,control
9330,2026-02-05,treatment
9331,2026-01-05,treatment
9332,2026-01-16,control
9333,2026-02-23,control
9334,2026-03-01,treatment
9335,2026-02-04,treatment
9336,2026-03-23,treatment
9337,2026-02-12,control
9338,2026-03-14,treatment
9339,2026-02-07,treatment
9340,2026-03-30,control
9341,2026-03-21,control
9342,2026-01-14,control
9343,2026-03-26,treatment
9344,2026-02-28,control
9345,2026-03-11,treatment
9346,2026-02-02,treatment
9347,2026-01-08,control
9348,2026-01-31,treatment
9349,2026-01-19,treatment
9350,2026-01-31,control
9351,2026-02-09,treatment
9352,2026-03-01,treatment
9353,2026-01-21,control
9354,2026-03-12,treatment
9355,2026-01-14,treatment
9356,2026-02-19,control
9357,2026-03-19,treatment
9358,2026-03-04,treatment
9359,2026-02-11,treatment
9360,2026-02-01,control
9361,2026-02-27,control
9362,2026-02-14,control
9363,2026-03-20,treatment
9364,2026-01-15,treatment
9365,2026-03-11,treatment
9366,2026-01-05,control
9367,2026-03-27,treatment
9368,2026-02-10,treatment
9369,2026-01-01,treatment
9370,2026-03-29,treatment
9371,2026-01-19,treatment
9372,2026-03-25,control
9373,2026-03-07,treatment
9374,2026-03-22,treatment
9375,2026-02-26,treatment
9376,2026-02-02,control
9377,2026-02-12,treatment
9378,2026-03-09,control
9379,2026-02-11,control
9380,2026-03-26,control
9381,2026-02-19,control
9382,2026-01-06,control
9383,2026-01-07,control
9384,2026-02-10,treatment
9385,2026-01-03,control
9386,2026-02-03,treatment
9387,2026-01-24,treatment
9388,2026-03-17,treatment
9389,2026-03-21,control
9390,2026-02-22,control
9391,2026-03-14,treatment
9392,2026-03-31,treatment
9393,2026-03-27,treatment
9394,2026-01-06,control
9395,2026-02-09,treatment
9396,2026-01-29,treatment
9397,2026-01-23,treatment
9398,2026-02-19,treatment
9399,2026-01-05,treatment
9400,2026-01-20,treatment
9401,2026-01-19,treatment
9402,2026-03-29,treatment
9403,2026-03-24,treatment
9404,2026-03-04,control
9405,2026-02-09,treatment
9406,2026-02-24,treatment
9407,2026-03-01,control
9408,2026-01-13,control
9409,2026-01-19,treatment
9410,2026-03-13,treatment
9411,2026-03-24,control
9412,2026-03-29,control
9413,2026-01-23,control
9414,2026-03-14,treatment
9415,2026-03-02,treatment
9416,2026-02-20,treatment
9417,2026-01-14,control
9418,2026-03-03,treatment
9419,2026-01-10,treatment
9420,2026-02-17,treatment
9421,2026-01-31,control
9422,2026-01-04,control
9423,2026-02-03,treatment
9424,2026-03-20,control
9425,2026-03-11,treatment
9426,2026-01-22,treatment
9427,2026-03-08,control
9428,2026-01-29,control
9429,2026-02-07,treatment
9430,2026-03-24,treatment
9431,2026-02-16,control
9432,2026-03-09,control
9433,2026-03-30,treatment
9434,2026-02-19,control
9435,2026-02-14,treatment
9436,2026-01-23,treatment
9437,2026-02-24,control
9438,2026-03-16,treatment
9439,2026-03-27,treatment
9440,2026-02-18,control
9441,2026-01-23,treatment
9442,2026-02-19,treatment
9443,2026-03-31,treatment
9444,2026-01-18,control
9445,2026-02-24,treatment
9446,2026-02-09,control
9447,2026-03-08,treatment
9448,2026-02-02,treatment
9449,2026-02-12,control
9450,2026-01-27,control
9451,2026-03-28,treatment
9452,2026-02-12,control
9453,2026-03-23,treatment
9454,2026-03-17,treatment
9455,2026-02-15,treatment
9456,2026-01-29,control
9457,2026-02-20,control
9458,2026-01-23,control
9459,2026-02-14,treatment
9460,2026-03-21,treatment
9461,2026-03-02,treatment
9462,2026-03-11,control
9463,2026-02-19,control
9464,2026-02-20,control
9465,2026-02-23,treatment
9466,2026-03-03,control
9467,2026-01-26,control
9468,2026-01-08,treatment
9469,2026-01-20,treatment
9470,2026-03-08,control
9471,2026-03-28,treatment
9472,2026-03-22,control
9473,2026-03-27,control
9474,2026-02-12,control
9475,2026-01-27,control
9476,2026-03-17,treatment
9477,2026-02-06,treatment
9478,2026-02-21,treatment
9479,2026-03-25,control
9480,2026-01-04,treatment
9481,2026-03-12,treatment
9482,2026-01-02,control
9483,2026-02-23,treatment
9484,2026-01-12,treatment
9485,2026-03-10,treatment
9486,2026-03-28,control
9487,2026-02-18,treatment
9488,2026-03-28,treatment
9489,2026-03-04,treatment
9490,2026-01-04,treatment
9491,2026-02-02,control
9492,2026-02-03,treatment
9493,2026-03-27,treatment
9494,2026-03-27,treatment
9495,2026-03-11,control
9496,2026-02-19,control
9497,2026-01-06,control
9498,2026-03-13,control
9499,2026-02-07,treatment
9500,2026-01-19,control
9501,2026-03-18,treatment
9502,2026-01-10,treatment
9503,2026-02-26,treatment
9504,2026-01-30,control
9505,2026-03-15,treatment
9506,2026-03-04,treatment
9507,2026-01-17,treatment
9508,2026-03-25,control
9509,2026-01-06,treatment
9510,2026-03-12,control
9511,2026-02-16,treatment
9512,2026-02-06,control
9513,2026-02-13,control
9514,2026-02-03,treatment
9515,2026-03-12,control
9516,2026-03-20,treatment
9517,2026-03-18,treatment
9518,2026-02-16,control
9519,2026-03-26,control
9520,2026-02-11,control
9521,2026-02-11,treatment
9522,2026-01-26,treatment
9523,2026-03-14,control
9524,2026-03-04,treatment
9525,2026-02-22,control
9526,2026-01-14,treatment
9527,2026-02-02,treatment
9528,2026-02-04,control
9529,2026-02-21,treatment
9530,2026-03-09,control
9531,2026-01-16,treatment
9532,2026-03-02,treatment
9533,2026-02-21,treatment
9534,2026-01-12,control
9535,2026-01-20,treatment
9536,2026-02-02,control
9537,2026-02-20,treatment
9538,2026-02-05,control
9539,2026-03-08,treatment
9540,2026-01-22,control
9541,2026-02-08,treatment
9542,2026-01-19,treatment
9543,2026-01-21,control
9544,2026-02-15,treatment
9545,2026-01-19,treatment
9546,2026-01-31,control
9547,2026-03-01,treatment
9548,2026-02-24,treatment
9549,2026-03-06,treatment
9550,2026-02-27,control
9551,2026-03-26,treatment
9552,2026-03-27,control
9553,2026-02-07,treatment
9554,2026-02-23,control
9555,2026-01-09,control
9556,2026-03-15,control
9557,2026-02-22,control
9558,2026-03-23,treatment
9559,2026-01-12,treatment
9560,2026-02-08,treatment
9561,2026-02-16,treatment
9562,2026-01-16,control
9563,2026-01-27,control
9564,2026-01-26,treatment
9565,2026-03-01,treatment
9566,2026-03-03,treatment
9567,2026-02-28,control
9568,2026-01-29,treatment
9569,2026-01-12,control
9570,2026-01-12,treatment
9571,2026-03-13,control
9572,2026-01-13,treatment
9573,2026-03-18,control
9574,2026-01-31,treatment
9575,2026-02-25,control
9576,2026-01-14,treatment
9577,2026-03-16,control
9578,2026-03-24,treatment
9579,2026-03-27,control
9580,2026-01-01,control
9581,2026-03-24,treatment
9582,2026-01-21,control
9583,2026-02-22,control
9584,2026-03-25,treatment
9585,2026-02-28,treatment
9586,2026-03-14,treatment
9587,2026-01-22,control
9588,2026-03-25,treatment
9589,2026-02-27,treatment
9590,2026-03-20,control
9591,2026-01-01,treatment
9592,2026-02-07,control
9593,2026-03-15,treatment
9594,2026-01-09,treatment
9595,2026-01-21,control
9596,2026-03-16,control
9597,2026-03-27,control
9598,2026-02-03,control
9599,2026-01-15,treatment
9600,2026-01-11,treatment
9601,2026-03-16,treatment
9602,2026-03-11,control
9603,2026-03-01,treatment
9604,2026-01-03,control
9605,2026-02-02,control
9606,2026-01-20,treatment
9607,2026-02-20,treatment
9608,2026-03-01,treatment
9609,2026-03-20,treatment
9610,2026-01-22,control
9611,2026-02-21,treatment
9612,2026-01-06,treatment
9613,2026-01-17,treatment
9614,2026-03-03,control
9615,2026-02-19,control
9616,2026-01-28,control
9617,2026-02-13,control
9618,2026-03-24,control
9619,2026-01-30,treatment
9620,2026-01-06,treatment
9621,2026-01-10,control
9622,2026-02-01,treatment
9623,2026-02-18,treatment
9624,2026-03-22,treatment
9625,2026-02-19,treatment
9626,2026-01-08,treatment
9627,2026-01-18,control
9628,2026-03-20,control
9629,2026-01-13,treatment
9630,2026-03-17,treatment
9631,2026-03-12,treatment
9632,2026-01-12,treatment
9633,2026-02-19,control
9634,2026-02-20,control
9635,2026-01-10,treatment
9636,2026-01-11,control
9637,2026-01-18,treatment
9638,2026-03-25,treatment
9639,2026-01-06,treatment
9640,2026-03-30,control
9641,2026-02-24,treatment
9642,2026-02-01,control
9643,2026-01-28,treatment
9644,2026-03-28,control
9645,2026-02-08,treatment
9646,2026-01-25,control
9647,2026-03-25,control
9648,2026-02-24,treatment
9649,2026-03-09,control
9650,2026-01-22,control
9651,2026-03-30,treatment
9652,2026-01-02,treatment
9653,2026-03-27,control
9654,2026-02-01,treatment
9655,2026-01-01,treatment
9656,2026-02-09,treatment
9657,2026-02-06,control
9658,2026-01-18,control
9659,2026-03-19,treatment
9660,2026-02-16,control
9661,2026-01-03,control
9662,2026-03-25,treatment
9663,2026-02-12,control
9664,2026-03-15,treatment
9665,2026-01-10,control
9666,2026-02-07,treatment
9667,2026-03-04,treatment
9668,2026-02-07,treatment
9669,2026-01-02,treatment
9670,2026-03-20,treatment
9671,2026-02-24,control
9672,2026-02-21,treatment
9673,2026-01-17,treatment
9674,2026-02-07,treatment
9675,2026-03-20,control
9676,2026-01-25,control
9677,2026-01-16,treatment
9678,2026-03-26,treatment
9679,2026-02-02,control
9680,2026-02-13,control
9681,2026-01-02,treatment
9682,2026-01-30,control
9683,2026-03-25,treatment
9684,2026-03-22,control
9685,2026-03-31,control
9686,2026-03-03,control
9687,2026-03-09,treatment
9688,2026-03-21,treatment
9689,2026-01-08,control
9690,2026-01-28,control
9691,2026-01-09,control
9692,2026-03-29,control
9693,2026-02-23,treatment
9694,2026-03-20,control
9695,2026-02-24,treatment
9696,2026-02-27,control
9697,2026-03-03,control
9698,2026-03-29,control
9699,2026-03-20,control
9700,2026-02-09,control
9701,2026-02-26,control
9702,2026-02-15,control
9703,2026-01-16,treatment
9704,2026-02-23,control
9705,2026-02-03,control
9706,2026-03-12,control
9707,2026-03-21,treatment
9708,2026-03-05,treatment
9709,2026-01-16,treatment
9710,2026-03-24,treatment
9711,2026-01-30,treatment
9712,2026-02-12,control
9713,2026-02-26,treatment
9714,2026-02-21,treatment
9715,2026-03-11,control
9716,2026-02-07,control
9717,2026-03-01,control
9718,2026-03-13,control
9719,2026-02-16,treatment
9720,2026-03-06,control
9721,2026-03-18,treatment
9722,2026-03-27,treatment
9723,2026-02-17,control
9724,2026-03-29,control
9725,2026-02-11,treatment
9726,2026-02-20,treatment
9727,2026-01-13,control
9728,2026-01-04,control
9729,2026-02-10,treatment
9730,2026-02-22,treatment
9731,2026-02-13,control
9732,2026-02-28,control
9733,2026-01-26,treatment
9734,2026-01-07,control
9735,2026-03-06,control
9736,2026-01-17,treatment
9737,2026-01-29,control
9738,2026-03-20,control
9739,2026-01-02,treatment
9740,2026-02-08,treatment
9741,2026-02-27,treatment
9742,2026-03-25,control
9743,2026-01-31,treatment
9744,2026-01-30,treatment
9745,2026-01-19,treatment
9746,2026-03-30,treatment
9747,2026-01-20,treatment
9748,2026-03-02,treatment
9749,2026-03-20,treatment
9750,2026-03-09,control
9751,2026-02-16,treatment
9752,2026-02-23,treatment
9753,2026-01-31,control
9754,2026-02-18,control
9755,2026-03-10,treatment
9756,2026-03-07,control
9757,2026-01-15,treatment
9758,2026-01-19,treatment
9759,2026-03-06,control
9760,2026-02-13,control
9761,2026-02-09,treatment
9762,2026-03-27,control
9763,2026-01-15,treatment
9764,2026-03-22,control
9765,2026-02-18,control
9766,2026-03-25,treatment
9767,2026-02-14,control
9768,2026-03-14,treatment
9769,2026-01-21,treatment
9770,2026-03-12,control
9771,2026-01-19,control
9772,2026-03-25,treatment
9773,2026-02-22,treatment
9774,2026-03-10,treatment
9775,2026-03-24,treatment
9776,2026-01-09,control
9777,2026-01-31,control
9778,2026-02-21,treatment
9779,2026-01-02,treatment
9780,2026-01-04,treatment
9781,2026-03-01,control
9782,2026-01-16,treatment
9783,2026-02-14,treatment
9784,2026-03-03,control
9785,2026-03-12,treatment
9786,2026-03-24,treatment
9787,2026-01-02,control
9788,2026-01-02,control
9789,2026-01-05,control
9790,2026-03-10,treatment
9791,2026-01-08,control
9792,2026-02-11,control
9793,2026-01-02,control
9794,2026-03-16,control
9795,2026-03-15,control
9796,2026-02-27,treatment
9797,2026-03-29,control
9798,2026-02-22,control
9799,2026-03-03,control
9800,2026-02-08,control
9801,2026-03-30,control
9802,2026-02-01,treatment
9803,2026-01-22,treatment
9804,2026-02-15,treatment
9805,2026-01-16,control
9806,2026-03-02,treatment
9807,2026-02-22,treatment
9808,2026-02-04,control
9809,2026-01-02,control
9810,2026-02-13,treatment
9811,2026-02-17,control
9812,2026-02-23,control
9813,2026-01-04,treatment
9814,2026-01-01,control
9815,2026-03-12,treatment
9816,2026-01-20,control
9817,2026-03-22,control
9818,2026-01-17,control
9819,2026-02-02,control
9820,2026-03-20,treatment
9821,2026-01-12,treatment
9822,2026-03-22,treatment
9823,2026-01-02,treatment
9824,2026-01-17,control
9825,2026-01-27,control
9826,2026-03-04,control
9827,2026-02-22,treatment
9828,2026-02-07,control
9829,2026-02-20,control
9830,2026-02-19,treatment
9831,2026-03-13,treatment
9832,2026-02-06,control
9833,2026-03-25,treatment
9834,2026-02-12,treatment
9835,2026-03-18,treatment
9836,2026-03-04,control
9837,2026-02-06,control
9838,2026-01-27,control
9839,2026-02-15,treatment
9840,2026-01-02,treatment
9841,2026-01-31,treatment
9842,2026-02-15,control
9843,2026-02-02,control
9844,2026-01-09,treatment
9845,2026-02-23,control
9846,2026-03-28,treatment
9847,2026-02-09,treatment
9848,2026-01-31,control
9849,2026-03-05,control
9850,2026-01-02,control
9851,2026-03-22,control
9852,2026-02-13,treatment
9853,2026-03-10,control
9854,2026-01-29,control
9855,2026-01-19,control
9856,2026-03-03,control
9857,2026-01-27,treatment
9858,2026-03-05,treatment
9859,2026-03-04,treatment
9860,2026-03-04,treatment
9861,2026-03-12,control
9862,2026-02-05,treatment
9863,2026-03-30,control
9864,2026-03-19,treatment
9865,2026-02-11,control
9866,2026-01-05,control
9867,2026-01-04,control
9868,2026-02-12,treatment
9869,2026-01-03,control
9870,2026-03-27,treatment
9871,2026-02-07,control
9872,2026-02-07,treatment
9873,2026-02-17,treatment
9874,2026-03-30,control
9875,2026-02-23,control
9876,2026-03-06,control
9877,2026-02-20,treatment
9878,2026-02-06,treatment
9879,2026-01-08,control
9880,2026-03-03,control
9881,2026-02-14,control
9882,2026-03-27,control
9883,2026-01-13,treatment
9884,2026-03-18,control
9885,2026-03-02,control
9886,2026-01-18,treatment
9887,2026-02-16,treatment
9888,2026-03-15,treatment
9889,2026-03-05,control
9890,2026-01-21,treatment
9891,2026-03-04,treatment
9892,2026-01-09,treatment
9893,2026-01-13,control
9894,2026-02-06,treatment
9895,2026-01-06,treatment
9896,2026-02-23,treatment
9897,2026-01-17,treatment
9898,2026-01-29,treatment
9899,2026-02-23,treatment
9900,2026-03-18,treatment
9901,2026-01-13,control
9902,2026-01-30,control
9903,2026-02-08,treatment
9904,2026-01-11,treatment
9905,2026-01-18,treatment
9906,2026-02-14,treatment
9907,2026-02-04,treatment
9908,2026-02-27,treatment
9909,2026-03-20,control
9910,2026-01-25,treatment
9911,2026-01-16,control
9912,2026-03-22,treatment
9913,2026-02-01,treatment
9914,2026-01-06,control
9915,2026-03-24,control
9916,2026-02-23,control
9917,2026-03-29,treatment
9918,2026-03-17,control
9919,2026-02-26,control
9920,2026-03-14,treatment
9921,2026-01-13,control
9922,2026-02-28,treatment
9923,2026-01-15,treatment
9924,2026-01-04,control
9925,2026-03-16,control
9926,2026-01-08,treatment
9927,2026-01-02,treatment
9928,2026-02-13,control
9929,2026-02-03,treatment
9930,2026-03-27,treatment
9931,2026-03-03,control
9932,2026-01-08,treatment
9933,2026-01-14,control
9934,2026-03-18,control
9935,2026-03-13,treatment
9936,2026-03-15,control
9937,2026-01-25,control
9938,2026-03-27,control
9939,2026-02-13,treatment
9940,2026-01-14,treatment
9941,2026-03-20,treatment
9942,2026-01-10,control
9943,2026-01-11,treatment
9944,2026-02-04,treatment
9945,2026-03-16,control
9946,2026-02-16,control
9947,2026-01-14,treatment
9948,2026-03-19,control
9949,2026-02-16,treatment
9950,2026-03-24,treatment
9951,2026-02-24,control
9952,2026-01-29,treatment
9953,2026-01-12,treatment
9954,2026-03-16,control
9955,2026-01-10,treatment
9956,2026-03-17,control
9957,2026-03-09,treatment
9958,2026-02-07,control
9959,2026-02-21,control
9960,2026-02-11,control
9961,2026-01-04,control
9962,2026-03-21,control
9963,2026-03-10,control
9964,2026-03-20,treatment
9965,2026-02-22,control
9966,2026-03-28,control
9967,2026-01-06,control
9968,2026-02-25,treatment
9969,2026-03-23,control
9970,2026-02-13,treatment
9971,2026-02-12,treatment
9972,2026-03-16,control
9973,2026-02-02,treatment
9974,2026-01-08,control
9975,2026-01-25,treatment
9976,2026-03-20,control
9977,2026-01-28,treatment
9978,2026-01-20,treatment
9979,2026-02-09,control
9980,2026-02-12,control
9981,2026-03-27,control
9982,2026-03-03,control
9983,2026-03-12,treatment
9984,2026-01-03,treatment
9985,2026-03-19,treatment
9986,2026-02-05,treatment
9987,2026-01-09,treatment
9988,2026-01-27,treatment
9989,2026-02-28,control
9990,2026-01-07,control
9991,2026-03-09,control
9992,2026-01-16,control
9993,2026-03-17,control
9994,2026-01-15,control
9995,2026-03-21,control
9996,2026-03-09,control
9997,2026-01-18,control
9998,2026-02-06,control
9999,2026-01-08,control
10000,2026-01-05,control
10001,2026-02-02,treatment
10002,2026-01-21,treatment
10003,2026-03-11,control
10004,2026-03-07,control
10005,2026-01-27,control
10006,2026-01-21,control
10007,2026-03-21,control
10008,2026-02-09,treatment
10009,2026-02-28,control
10010,2026-03-01,control
10011,2026-03-03,treatment
10012,2026-03-28,treatment
10013,2026-03-05,control
10014,2026-01-06,control
10015,2026-02-06,treatment
10016,2026-01-20,control
10017,2026-01-22,treatment
10018,2026-01-20,treatment
10019,2026-03-18,control
10020,2026-03-21,treatment
10021,2026-01-19,control
10022,2026-02-19,control
10023,2026-02-10,control
10024,2026-03-09,treatment
10025,2026-03-19,control
10026,2026-02-11,control
10027,2026-02-07,treatment
10028,2026-02-12,control
10029,2026-02-14,treatment
10030,2026-03-29,treatment
10031,2026-01-12,treatment
10032,2026-01-15,treatment
10033,2026-02-05,treatment
10034,2026-02-05,control
10035,2026-02-13,treatment
10036,2026-03-30,treatment
10037,2026-02-22,treatment
10038,2026-01-24,treatment
10039,2026-01-24,treatment
10040,2026-01-10,treatment
10041,2026-01-02,control
10042,2026-01-27,control
10043,2026-03-05,treatment
10044,2026-03-17,treatment
10045,2026-03-04,control
10046,2026-03-31,control
10047,2026-01-23,treatment
10048,2026-02-26,control
10049,2026-03-11,treatment
10050,2026-03-31,treatment
10051,2026-01-27,control
10052,2026-01-17,control
10053,2026-03-29,treatment
10054,2026-02-26,control
10055,2026-03-12,treatment
10056,2026-02-23,control
10057,2026-01-13,control
10058,2026-01-12,control
10059,2026-01-29,treatment
10060,2026-02-25,treatment
10061,2026-03-28,treatment
10062,2026-02-18,control
10063,2026-02-17,treatment
10064,2026-03-10,control
10065,2026-03-03,treatment
10066,2026-03-16,treatment
10067,2026-01-28,control
10068,2026-01-21,treatment
10069,2026-03-02,control
10070,2026-01-10,control
10071,2026-03-11,treatment
10072,2026-03-25,treatment
10073,2026-02-28,control
10074,2026-03-08,treatment
10075,2026-02-18,control
10076,2026-02-02,treatment
10077,2026-01-20,treatment
10078,2026-02-18,control
10079,2026-03-23,treatment
10080,2026-03-16,treatment
10081,2026-02-03,treatment
10082,2026-01-15,control
10083,2026-03-31,control
10084,2026-01-01,treatment
10085,2026-01-17,treatment
10086,2026-02-19,treatment
10087,2026-03-17,treatment
10088,2026-01-09,treatment
10089,2026-01-23,control
10090,2026-03-28,control
10091,2026-01-07,treatment
10092,2026-01-19,control
10093,2026-01-04,control
10094,2026-03-08,treatment
10095,2026-01-30,treatment
10096,2026-03-05,treatment
10097,2026-01-02,control
10098,2026-01-15,treatment
10099,2026-01-11,control
10100,2026-01-03,control
10101,2026-01-01,treatment
10102,2026-01-21,treatment
10103,2026-03-19,treatment
10104,2026-02-18,treatment
10105,2026-03-10,treatment
10106,2026-01-12,control
10107,2026-03-22,control
10108,2026-03-26,treatment
10109,2026-02-23,treatment
10110,2026-03-12,control
10111,2026-02-07,control
10112,2026-01-21,control
10113,2026-03-20,control
10114,2026-01-11,treatment
10115,2026-02-04,control
10116,2026-01-07,control
10117,2026-01-28,treatment
10118,2026-03-15,treatment
10119,2026-03-08,control
10120,2026-03-21,control
10121,2026-03-15,control
10122,2026-02-17,control
10123,2026-03-28,control
10124,2026-02-20,control
10125,2026-02-28,control
10126,2026-02-07,control
10127,2026-01-27,control
10128,2026-03-13,treatment
10129,2026-03-24,control
10130,2026-03-20,control
10131,2026-03-08,treatment
10132,2026-01-29,control
10133,2026-03-16,control
10134,2026-03-23,treatment
10135,2026-02-11,treatment
10136,2026-01-22,control
10137,2026-03-01,treatment
10138,2026-01-20,treatment
10139,2026-03-29,control
10140,2026-03-18,control
10141,2026-03-01,control
10142,2026-02-16,treatment
10143,2026-01-16,control
10144,2026-01-05,control
10145,2026-01-02,treatment
10146,2026-01-10,treatment
10147,2026-02-08,control
10148,2026-01-26,control
10149,2026-02-01,control
10150,2026-01-17,treatment
10151,2026-03-06,control
10152,2026-03-31,treatment
10153,2026-01-01,control
10154,2026-03-06,control
10155,2026-03-22,control
10156,2026-02-09,control
10157,2026-02-21,control
10158,2026-03-14,treatment
10159,2026-02-27,control
10160,2026-01-27,treatment
10161,2026-01-29,control
10162,2026-01-03,treatment
10163,2026-03-14,control
10164,2026-02-02,treatment
10165,2026-03-20,control
10166,2026-02-02,treatment
10167,2026-02-16,treatment
10168,2026-01-13,treatment
10169,2026-01-07,treatment
10170,2026-02-26,control
10171,2026-03-07,treatment
10172,2026-02-04,control
10173,2026-02-26,treatment
10174,2026-01-27,control
10175,2026-03-04,control
10176,2026-02-24,treatment
10177,2026-03-18,control
10178,2026-03-07,treatment
10179,2026-03-21,control
10180,2026-03-31,treatment
10181,2026-02-02,treatment
10182,2026-03-21,treatment
10183,2026-02-10,control
10184,2026-01-02,control
10185,2026-03-28,control
10186,2026-01-14,control
10187,2026-01-11,treatment
10188,2026-02-19,control
10189,2026-03-04,control
10190,2026-02-11,control
10191,2026-02-25,treatment
10192,2026-03-20,control
10193,2026-02-21,control
10194,2026-03-15,control
10195,2026-02-24,control
10196,2026-02-17,treatment
10197,2026-02-15,control
10198,2026-03-27,treatment
10199,2026-02-01,treatment
10200,2026-02-02,treatment
10201,2026-03-12,treatment
10202,2026-02-28,treatment
10203,2026-01-13,control
10204,2026-03-04,control
10205,2026-01-03,treatment
10206,2026-02-15,treatment
10207,2026-01-29,treatment
10208,2026-01-20,control
10209,2026-02-26,control
10210,2026-01-14,control
10211,2026-02-02,control
10212,2026-01-15,control
10213,2026-01-12,control
10214,2026-02-04,treatment
10215,2026-02-26,treatment
10216,2026-03-02,treatment
10217,2026-03-25,treatment
10218,2026-01-28,control
10219,2026-02-02,control
10220,2026-03-19,treatment
10221,2026-01-17,treatment
10222,2026-02-23,treatment
10223,2026-03-08,treatment
10224,2026-02-10,treatment
10225,2026-03-19,treatment
10226,2026-01-29,treatment
10227,2026-01-10,treatment
10228,2026-01-11,control
10229,2026-02-17,control
10230,2026-02-19,control
10231,2026-02-17,treatment
10232,2026-02-04,treatment
10233,2026-02-12,control
10234,2026-03-28,control
10235,2026-02-12,treatment
10236,2026-03-08,control
10237,2026-03-18,treatment
10238,2026-01-13,control
10239,2026-01-23,control
10240,2026-02-20,control
10241,2026-03-09,control
10242,2026-03-20,control
10243,2026-03-07,control
10244,2026-03-26,control
10245,2026-03-31,control
10246,2026-03-25,treatment
10247,2026-02-25,control
10248,2026-03-15,control
10249,2026-03-27,control
10250,2026-01-25,treatment
10251,2026-02-20,treatment
10252,2026-02-26,treatment
10253,2026-02-03,treatment
10254,2026-03-05,control
10255,2026-03-06,treatment
10256,2026-03-17,control
10257,2026-01-21,treatment
10258,2026-03-21,control
10259,2026-03-28,control
10260,2026-02-17,treatment
10261,2026-02-09,treatment
10262,2026-01-30,treatment
10263,2026-03-09,control
10264,2026-02-17,control
10265,2026-02-27,control
10266,2026-03-24,control
10267,2026-03-05,control
10268,2026-02-17,control
10269,2026-01-15,treatment
10270,2026-01-13,control
10271,2026-03-07,treatment
10272,2026-02-09,treatment
10273,2026-01-02,treatment
10274,2026-03-10,control
10275,2026-03-08,control
10276,2026-03-29,control
10277,2026-01-24,treatment
10278,2026-02-08,control
10279,2026-02-25,control
10280,2026-03-13,treatment
10281,2026-01-19,treatment
10282,2026-01-25,treatment
10283,2026-02-27,control
10284,2026-02-02,treatment
10285,2026-03-28,control
10286,2026-01-27,control
10287,2026-01-03,treatment
10288,2026-03-03,treatment
10289,2026-03-10,control
10290,2026-03-24,control
10291,2026-01-24,control
10292,2026-03-15,treatment
10293,2026-03-29,treatment
10294,2026-02-23,control
10295,2026-01-23,control
10296,2026-02-18,treatment
10297,2026-03-01,treatment
10298,2026-03-18,control
10299,2026-02-13,treatment
10300,2026-03-26,treatment
10301,2026-01-28,control
10302,2026-03-12,treatment
10303,2026-03-06,treatment
10304,2026-03-01,treatment
10305,2026-03-01,treatment
10306,2026-03-13,treatment
10307,2026-01-09,treatment
10308,2026-02-13,control
10309,2026-03-27,treatment
10310,2026-02-08,control
10311,2026-01-12,control
10312,2026-03-28,control
10313,2026-03-09,treatment
10314,2026-02-19,treatment
10315,2026-03-27,treatment
10316,2026-02-21,treatment
10317,2026-03-19,control
10318,2026-01-11,treatment
10319,2026-02-09,treatment
10320,2026-02-16,control
10321,2026-02-17,treatment
10322,2026-02-04,treatment
10323,2026-01-03,control
10324,2026-01-26,treatment
10325,2026-03-14,control
10326,2026-03-28,control
10327,2026-01-08,control
10328,2026-03-25,control
10329,2026-03-29,control
10330,2026-03-29,treatment
10331,2026-01-23,control
10332,2026-02-01,treatment
10333,2026-01-18,treatment
10334,2026-02-28,control
10335,2026-01-14,control
10336,2026-01-28,treatment
10337,2026-02-20,treatment
10338,2026-02-10,treatment
10339,2026-02-05,control
10340,2026-01-24,treatment
10341,2026-01-21,treatment
10342,2026-02-22,treatment
10343,2026-01-16,control
10344,2026-01-26,treatment
10345,2026-01-07,control
10346,2026-01-27,treatment
10347,2026-01-27,treatment
10348,2026-02-07,treatment
10349,2026-01-25,control
10350,2026-01-03,treatment
10351,2026-02-02,control
10352,2026-03-22,control
10353,2026-02-22,treatment
10354,2026-01-20,treatment
10355,2026-03-26,control
10356,2026-02-26,treatment
10357,2026-03-02,control
10358,2026-01-07,treatment
10359,2026-01-24,treatment
10360,2026-02-04,treatment
10361,2026-03-03,treatment
10362,2026-01-04,treatment
10363,2026-01-21,control
10364,2026-03-31,treatment
10365,2026-01-27,control
10366,2026-03-20,control
10367,2026-01-16,treatment
10368,2026-03-18,control
10369,2026-02-05,control
10370,2026-01-19,treatment
10371,2026-03-01,control
10372,2026-02-21,control
10373,2026-01-13,control
10374,2026-03-20,control
10375,2026-03-09,treatment
10376,2026-02-04,treatment
10377,2026-03-23,treatment
10378,2026-01-04,control
10379,2026-03-29,treatment
10380,2026-02-07,control
10381,2026-03-14,treatment
10382,2026-03-22,treatment
10383,2026-03-17,control
10384,2026-01-11,treatment
10385,2026-02-06,treatment
10386,2026-01-08,control
10387,2026-01-22,treatment
10388,2026-02-23,treatment
10389,2026-03-04,control
10390,2026-01-21,control
10391,2026-01-06,treatment
10392,2026-02-04,treatment
10393,2026-02-22,treatment
10394,2026-02-05,treatment
10395,2026-03-27,treatment
10396,2026-03-04,control
10397,2026-02-27,control
10398,2026-01-03,control
10399,2026-03-25,treatment
10400,2026-03-01,treatment
10401,2026-03-30,treatment
10402,2026-02-14,control
10403,2026-03-03,treatment
10404,2026-02-16,treatment
10405,2026-03-19,control
10406,2026-03-05,control
10407,2026-02-05,treatment
10408,2026-02-27,treatment
10409,2026-01-10,treatment
10410,2026-03-02,control
10411,2026-02-11,treatment
10412,2026-01-27,control
10413,2026-03-18,control
10414,2026-03-18,treatment
10415,2026-01-06,control
10416,2026-02-25,treatment
10417,2026-01-05,control
10418,2026-02-11,control
10419,2026-03-27,control
10420,2026-02-15,treatment
10421,2026-01-13,control
10422,2026-01-23,control
10423,2026-01-03,control
10424,2026-03-12,control
10425,2026-03-22,treatment
10426,2026-01-26,control
10427,2026-01-25,control
10428,2026-02-22,treatment
10429,2026-03-13,control
10430,2026-03-26,treatment
10431,2026-03-29,control
10432,2026-02-19,treatment
10433,2026-02-28,control
10434,2026-01-04,control
10435,2026-01-07,control
10436,2026-03-29,treatment
10437,2026-01-22,control
10438,2026-02-20,treatment
10439,2026-01-26,treatment
10440,2026-01-17,control
10441,2026-03-14,control
10442,2026-02-14,control
10443,2026-01-11,treatment
10444,2026-02-03,treatment
10445,2026-02-08,treatment
10446,2026-02-07,control
10447,2026-03-11,treatment
10448,2026-02-13,control
10449,2026-02-25,control
10450,2026-03-16,control
10451,2026-03-25,control
10452,2026-01-22,treatment
10453,2026-02-26,treatment
10454,2026-03-01,control
10455,2026-03-03,control
10456,2026-03-06,treatment
10457,2026-01-10,treatment
10458,2026-03-30,control
10459,2026-03-08,control
10460,2026-01-29,treatment
10461,2026-02-06,treatment
10462,2026-01-19,treatment
10463,2026-02-25,control
10464,2026-03-26,treatment
10465,2026-02-07,control
10466,2026-03-27,treatment
10467,2026-03-07,control
10468,2026-03-12,control
10469,2026-01-06,control
10470,2026-02-04,control
10471,2026-02-14,control
10472,2026-03-29,treatment
10473,2026-03-14,treatment
10474,2026-02-22,treatment
10475,2026-03-18,control
10476,2026-01-20,control
10477,2026-01-14,control
10478,2026-03-16,control
10479,2026-03-13,control
10480,2026-02-13,treatment
10481,2026-01-29,treatment
10482,2026-01-06,control
10483,2026-01-13,treatment
10484,2026-03-12,treatment
10485,2026-02-25,control
10486,2026-03-15,treatment
10487,2026-01-05,control
10488,2026-03-19,control
10489,2026-02-19,treatment
10490,2026-01-15,treatment
10491,2026-03-28,control
10492,2026-01-31,control
10493,2026-02-02,treatment
10494,2026-03-13,control
10495,2026-02-12,treatment
10496,2026-03-10,treatment
10497,2026-02-21,control
10498,2026-03-21,treatment
10499,2026-01-24,treatment
10500,2026-02-19,treatment
10501,2026-01-18,control
10502,2026-01-28,control
10503,2026-03-31,control
10504,2026-02-06,treatment
10505,2026-03-05,treatment
10506,2026-01-27,treatment
10507,2026-01-04,treatment
10508,2026-02-27,control
10509,2026-01-20,control
10510,2026-02-14,treatment
10511,2026-03-10,treatment
10512,2026-02-21,treatment
10513,2026-01-06,control
10514,2026-03-02,control
10515,2026-02-06,treatment
10516,2026-01-22,control
10517,2026-03-03,control
10518,2026-03-22,treatment
10519,2026-01-21,treatment
10520,2026-01-05,treatment
10521,2026-03-17,treatment
10522,2026-01-23,treatment
10523,2026-01-28,control
10524,2026-01-12,control
10525,2026-01-07,treatment
10526,2026-02-07,control
10527,2026-02-24,treatment
10528,2026-03-27,treatment
10529,2026-02-12,control
10530,2026-03-16,treatment
10531,2026-03-25,treatment
10532,2026-02-14,control
10533,2026-02-19,control
10534,2026-02-06,treatment
10535,2026-03-10,control
10536,2026-01-04,control
10537,2026-03-26,treatment
10538,2026-02-14,treatment
10539,2026-01-12,treatment
10540,2026-01-23,treatment
10541,2026-02-19,treatment
10542,2026-01-01,control
10543,2026-03-12,control
10544,2026-03-18,treatment
10545,2026-02-22,control
10546,2026-03-07,treatment
10547,2026-01-08,treatment
10548,2026-03-26,control
10549,2026-02-06,treatment
10550,2026-02-12,treatment
10551,2026-01-25,treatment
10552,2026-02-14,control
10553,2026-01-03,treatment
10554,2026-02-20,control
10555,2026-01-26,treatment
10556,2026-03-21,treatment
10557,2026-01-17,control
10558,2026-01-19,control
10559,2026-02-27,treatment
10560,2026-01-07,treatment
10561,2026-02-28,control
10562,2026-03-01,treatment
10563,2026-02-17,treatment
10564,2026-02-15,control
10565,2026-03-11,treatment
10566,2026-02-23,control
10567,2026-03-14,control
10568,2026-03-21,treatment
10569,2026-01-26,control
10570,2026-03-23,treatment
10571,2026-02-21,treatment
10572,2026-02-04,treatment
10573,2026-03-16,control
10574,2026-03-03,control
10575,2026-03-06,treatment
10576,2026-02-14,treatment
10577,2026-01-05,treatment
10578,2026-02-20,control
10579,2026-03-11,control
10580,2026-03-15,control
10581,2026-01-07,treatment
10582,2026-01-26,control
10583,2026-03-06,treatment
10584,2026-01-09,control
10585,2026-03-20,control
10586,2026-03-03,treatment
10587,2026-03-12,treatment
10588,2026-01-28,treatment
10589,2026-02-24,control
10590,2026-01-27,treatment
10591,2026-01-11,control
10592,2026-01-12,treatment
10593,2026-01-16,treatment
10594,2026-03-27,control
10595,2026-01-09,treatment
10596,2026-03-17,control
10597,2026-02-17,control
10598,2026-03-07,control
10599,2026-03-01,control
10600,2026-02-18,treatment
10601,2026-03-24,treatment
10602,2026-01-03,treatment
10603,2026-02-16,treatment
10604,2026-03-29,treatment
10605,2026-02-24,control
10606,2026-01-18,control
10607,2026-01-22,control
10608,2026-03-06,treatment
10609,2026-02-26,treatment
10610,2026-02-19,treatment
10611,2026-01-04,control
10612,2026-01-26,control
10613,2026-02-09,treatment
10614,2026-02-11,control
10615,2026-02-23,treatment
10616,2026-02-21,control
10617,2026-02-11,control
10618,2026-03-05,treatment
10619,2026-03-01,treatment
10620,2026-03-09,treatment
10621,2026-01-29,control
10622,2026-01-04,control
10623,2026-03-31,treatment
10624,2026-03-20,treatment
10625,2026-01-23,control
10626,2026-03-06,treatment
10627,2026-01-29,control
10628,2026-03-12,control
10629,2026-01-15,treatment
10630,2026-02-01,treatment
10631,2026-02-19,control
10632,2026-03-04,control
10633,2026-01-26,treatment
10634,2026-02-25,treatment
10635,2026-02-06,treatment
10636,2026-01-31,control
10637,2026-03-16,treatment
10638,2026-01-16,treatment
10639,2026-03-07,treatment
10640,2026-02-22,control
10641,2026-03-02,treatment
10642,2026-03-11,treatment
10643,2026-03-14,treatment
10644,2026-02-01,treatment
10645,2026-02-06,treatment
10646,2026-03-20,control
10647,2026-02-17,control
10648,2026-03-20,treatment
10649,2026-03-30,control
10650,2026-03-10,control
10651,2026-03-16,treatment
10652,2026-01-12,control
10653,2026-03-09,treatment
10654,2026-02-16,control
10655,2026-02-17,control
10656,2026-03-30,control
10657,2026-01-24,treatment
10658,2026-01-24,treatment
10659,2026-01-18,control
10660,2026-01-04,control
10661,2026-01-16,control
10662,2026-02-16,treatment
10663,2026-02-02,treatment
10664,2026-01-24,treatment
10665,2026-03-31,control
10666,2026-03-08,treatment
10667,2026-01-18,control
10668,2026-03-26,control
10669,2026-02-27,control
10670,2026-02-08,control
10671,2026-02-02,control
10672,2026-03-13,treatment
10673,2026-02-08,control
10674,2026-03-06,treatment
10675,2026-02-12,treatment
10676,2026-03-02,treatment
10677,2026-03-10,control
10678,2026-01-03,treatment
10679,2026-01-12,control
10680,2026-03-07,control
10681,2026-01-27,control
10682,2026-03-11,treatment
10683,2026-02-03,treatment
10684,2026-01-07,treatment
10685,2026-02-09,treatment
10686,2026-03-23,treatment
10687,2026-03-30,treatment
10688,2026-02-11,treatment
10689,2026-02-28,control
10690,2026-03-11,treatment
10691,2026-02-06,treatment
10692,2026-03-04,treatment
10693,2026-03-20,control
10694,2026-03-13,control
10695,2026-02-20,treatment
10696,2026-01-03,control
10697,2026-03-05,control
10698,2026-02-27,treatment
10699,2026-02-12,treatment
10700,2026-01-29,treatment
10701,2026-02-11,treatment
10702,2026-02-03,control
10703,2026-01-13,control
10704,2026-01-13,treatment
10705,2026-01-30,control
10706,2026-02-21,treatment
10707,2026-01-02,treatment
10708,2026-03-06,treatment
10709,2026-01-03,treatment
10710,2026-01-22,treatment
10711,2026-03-24,treatment
10712,2026-01-15,control
10713,2026-01-22,control
10714,2026-03-27,control
10715,2026-01-07,treatment
10716,2026-01-22,control
10717,2026-02-19,treatment
10718,2026-01-30,treatment
10719,2026-02-22,control
10720,2026-03-21,treatment
10721,2026-02-11,control
10722,2026-02-07,control
10723,2026-01-28,control
10724,2026-01-30,control
10725,2026-02-21,treatment
10726,2026-01-07,treatment
10727,2026-01-14,treatment
10728,2026-03-12,treatment
10729,2026-02-09,treatment
10730,2026-03-08,treatment
10731,2026-03-18,treatment
10732,2026-01-25,control
10733,2026-02-03,treatment
10734,2026-02-24,treatment
10735,2026-03-04,control
10736,2026-01-06,control
10737,2026-02-20,control
10738,2026-01-21,control
10739,2026-02-10,treatment
10740,2026-03-14,control
10741,2026-01-15,treatment
10742,2026-03-27,treatment
10743,2026-01-31,control
10744,2026-03-11,treatment
10745,2026-01-17,treatment
10746,2026-03-06,treatment
10747,2026-03-17,control
10748,2026-03-02,treatment
10749,2026-03-25,control
10750,2026-01-07,control
10751,2026-03-24,control
10752,2026-02-19,control
10753,2026-01-23,treatment
10754,2026-03-02,control
10755,2026-02-13,treatment
10756,2026-03-10,control
10757,2026-03-07,treatment
10758,2026-03-06,control
10759,2026-03-17,treatment
10760,2026-01-30,treatment
10761,2026-01-21,control
10762,2026-02-22,treatment
10763,2026-01-21,control
10764,2026-03-14,treatment
10765,2026-03-24,treatment
10766,2026-02-14,control
10767,2026-03-13,control
10768,2026-02-07,control
10769,2026-03-21,treatment
10770,2026-01-09,treatment
10771,2026-03-30,control
10772,2026-02-19,control
10773,2026-03-28,control
10774,2026-03-05,treatment
10775,2026-03-07,control
10776,2026-02-01,control
10777,2026-03-01,treatment
10778,2026-03-09,control
10779,2026-03-08,treatment
10780,2026-03-31,control
10781,2026-01-06,control
10782,2026-01-19,treatment
10783,2026-02-08,control
10784,2026-02-25,control
10785,2026-02-23,treatment
10786,2026-01-31,treatment
10787,2026-01-13,treatment
10788,2026-01-22,control
10789,2026-03-12,control
10790,2026-02-20,control
10791,2026-01-02,treatment
10792,2026-02-04,treatment
10793,2026-02-05,treatment
10794,2026-02-25,treatment
10795,2026-03-15,control
10796,2026-03-01,treatment
10797,2026-03-31,control
10798,2026-02-07,control
10799,2026-03-15,treatment
10800,2026-01-02,treatment
10801,2026-01-28,control
10802,2026-03-24,control
10803,2026-01-05,treatment
10804,2026-03-28,control
10805,2026-02-16,treatment
10806,2026-01-25,treatment
10807,2026-01-03,control
10808,2026-03-19,control
10809,2026-01-16,control
10810,2026-03-24,treatment
10811,2026-03-31,control
10812,2026-01-20,treatment
10813,2026-03-04,control
10814,2026-02-13,treatment
10815,2026-02-21,control
10816,2026-01-08,control
10817,2026-02-09,treatment
10818,2026-02-09,treatment
10819,2026-02-20,control
10820,2026-01-28,control
10821,2026-02-09,treatment
10822,2026-01-15,control
10823,2026-01-30,control
10824,2026-02-20,control
10825,2026-02-25,control
10826,2026-01-12,treatment
10827,2026-02-25,treatment
10828,2026-02-01,treatment
10829,2026-01-22,treatment
10830,2026-03-19,control
10831,2026-03-12,treatment
10832,2026-03-03,control
10833,2026-02-07,control
10834,2026-03-14,treatment
10835,2026-02-07,control
10836,2026-01-21,control
10837,2026-02-13,control
10838,2026-02-20,treatment
10839,2026-02-25,control
10840,2026-01-27,treatment
10841,2026-02-19,treatment
10842,2026-02-10,treatment
10843,2026-01-22,control
10844,2026-02-24,treatment
10845,2026-01-28,control
10846,2026-02-04,treatment
10847,2026-03-28,treatment
10848,2026-02-17,control
10849,2026-02-19,treatment
10850,2026-02-22,treatment
10851,2026-01-13,control
10852,2026-01-12,control
10853,2026-02-08,treatment
10854,2026-01-02,treatment
10855,2026-01-27,treatment
10856,2026-01-09,control
10857,2026-02-26,treatment
10858,2026-03-21,treatment
10859,2026-01-03,treatment
10860,2026-03-30,control
10861,2026-02-13,control
10862,2026-01-14,treatment
10863,2026-01-29,control
10864,2026-02-01,control
10865,2026-02-01,treatment
10866,2026-01-30,control
10867,2026-03-28,control
10868,2026-02-23,control
10869,2026-01-16,treatment
10870,2026-01-28,treatment
10871,2026-02-01,control
10872,2026-03-28,control
10873,2026-03-20,treatment
10874,2026-01-17,control
10875,2026-03-05,treatment
10876,2026-02-13,treatment
10877,2026-01-20,control
10878,2026-01-20,control
10879,2026-02-28,control
10880,2026-02-06,treatment
10881,2026-01-02,control
10882,2026-01-19,treatment
10883,2026-01-01,treatment
10884,2026-01-08,treatment
10885,2026-01-17,treatment
10886,2026-03-23,control
10887,2026-01-31,treatment
10888,2026-02-22,treatment
10889,2026-03-24,control
10890,2026-03-02,control
10891,2026-03-27,control
10892,2026-02-06,control
10893,2026-01-03,treatment
10894,2026-01-15,control
10895,2026-03-26,treatment
10896,2026-03-29,treatment
10897,2026-02-24,control
10898,2026-01-31,treatment
10899,2026-01-14,control
10900,2026-03-08,control
10901,2026-02-03,control
10902,2026-03-23,control
10903,2026-03-04,control
10904,2026-02-20,control
10905,2026-03-17,control
10906,2026-02-06,control
10907,2026-02-27,treatment
10908,2026-01-24,control
10909,2026-03-30,treatment
10910,2026-01-05,treatment
10911,2026-01-22,treatment
10912,2026-01-07,treatment
10913,2026-03-27,treatment
10914,2026-03-02,treatment
10915,2026-01-24,treatment
10916,2026-03-24,treatment
10917,2026-03-07,control
10918,2026-03-10,treatment
10919,2026-02-17,treatment
10920,2026-01-28,control
10921,2026-03-25,treatment
10922,2026-01-11,treatment
10923,2026-01-22,treatment
10924,2026-01-19,control
10925,2026-03-10,control
10926,2026-03-19,control
10927,2026-03-17,treatment
10928,2026-01-23,treatment
10929,2026-02-18,treatment
10930,2026-02-18,control
10931,2026-03-28,control
10932,2026-03-31,treatment
10933,2026-01-29,treatment
10934,2026-03-31,treatment
10935,2026-03-22,control
10936,2026-01-20,control
10937,2026-03-08,treatment
10938,2026-03-28,treatment
10939,2026-01-23,control
10940,2026-01-28,treatment
10941,2026-03-21,treatment
10942,2026-03-16,treatment
10943,2026-03-15,control
10944,2026-01-22,control
10945,2026-01-24,treatment
10946,2026-01-04,treatment
10947,2026-03-07,treatment
10948,2026-03-14,treatment
10949,2026-03-15,control
10950,2026-02-11,control
10951,2026-01-08,control
10952,2026-03-30,treatment
10953,2026-03-19,control
10954,2026-02-01,treatment
10955,2026-03-07,treatment
10956,2026-02-02,treatment
10957,2026-03-18,treatment
10958,2026-02-20,treatment
10959,2026-03-31,control
10960,2026-03-13,treatment
10961,2026-02-28,control
10962,2026-01-02,control
10963,2026-02-09,treatment
10964,2026-02-27,treatment
10965,2026-02-15,treatment
10966,2026-01-22,control
10967,2026-02-23,treatment
10968,2026-01-21,treatment
10969,2026-03-27,treatment
10970,2026-01-08,control
10971,2026-01-25,treatment
10972,2026-01-01,treatment
10973,2026-01-20,treatment
10974,2026-01-28,control
10975,2026-03-27,treatment
10976,2026-02-28,control
10977,2026-01-14,control
10978,2026-02-08,control
10979,2026-01-14,treatment
10980,2026-01-11,treatment
10981,2026-02-23,control
10982,2026-02-14,control
10983,2026-01-16,control
10984,2026-03-16,control
10985,2026-03-29,treatment
10986,2026-03-17,control
10987,2026-03-21,control
10988,2026-02-22,treatment
10989,2026-01-21,control
10990,2026-02-19,treatment
10991,2026-01-17,treatment
10992,2026-02-02,treatment
10993,2026-02-05,treatment
10994,2026-02-14,control
10995,2026-03-15,treatment
10996,2026-03-11,treatment
10997,2026-03-03,control
10998,2026-02-08,treatment
10999,2026-01-04,treatment
11000,2026-03-17,treatment
11001,2026-01-18,treatment
11002,2026-02-25,control
11003,2026-01-14,treatment
11004,2026-02-06,treatment
11005,2026-01-15,treatment
11006,2026-03-25,control
11007,2026-02-06,treatment
11008,2026-03-21,treatment
11009,2026-02-09,control
11010,2026-02-05,treatment
11011,2026-02-04,treatment
11012,2026-03-08,treatment
11013,2026-03-11,treatment
11014,2026-03-25,control
11015,2026-01-06,treatment
11016,2026-02-22,treatment
11017,2026-01-23,treatment
11018,2026-03-26,control
11019,2026-01-24,control
11020,2026-01-08,treatment
11021,2026-02-02,control
11022,2026-03-26,treatment
11023,2026-02-23,treatment
11024,2026-03-03,treatment
11025,2026-02-23,control
11026,2026-01-15,treatment
11027,2026-03-23,control
11028,2026-01-11,treatment
11029,2026-01-28,control
11030,2026-03-07,treatment
11031,2026-03-25,control
11032,2026-01-23,control
11033,2026-03-28,treatment
11034,2026-01-04,treatment
11035,2026-02-15,treatment
11036,2026-01-19,treatment
11037,2026-03-21,treatment
11038,2026-01-10,control
11039,2026-02-22,treatment
11040,2026-01-16,treatment
11041,2026-01-10,treatment
11042,2026-02-17,control
11043,2026-01-25,treatment
11044,2026-02-17,control
11045,2026-01-27,treatment
11046,2026-02-10,treatment
11047,2026-01-20,treatment
11048,2026-03-09,control
11049,2026-03-23,control
11050,2026-01-02,control
11051,2026-02-07,control
11052,2026-03-22,control
11053,2026-03-26,treatment
11054,2026-03-31,control
11055,2026-01-07,control
11056,2026-03-27,treatment
11057,2026-01-08,control
11058,2026-01-24,control
11059,2026-02-12,treatment
11060,2026-03-21,control
11061,2026-02-09,control
11062,2026-03-08,treatment
11063,2026-02-21,control
11064,2026-02-13,control
11065,2026-01-11,control
11066,2026-03-30,control
11067,2026-01-09,treatment
11068,2026-01-21,control
11069,2026-03-18,control
11070,2026-02-22,control
11071,2026-01-29,treatment
11072,2026-01-20,control
11073,2026-01-14,treatment
11074,2026-01-24,control
11075,2026-03-14,treatment
11076,2026-03-16,control
11077,2026-03-02,control
11078,2026-02-27,treatment
11079,2026-01-26,control
11080,2026-03-06,treatment
11081,2026-03-27,treatment
11082,2026-02-02,treatment
11083,2026-02-20,control
11084,2026-03-25,treatment
11085,2026-01-14,control
11086,2026-02-11,treatment
11087,2026-03-06,treatment
11088,2026-01-30,treatment
11089,2026-01-08,treatment
11090,2026-01-17,treatment
11091,2026-03-21,treatment
11092,2026-01-24,control
11093,2026-03-20,treatment
11094,2026-03-12,control
11095,2026-02-26,control
11096,2026-01-30,treatment
11097,2026-02-07,control
11098,2026-01-29,treatment
11099,2026-02-04,control
11100,2026-02-04,control
11101,2026-02-05,treatment
11102,2026-01-30,control
11103,2026-02-05,treatment
11104,2026-02-17,treatment
11105,2026-02-17,treatment
11106,2026-03-30,control
11107,2026-01-16,treatment
11108,2026-03-27,control
11109,2026-03-18,control
11110,2026-03-26,control
11111,2026-03-14,control
11112,2026-02-24,treatment
11113,2026-02-08,control
11114,2026-03-30,control
11115,2026-03-16,treatment
11116,2026-02-02,control
11117,2026-01-26,control
11118,2026-01-18,control
11119,2026-03-03,control
11120,2026-03-23,treatment
11121,2026-03-21,treatment
11122,2026-03-15,treatment
11123,2026-03-18,treatment
11124,2026-02-05,control
11125,2026-03-14,treatment
11126,2026-01-22,control
11127,2026-02-20,control
11128,2026-02-03,control
11129,2026-01-23,control
11130,2026-02-08,treatment
11131,2026-03-10,control
11132,2026-03-17,control
11133,2026-02-23,control
11134,2026-02-05,treatment
11135,2026-02-27,treatment
11136,2026-02-13,treatment
11137,2026-01-31,treatment
11138,2026-01-17,treatment
11139,2026-02-11,control
11140,2026-03-07,control
11141,2026-02-21,control
11142,2026-02-26,control
11143,2026-03-09,treatment
11144,2026-01-14,control
11145,2026-03-16,control
11146,2026-01-26,treatment
11147,2026-01-25,control
11148,2026-01-28,control
11149,2026-03-12,control
11150,2026-02-25,treatment
11151,2026-01-05,control
11152,2026-01-02,control
11153,2026-03-03,control
11154,2026-02-22,treatment
11155,2026-01-31,control
11156,2026-01-24,control
11157,2026-03-09,treatment
11158,2026-03-23,treatment
11159,2026-03-20,control
11160,2026-03-15,control
11161,2026-01-03,control
11162,2026-02-20,treatment
11163,2026-01-26,control
11164,2026-01-27,treatment
11165,2026-03-21,treatment
11166,2026-01-24,treatment
11167,2026-03-02,control
11168,2026-01-06,treatment
11169,2026-03-07,treatment
11170,2026-02-04,treatment
11171,2026-01-10,control
11172,2026-01-14,treatment
11173,2026-02-02,treatment
11174,2026-02-26,treatment
11175,2026-03-16,treatment
11176,2026-03-19,treatment
11177,2026-03-15,control
11178,2026-01-07,treatment
11179,2026-03-13,treatment
11180,2026-03-22,treatment
11181,2026-02-24,control
11182,2026-02-06,control
11183,2026-03-17,treatment
11184,2026-01-03,treatment
11185,2026-01-01,control
11186,2026-01-08,control
11187,2026-03-05,treatment
11188,2026-01-01,treatment
11189,2026-01-09,control
11190,2026-02-23,control
11191,2026-02-22,control
11192,2026-01-25,control
11193,2026-03-17,treatment
11194,2026-02-12,treatment
11195,2026-02-25,treatment
11196,2026-03-07,treatment
11197,2026-03-04,control
11198,2026-02-07,control
11199,2026-02-20,control
11200,2026-01-18,control
11201,2026-03-01,treatment
11202,2026-03-17,control
11203,2026-03-02,treatment
11204,2026-01-19,control
11205,2026-03-29,control
11206,2026-03-07,control
11207,2026-03-27,treatment
11208,2026-03-03,treatment
11209,2026-03-01,treatment
11210,2026-03-14,control
11211,2026-03-18,treatment
11212,2026-02-10,treatment
11213,2026-02-27,control
11214,2026-03-25,control
11215,2026-03-12,control
11216,2026-01-11,control
11217,2026-03-23,treatment
11218,2026-02-18,control
11219,2026-01-16,treatment
11220,2026-03-05,treatment
11221,2026-03-29,control
11222,2026-03-19,treatment
11223,2026-01-15,control
11224,2026-02-28,control
11225,2026-01-15,control
11226,2026-03-01,control
11227,2026-02-12,control
11228,2026-03-28,treatment
11229,2026-01-03,treatment
11230,2026-02-07,treatment
11231,2026-03-12,control
11232,2026-02-18,treatment
11233,2026-02-13,control
11234,2026-03-02,treatment
11235,2026-01-27,treatment
11236,2026-01-25,treatment
11237,2026-02-01,control
11238,2026-02-04,treatment
11239,2026-01-23,treatment
11240,2026-03-03,control
11241,2026-02-01,treatment
11242,2026-02-05,control
11243,2026-01-17,treatment
11244,2026-03-23,treatment
11245,2026-01-13,treatment
11246,2026-02-21,control
11247,2026-03-26,control
11248,2026-03-04,control
11249,2026-03-30,control
11250,2026-01-15,treatment
11251,2026-02-14,control
11252,2026-03-29,treatment
11253,2026-01-07,control
11254,2026-03-31,control
11255,2026-01-10,control
11256,2026-03-02,control
11257,2026-03-14,control
11258,2026-01-19,control
11259,2026-03-17,control
11260,2026-02-18,control
11261,2026-02-26,treatment
11262,2026-01-09,treatment
11263,2026-01-06,treatment
11264,2026-01-05,control
11265,2026-01-31,control
11266,2026-01-28,control
11267,2026-02-26,treatment
11268,2026-01-21,treatment
11269,2026-02-10,control
11270,2026-03-28,control
11271,2026-03-29,control
11272,2026-03-09,control
11273,2026-02-21,treatment
11274,2026-03-06,control
11275,2026-03-07,control
11276,2026-03-10,control
11277,2026-02-04,control
11278,2026-02-02,control
11279,2026-02-21,control
11280,2026-03-31,control
11281,2026-03-04,control
11282,2026-02-22,treatment
11283,2026-03-29,treatment
11284,2026-01-19,control
11285,2026-03-11,treatment
11286,2026-03-02,control
11287,2026-01-24,treatment
11288,2026-02-19,treatment
11289,2026-02-17,control
11290,2026-02-24,control
11291,2026-03-27,treatment
11292,2026-01-25,control
11293,2026-02-06,control
11294,2026-02-22,treatment
11295,2026-01-08,control
11296,2026-01-07,treatment
11297,2026-02-07,treatment
11298,2026-03-15,treatment
11299,2026-02-02,treatment
11300,2026-02-24,treatment
11301,2026-03-10,treatment
11302,2026-03-01,treatment
11303,2026-02-23,treatment
11304,2026-02-21,treatment
11305,2026-02-17,treatment
11306,2026-03-30,treatment
11307,2026-02-05,control
11308,2026-01-08,treatment
11309,2026-03-20,control
11310,2026-02-12,control
11311,2026-03-30,control
11312,2026-03-02,treatment
11313,2026-02-22,treatment
11314,2026-02-24,control
11315,2026-02-02,control
11316,2026-03-06,control
11317,2026-01-28,control
11318,2026-03-30,control
11319,2026-02-23,treatment
11320,2026-02-13,control
11321,2026-01-24,control
11322,2026-03-13,control
11323,2026-02-11,treatment
11324,2026-02-14,treatment
11325,2026-01-15,control
11326,2026-03-08,control
11327,2026-01-07,treatment
11328,2026-02-14,control
11329,2026-03-12,treatment
11330,2026-02-10,treatment
11331,2026-01-15,treatment
11332,2026-03-28,treatment
11333,2026-01-04,control
11334,2026-03-03,control
11335,2026-01-01,control
11336,2026-03-03,control
11337,2026-03-29,control
11338,2026-02-16,control
11339,2026-01-01,treatment
11340,2026-01-07,control
11341,2026-01-21,treatment
11342,2026-02-02,control
11343,2026-03-21,control
11344,2026-01-05,control
11345,2026-02-16,treatment
11346,2026-03-08,treatment
11347,2026-03-01,treatment
11348,2026-03-13,control
11349,2026-03-03,control
11350,2026-01-03,treatment
11351,2026-03-21,control
11352,2026-02-14,control
11353,2026-02-14,control
11354,2026-03-23,control
11355,2026-03-11,control
11356,2026-01-10,control
11357,2026-01-28,treatment
11358,2026-02-02,treatment
11359,2026-03-27,control
11360,2026-01-11,control
11361,2026-02-12,treatment
11362,2026-02-14,control
11363,2026-01-17,treatment
11364,2026-02-17,control
11365,2026-01-21,treatment
11366,2026-02-05,treatment
11367,2026-03-12,control
11368,2026-03-17,treatment
11369,2026-01-04,treatment
11370,2026-02-06,treatment
11371,2026-01-02,control
11372,2026-01-10,control
11373,2026-01-03,control
11374,2026-03-13,treatment
11375,2026-02-17,control
11376,2026-01-20,control
11377,2026-02-12,treatment
11378,2026-03-07,control
11379,2026-01-26,treatment
11380,2026-02-09,control
11381,2026-01-13,treatment
11382,2026-01-20,control
11383,2026-01-20,control
11384,2026-01-09,treatment
11385,2026-03-14,control
11386,2026-03-16,control
11387,2026-02-17,control
11388,2026-01-20,treatment
11389,2026-01-05,control
11390,2026-03-30,control
11391,2026-02-09,control
11392,2026-02-17,control
11393,2026-02-15,treatment
11394,2026-03-07,control
11395,2026-02-09,treatment
11396,2026-02-20,treatment
11397,2026-03-10,treatment
11398,2026-03-31,treatment
11399,2026-03-05,control
11400,2026-01-22,treatment
11401,2026-01-18,treatment
11402,2026-02-05,treatment
11403,2026-03-15,control
11404,2026-03-21,control
11405,2026-02-11,treatment
11406,2026-01-18,control
11407,2026-02-28,treatment
11408,2026-02-26,control
11409,2026-01-13,treatment
11410,2026-03-22,control
11411,2026-03-27,control
11412,2026-03-31,control
11413,2026-02-17,treatment
11414,2026-03-14,treatment
11415,2026-01-03,treatment
11416,2026-01-07,treatment
11417,2026-01-01,treatment
11418,2026-02-21,treatment
11419,2026-02-09,treatment
11420,2026-03-03,treatment
11421,2026-01-20,treatment
11422,2026-01-28,control
11423,2026-01-31,treatment
11424,2026-03-02,control
11425,2026-01-30,control
11426,2026-03-23,treatment
11427,2026-01-23,treatment
11428,2026-02-28,control
11429,2026-01-23,control
11430,2026-02-14,treatment
11431,2026-02-23,control
11432,2026-03-10,control
11433,2026-03-26,treatment
11434,2026-01-27,treatment
11435,2026-03-12,treatment
11436,2026-03-02,treatment
11437,2026-03-10,control
11438,2026-02-15,control
11439,2026-01-21,treatment
11440,2026-02-24,treatment
11441,2026-02-05,control
11442,2026-02-14,control
11443,2026-01-16,control
11444,2026-02-07,control
11445,2026-02-25,control
11446,2026-01-05,control
11447,2026-02-01,treatment
11448,2026-02-25,control
11449,2026-02-12,treatment
11450,2026-03-29,treatment
11451,2026-03-25,treatment
11452,2026-02-01,treatment
11453,2026-03-29,control
11454,2026-02-26,control
11455,2026-01-30,treatment
11456,2026-03-07,control
11457,2026-01-11,control
11458,2026-02-24,control
11459,2026-03-24,treatment
11460,2026-03-23,control
11461,2026-01-10,control
11462,2026-03-25,control
11463,2026-02-04,treatment
11464,2026-03-20,control
11465,2026-02-18,treatment
11466,2026-02-07,treatment
11467,2026-02-11,control
11468,2026-01-13,control
11469,2026-03-05,treatment
11470,2026-02-06,treatment
11471,2026-01-28,control
11472,2026-02-17,control
11473,2026-01-29,control
11474,2026-01-04,control
11475,2026-03-11,control
11476,2026-03-17,control
11477,2026-03-19,control
11478,2026-03-21,treatment
11479,2026-01-06,treatment
11480,2026-02-26,treatment
11481,2026-01-18,treatment
11482,2026-02-22,treatment
11483,2026-03-28,control
11484,2026-02-04,treatment
11485,2026-02-15,control
11486,2026-03-30,treatment
11487,2026-02-27,treatment
11488,2026-02-09,treatment
11489,2026-03-28,control
11490,2026-01-19,treatment
11491,2026-02-10,control
11492,2026-03-28,control
11493,2026-03-05,control
11494,2026-03-17,control
11495,2026-01-24,treatment
11496,2026-01-30,control
11497,2026-02-10,control
11498,2026-02-20,treatment
11499,2026-02-22,treatment
11500,2026-02-22,control
11501,2026-01-19,treatment
11502,2026-03-20,treatment
11503,2026-03-16,control
11504,2026-02-19,treatment
11505,2026-01-12,treatment
11506,2026-02-07,control
11507,2026-02-01,control
11508,2026-02-23,control
11509,2026-02-03,treatment
11510,2026-03-29,control
11511,2026-02-25,control
11512,2026-01-05,treatment
11513,2026-01-24,treatment
11514,2026-02-28,control
11515,2026-01-15,control
11516,2026-01-08,control
11517,2026-02-16,treatment
11518,2026-01-24,control
11519,2026-01-02,control
11520,2026-03-04,treatment
11521,2026-03-07,control
11522,2026-03-05,control
11523,2026-01-09,treatment
11524,2026-03-17,control
11525,2026-01-09,treatment
11526,2026-02-18,treatment
11527,2026-03-28,control
11528,2026-03-14,treatment
11529,2026-03-26,treatment
11530,2026-02-15,treatment
11531,2026-02-08,treatment
11532,2026-01-19,control
11533,2026-03-31,control
11534,2026-02-10,treatment
11535,2026-02-24,control
11536,2026-01-16,control
11537,2026-01-28,control
11538,2026-02-19,control
11539,2026-03-16,treatment
11540,2026-02-16,treatment
11541,2026-01-18,treatment
11542,2026-01-24,control
11543,2026-02-23,control
11544,2026-02-13,treatment
11545,2026-01-20,control
11546,2026-02-24,treatment
11547,2026-03-02,treatment
11548,2026-02-09,control
11549,2026-03-22,control
11550,2026-01-21,treatment
11551,2026-02-03,control
11552,2026-03-27,treatment
11553,2026-01-07,treatment
11554,2026-03-14,control
11555,2026-01-16,treatment
11556,2026-01-20,control
11557,2026-01-15,control
11558,2026-02-12,treatment
11559,2026-01-20,treatment
11560,2026-02-04,treatment
11561,2026-01-17,treatment
11562,2026-03-31,treatment
11563,2026-02-27,control
11564,2026-03-06,control
11565,2026-01-06,control
11566,2026-02-28,control
11567,2026-03-11,control
11568,2026-01-14,treatment
11569,2026-03-26,control
11570,2026-01-18,treatment
11571,2026-03-25,treatment
11572,2026-03-25,treatment
11573,2026-01-24,control
11574,2026-02-10,treatment
11575,2026-01-14,treatment
11576,2026-01-02,control
11577,2026-02-11,control
11578,2026-02-14,control
11579,2026-01-16,treatment
11580,2026-02-25,treatment
11581,2026-03-24,control
11582,2026-01-27,treatment
11583,2026-03-10,control
11584,2026-02-08,control
11585,2026-02-09,treatment
11586,2026-01-25,treatment
11587,2026-03-31,treatment
11588,2026-02-09,control
11589,2026-03-25,control
11590,2026-03-30,control
11591,2026-01-17,control
11592,2026-02-11,control
11593,2026-01-07,treatment
11594,2026-03-14,treatment
11595,2026-02-02,control
11596,2026-01-12,control
11597,2026-01-20,control
11598,2026-03-13,control
11599,2026-01-09,treatment
11600,2026-02-15,control
11601,2026-03-28,treatment
11602,2026-02-02,control
11603,2026-01-18,control
11604,2026-02-21,treatment
11605,2026-02-26,control
11606,2026-02-01,control
11607,2026-03-07,treatment
11608,2026-03-14,control
11609,2026-02-27,control
11610,2026-03-13,control
11611,2026-02-01,control
11612,2026-01-21,treatment
11613,2026-03-22,control
11614,2026-02-08,treatment
11615,2026-01-10,treatment
11616,2026-01-13,control
11617,2026-03-30,control
11618,2026-01-01,control
11619,2026-03-19,control
11620,2026-01-27,control
11621,2026-03-31,treatment
11622,2026-02-20,control
11623,2026-03-09,control
11624,2026-03-10,treatment
11625,2026-02-10,treatment
11626,2026-03-27,control
11627,2026-03-06,control
11628,2026-02-08,treatment
11629,2026-02-02,control
11630,2026-01-01,treatment
11631,2026-01-21,treatment
11632,2026-02-28,treatment
11633,2026-03-03,control
11634,2026-01-19,control
11635,2026-02-11,control
11636,2026-02-21,treatment
11637,2026-01-18,treatment
11638,2026-02-10,treatment
11639,2026-03-14,treatment
11640,2026-01-26,treatment
11641,2026-03-11,treatment
11642,2026-01-27,control
11643,2026-01-09,control
11644,2026-01-31,treatment
11645,2026-02-07,treatment
11646,2026-01-16,control
11647,2026-03-07,treatment
11648,2026-03-05,control
11649,2026-02-19,control
11650,2026-02-05,treatment
11651,2026-01-06,control
11652,2026-03-06,treatment
11653,2026-01-31,treatment
11654,2026-02-22,treatment
11655,2026-01-29,control
11656,2026-01-21,treatment
11657,2026-02-23,control
11658,2026-01-29,treatment
11659,2026-02-08,control
11660,2026-03-25,treatment
11661,2026-01-23,treatment
11662,2026-02-07,control
11663,2026-01-30,control
11664,2026-01-11,control
11665,2026-02-08,treatment
11666,2026-02-27,treatment
11667,2026-01-30,treatment
11668,2026-01-31,treatment
11669,2026-03-02,control
11670,2026-02-11,treatment
11671,2026-02-22,control
11672,2026-01-19,treatment
11673,2026-02-11,control
11674,2026-01-02,treatment
11675,2026-02-21,control
11676,2026-02-22,control
11677,2026-01-16,control
11678,2026-02-09,treatment
11679,2026-03-03,treatment
11680,2026-02-06,control
11681,2026-03-28,control
11682,2026-03-25,control
11683,2026-01-14,treatment
11684,2026-01-24,treatment
11685,2026-01-29,treatment
11686,2026-02-22,treatment
11687,2026-02-23,control
11688,2026-03-16,control
11689,2026-02-02,treatment
11690,2026-02-10,treatment
11691,2026-02-14,control
11692,2026-03-09,treatment
11693,2026-02-10,control
11694,2026-02-20,control
11695,2026-01-09,control
11696,2026-02-01,treatment
11697,2026-02-10,treatment
11698,2026-03-23,treatment
11699,2026-01-11,treatment
11700,2026-02-03,treatment
11701,2026-02-27,control
11702,2026-02-11,treatment
11703,2026-01-28,control
11704,2026-02-28,treatment
11705,2026-01-03,control
11706,2026-02-23,control
11707,2026-03-20,treatment
11708,2026-02-16,control
11709,2026-03-13,control
11710,2026-03-04,treatment
11711,2026-02-25,treatment
11712,2026-03-04,control
11713,2026-03-30,control
11714,2026-02-17,control
11715,2026-01-26,treatment
11716,2026-02-15,treatment
11717,2026-02-13,control
11718,2026-01-15,treatment
11719,2026-03-27,treatment
11720,2026-03-05,treatment
11721,2026-02-02,control
11722,2026-03-31,treatment
11723,2026-01-29,treatment
11724,2026-01-27,control
11725,2026-01-19,control
11726,2026-01-19,control
11727,2026-02-24,control
11728,2026-03-26,treatment
11729,2026-02-19,treatment
11730,2026-02-06,control
11731,2026-03-15,treatment
11732,2026-03-04,control
11733,2026-01-14,treatment
11734,2026-02-12,control
11735,2026-02-26,treatment
11736,2026-02-20,treatment
11737,2026-01-02,treatment
11738,2026-01-31,treatment
11739,2026-03-31,control
11740,2026-03-11,treatment
11741,2026-03-08,treatment
11742,2026-02-15,control
11743,2026-02-20,treatment
11744,2026-02-13,control
11745,2026-01-22,control
11746,2026-02-20,treatment
11747,2026-03-18,control
11748,2026-03-26,control
11749,2026-02-01,control
11750,2026-03-15,treatment
11751,2026-01-29,treatment
11752,2026-01-06,control
11753,2026-01-27,treatment
11754,2026-02-02,treatment
11755,2026-03-31,treatment
11756,2026-01-14,treatment
11757,2026-02-09,treatment
11758,2026-03-24,control
11759,2026-01-21,control
11760,2026-01-23,treatment
11761,2026-02-25,control
11762,2026-03-10,control
11763,2026-01-24,control
11764,2026-02-25,control
11765,2026-02-27,treatment
11766,2026-03-11,control
11767,2026-02-22,treatment
11768,2026-03-02,treatment
11769,2026-02-02,control
11770,2026-01-26,control
11771,2026-02-07,control
11772,2026-02-14,treatment
11773,2026-02-19,control
11774,2026-01-16,treatment
11775,2026-03-15,control
11776,2026-01-21,control
11777,2026-01-23,control
11778,2026-01-12,control
11779,2026-01-24,control
11780,2026-03-20,treatment
11781,2026-03-20,control
11782,2026-01-26,treatment
11783,2026-01-23,treatment
11784,2026-01-12,treatment
11785,2026-01-30,treatment
11786,2026-01-22,control
11787,2026-01-07,treatment
11788,2026-01-24,control
11789,2026-01-21,treatment
11790,2026-01-12,control
11791,2026-01-31,treatment
11792,2026-03-04,treatment
11793,2026-03-31,treatment
11794,2026-03-01,control
11795,2026-03-09,treatment
11796,2026-02-23,treatment
11797,2026-02-25,control
11798,2026-03-20,control
11799,2026-03-22,control
11800,2026-01-05,control
11801,2026-02-15,treatment
11802,2026-02-24,control
11803,2026-03-30,treatment
11804,2026-02-22,treatment
11805,2026-01-24,treatment
11806,2026-03-06,treatment
11807,2026-03-29,treatment
11808,2026-01-30,treatment
11809,2026-01-28,control
11810,2026-02-08,treatment
11811,2026-02-25,treatment
11812,2026-01-31,control
11813,2026-03-04,treatment
11814,2026-02-05,treatment
11815,2026-02-14,control
11816,2026-02-27,treatment
11817,2026-01-21,treatment
11818,2026-01-24,control
11819,2026-01-25,control
11820,2026-03-20,control
11821,2026-02-24,treatment
11822,2026-03-31,control
11823,2026-01-26,treatment
11824,2026-02-08,treatment
11825,2026-02-07,treatment
11826,2026-03-31,control
11827,2026-02-28,control
11828,2026-02-13,control
11829,2026-02-20,control
11830,2026-01-02,control
11831,2026-02-01,control
11832,2026-03-23,control
11833,2026-01-25,treatment
11834,2026-01-31,control
11835,2026-02-06,control
11836,2026-01-06,treatment
11837,2026-02-14,treatment
11838,2026-01-17,treatment
11839,2026-03-05,treatment
11840,2026-03-07,control
11841,2026-02-08,treatment
11842,2026-01-21,treatment
11843,2026-03-10,treatment
11844,2026-03-07,treatment
11845,2026-01-29,control
11846,2026-03-16,control
11847,2026-02-18,treatment
11848,2026-03-23,treatment
11849,2026-03-03,control
11850,2026-03-23,control
11851,2026-01-26,control
11852,2026-01-17,control
11853,2026-03-11,control
11854,2026-02-20,treatment
11855,2026-03-11,control
11856,2026-03-21,control
11857,2026-02-02,control
11858,2026-01-22,treatment
11859,2026-01-17,treatment
11860,2026-03-31,treatment
11861,2026-02-20,treatment
11862,2026-03-08,treatment
11863,2026-03-27,treatment
11864,2026-03-26,treatment
11865,2026-03-31,control
11866,2026-01-28,treatment
11867,2026-03-02,control
11868,2026-01-19,treatment
11869,2026-02-11,control
11870,2026-03-27,control
11871,2026-01-26,control
11872,2026-01-26,treatment
11873,2026-02-21,treatment
11874,2026-03-23,control
11875,2026-02-27,treatment
11876,2026-01-16,control
11877,2026-03-28,treatment
11878,2026-02-02,control
11879,2026-02-10,control
11880,2026-02-26,treatment
11881,2026-03-03,treatment
11882,2026-03-24,treatment
11883,2026-01-21,treatment
11884,2026-02-11,treatment
11885,2026-01-30,control
11886,2026-02-23,control
11887,2026-01-26,treatment
11888,2026-01-30,control
11889,2026-03-02,treatment
11890,2026-01-18,control
11891,2026-02-09,control
11892,2026-03-08,control
11893,2026-02-12,treatment
11894,2026-03-08,treatment
11895,2026-02-10,control
11896,2026-03-19,control
11897,2026-03-18,control
11898,2026-01-14,control
11899,2026-03-21,control
11900,2026-01-06,treatment
11901,2026-03-24,control
11902,2026-02-26,control
11903,2026-01-14,control
11904,2026-02-13,control
11905,2026-03-28,control
11906,2026-02-26,treatment
11907,2026-02-16,treatment
11908,2026-01-22,treatment
11909,2026-02-03,control
11910,2026-03-16,treatment
11911,2026-03-18,treatment
11912,2026-02-10,treatment
11913,2026-02-19,treatment
11914,2026-03-02,control
11915,2026-03-29,treatment
11916,2026-01-18,treatment
11917,2026-01-06,treatment
11918,2026-01-05,treatment
11919,2026-02-18,treatment
11920,2026-02-02,control
11921,2026-01-10,treatment
11922,2026-02-08,treatment
11923,2026-02-25,treatment
11924,2026-02-08,treatment
11925,2026-03-03,control
11926,2026-01-22,control
11927,2026-03-30,control
11928,2026-02-12,treatment
11929,2026-02-14,treatment
11930,2026-02-15,treatment
11931,2026-03-26,treatment
11932,2026-01-26,treatment
11933,2026-02-14,control
11934,2026-01-30,treatment
11935,2026-02-23,treatment
11936,2026-02-20,treatment
11937,2026-03-25,treatment
11938,2026-01-05,treatment
11939,2026-03-08,control
11940,2026-01-04,treatment
11941,2026-02-21,treatment
11942,2026-02-08,control
11943,2026-01-09,control
11944,2026-01-06,control
11945,2026-03-13,control
11946,2026-03-09,treatment
11947,2026-02-23,control
11948,2026-02-22,control
11949,2026-01-09,treatment
11950,2026-01-03,control
11951,2026-03-15,treatment
11952,2026-01-30,control
11953,2026-03-12,control
11954,2026-01-08,treatment
11955,2026-03-01,treatment
11956,2026-03-23,treatment
11957,2026-02-03,treatment
11958,2026-01-28,control
11959,2026-03-09,treatment
11960,2026-02-04,control
11961,2026-01-30,control
11962,2026-03-12,control
11963,2026-03-03,treatment
11964,2026-01-20,control
11965,2026-02-10,control
11966,2026-01-19,control
11967,2026-02-14,treatment
11968,2026-03-14,control
11969,2026-02-28,treatment
11970,2026-02-17,control
11971,2026-01-28,treatment
11972,2026-01-24,control
11973,2026-02-26,treatment
11974,2026-01-15,control
11975,2026-03-21,control
11976,2026-03-13,control
11977,2026-03-10,control
11978,2026-01-19,control
11979,2026-01-31,control
11980,2026-02-14,treatment
11981,2026-03-16,treatment
11982,2026-01-18,control
11983,2026-03-16,control
11984,2026-02-03,control
11985,2026-03-21,control
11986,2026-01-08,control
11987,2026-03-09,control
11988,2026-01-01,control
11989,2026-01-30,treatment
11990,2026-02-21,treatment
11991,2026-03-09,treatment
11992,2026-02-21,control
11993,2026-02-02,treatment
11994,2026-01-18,control
11995,2026-02-02,control
11996,2026-01-18,treatment
11997,2026-01-04,control
11998,2026-03-11,control
11999,2026-03-30,treatment
12000,2026-02-10,treatment
12001,2026-01-31,treatment
12002,2026-02-24,control
12003,2026-01-01,control
12004,2026-01-26,treatment
12005,2026-02-10,control
12006,2026-02-22,control
12007,2026-01-27,control
12008,2026-02-07,treatment
12009,2026-01-22,treatment
12010,2026-01-25,control
12011,2026-01-31,treatment
12012,2026-02-19,control
12013,2026-03-24,treatment
12014,2026-01-07,control
12015,2026-01-18,control
12016,2026-01-12,control
12017,2026-01-16,treatment
12018,2026-02-09,treatment
12019,2026-03-27,treatment
12020,2026-01-28,control
12021,2026-03-05,control
12022,2026-03-14,control
12023,2026-01-18,control
12024,2026-01-18,control
12025,2026-03-05,treatment
12026,2026-01-13,treatment
12027,2026-03-15,treatment
12028,2026-01-07,control
12029,2026-02-22,control
12030,2026-03-15,treatment
12031,2026-03-26,control
12032,2026-03-19,treatment
12033,2026-02-27,treatment
12034,2026-03-23,control
12035,2026-02-16,control
12036,2026-03-21,treatment
12037,2026-03-31,treatment
12038,2026-03-20,treatment
12039,2026-03-03,treatment
12040,2026-03-29,treatment
12041,2026-03-31,control
12042,2026-02-05,treatment
12043,2026-01-27,treatment
12044,2026-03-01,control
12045,2026-02-13,control
12046,2026-01-04,treatment
12047,2026-01-28,treatment
12048,2026-03-19,control
12049,2026-03-22,treatment
12050,2026-01-14,treatment
12051,2026-03-04,treatment
12052,2026-03-03,control
12053,2026-03-12,control
12054,2026-01-30,control
12055,2026-03-10,treatment
12056,2026-02-22,treatment
12057,2026-01-16,control
12058,2026-03-13,treatment
12059,2026-03-29,control
12060,2026-02-15,treatment
12061,2026-01-11,control
12062,2026-03-27,treatment
12063,2026-01-14,treatment
12064,2026-01-28,treatment
12065,2026-01-26,control
12066,2026-02-20,control
12067,2026-01-23,control
12068,2026-03-19,treatment
12069,2026-01-30,control
12070,2026-02-19,treatment
12071,2026-01-14,treatment
12072,2026-02-18,control
12073,2026-01-21,control
12074,2026-02-04,control
12075,2026-02-15,treatment
12076,2026-03-11,treatment
12077,2026-03-16,control
12078,2026-02-02,treatment
12079,2026-02-01,control
12080,2026-01-23,control
12081,2026-03-22,treatment
12082,2026-01-12,treatment
12083,2026-01-09,control
12084,2026-02-08,treatment
12085,2026-02-05,treatment
12086,2026-01-26,treatment
12087,2026-02-09,treatment
12088,2026-03-31,control
12089,2026-01-25,control
12090,2026-02-24,treatment
12091,2026-03-07,treatment
12092,2026-03-31,control
12093,2026-03-18,control
12094,2026-03-04,control
12095,2026-03-16,control
12096,2026-03-18,control
12097,2026-03-12,control
12098,2026-01-11,control
12099,2026-01-31,treatment
12100,2026-03-04,treatment
12101,2026-03-21,control
12102,2026-01-11,control
12103,2026-03-31,control
12104,2026-01-14,treatment
12105,2026-01-18,treatment
12106,2026-01-07,treatment
12107,2026-02-28,treatment
12108,2026-02-26,control
12109,2026-03-20,control
12110,2026-02-28,control
12111,2026-01-08,control
12112,2026-01-27,control
12113,2026-01-31,treatment
12114,2026-03-22,control
12115,2026-03-06,treatment
12116,2026-03-25,control
12117,2026-03-16,control
12118,2026-03-14,treatment
12119,2026-02-09,control
12120,2026-02-26,control
12121,2026-03-11,control
12122,2026-02-23,treatment
12123,2026-02-07,control
12124,2026-02-05,treatment
12125,2026-03-23,treatment
12126,2026-02-11,treatment
12127,2026-02-05,control
12128,2026-01-13,treatment
12129,2026-02-22,control
12130,2026-03-28,treatment
12131,2026-03-12,treatment
12132,2026-02-23,control
12133,2026-01-31,control
12134,2026-02-04,treatment
12135,2026-02-11,treatment
12136,2026-01-19,treatment
12137,2026-03-08,control
12138,2026-02-06,treatment
12139,2026-03-15,treatment
12140,2026-01-16,treatment
12141,2026-01-05,control
12142,2026-03-13,treatment
12143,2026-01-07,treatment
12144,2026-03-06,control
12145,2026-01-29,control
12146,2026-03-09,control
12147,2026-03-10,control
12148,2026-03-03,treatment
12149,2026-02-06,control
12150,2026-03-22,treatment
12151,2026-02-12,control
12152,2026-01-17,treatment
12153,2026-02-26,treatment
12154,2026-02-17,treatment
12155,2026-01-02,treatment
12156,2026-02-25,control
12157,2026-01-09,treatment
12158,2026-03-30,treatment
12159,2026-01-10,control
12160,2026-02-02,treatment
12161,2026-02-04,control
12162,2026-01-25,treatment
12163,2026-02-08,control
12164,2026-01-06,treatment
12165,2026-03-28,control
12166,2026-03-29,control
12167,2026-01-10,control
12168,2026-01-23,treatment
12169,2026-02-11,control
12170,2026-01-11,treatment
12171,2026-01-27,treatment
12172,2026-03-22,treatment
12173,2026-02-22,control
12174,2026-03-25,treatment
12175,2026-01-23,treatment
12176,2026-02-18,control
12177,2026-03-30,control
12178,2026-01-25,treatment
12179,2026-03-09,control
12180,2026-02-14,control
12181,2026-01-29,control
12182,2026-01-11,treatment
12183,2026-03-27,treatment
12184,2026-01-12,treatment
12185,2026-01-12,treatment
12186,2026-02-13,control
12187,2026-01-09,control
12188,2026-03-17,control
12189,2026-03-09,control
12190,2026-01-13,control
12191,2026-03-23,treatment
12192,2026-02-27,control
12193,2026-03-04,control
12194,2026-01-30,control
12195,2026-03-17,control
12196,2026-01-06,control
12197,2026-03-30,control
12198,2026-01-23,control
12199,2026-01-14,treatment
12200,2026-01-07,treatment
12201,2026-01-08,treatment
12202,2026-01-17,treatment
12203,2026-02-17,treatment
12204,2026-01-28,treatment
12205,2026-02-18,treatment
12206,2026-01-16,treatment
12207,2026-03-15,control
12208,2026-02-06,control
12209,2026-02-21,control
12210,2026-01-01,control
12211,2026-01-31,treatment
12212,2026-01-03,control
12213,2026-02-01,treatment
12214,2026-03-10,treatment
12215,2026-02-11,control
12216,2026-03-11,control
12217,2026-01-07,control
12218,2026-02-04,control
12219,2026-01-01,treatment
12220,2026-03-30,treatment
12221,2026-03-28,treatment
12222,2026-01-25,treatment
12223,2026-03-09,treatment
12224,2026-03-09,treatment
12225,2026-02-04,control
12226,2026-02-09,control
12227,2026-03-31,control
12228,2026-01-31,treatment
12229,2026-02-09,treatment
12230,2026-01-26,treatment
12231,2026-02-06,treatment
12232,2026-01-21,treatment
12233,2026-01-03,control
12234,2026-03-01,control
12235,2026-01-27,treatment
12236,2026-01-03,treatment
12237,2026-01-10,treatment
12238,2026-03-23,control
12239,2026-02-10,treatment
12240,2026-01-23,treatment
12241,2026-01-30,treatment
12242,2026-02-13,control
12243,2026-01-28,treatment
12244,2026-02-05,treatment
12245,2026-02-07,treatment
12246,2026-03-27,treatment
12247,2026-01-30,treatment
12248,2026-01-16,treatment
12249,2026-02-12,treatment
12250,2026-02-02,control
12251,2026-02-27,control
12252,2026-03-01,control
12253,2026-02-11,treatment
12254,2026-01-26,control
12255,2026-03-05,control
12256,2026-02-19,treatment
12257,2026-01-29,treatment
12258,2026-01-03,control
12259,2026-01-03,control
12260,2026-03-23,treatment
12261,2026-02-26,control
12262,2026-03-17,control
12263,2026-02-07,control
12264,2026-01-12,control
12265,2026-03-30,treatment
12266,2026-03-07,control
12267,2026-03-02,treatment
12268,2026-01-06,control
12269,2026-01-06,control
12270,2026-03-25,control
12271,2026-03-18,treatment
12272,2026-01-11,control
12273,2026-02-20,control
12274,2026-02-02,control
12275,2026-02-27,treatment
12276,2026-03-19,control
12277,2026-02-26,treatment
12278,2026-01-19,treatment
12279,2026-02-05,treatment
12280,2026-03-25,treatment
12281,2026-01-06,control
12282,2026-03-02,treatment
12283,2026-02-14,treatment
12284,2026-02-12,control
12285,2026-01-03,treatment
12286,2026-01-12,control
12287,2026-02-10,treatment
12288,2026-03-01,treatment
12289,2026-01-15,treatment
12290,2026-02-22,control
12291,2026-03-22,treatment
12292,2026-02-08,treatment
12293,2026-03-06,control
12294,2026-02-06,treatment
12295,2026-01-08,treatment
12296,2026-02-23,treatment
12297,2026-01-08,treatment
12298,2026-02-07,control
12299,2026-01-27,control
12300,2026-03-03,control
12301,2026-01-04,control
12302,2026-02-09,control
12303,2026-01-10,treatment
12304,2026-03-30,control
12305,2026-03-04,treatment
12306,2026-02-19,control
12307,2026-03-21,control
12308,2026-01-13,treatment
12309,2026-02-28,treatment
12310,2026-03-29,control
12311,2026-02-12,treatment
12312,2026-03-30,control
12313,2026-03-18,control
12314,2026-03-31,control
12315,2026-01-14,treatment
12316,2026-01-28,control
12317,2026-03-12,treatment
12318,2026-01-31,treatment
12319,2026-03-06,control
12320,2026-01-01,treatment
12321,2026-02-25,control
12322,2026-03-21,control
12323,2026-01-25,control
12324,2026-03-05,control
12325,2026-01-09,control
12326,2026-01-26,control
12327,2026-01-17,treatment
12328,2026-01-17,control
12329,2026-02-13,control
12330,2026-03-22,treatment
12331,2026-01-10,control
12332,2026-02-01,treatment
12333,2026-01-05,treatment
12334,2026-02-20,control
12335,2026-02-26,control
12336,2026-01-15,control
12337,2026-01-22,control
12338,2026-01-16,treatment
12339,2026-01-07,treatment
12340,2026-02-04,treatment
12341,2026-01-28,control
12342,2026-01-23,treatment
12343,2026-03-18,control
12344,2026-01-21,treatment
12345,2026-01-24,treatment
12346,2026-02-06,control
12347,2026-03-19,control
12348,2026-01-19,control
12349,2026-02-23,treatment
12350,2026-03-26,control
12351,2026-03-17,treatment
12352,2026-02-22,treatment
12353,2026-03-08,control
12354,2026-01-04,treatment
12355,2026-03-04,control
12356,2026-01-20,control
12357,2026-01-26,treatment
12358,2026-02-10,control
12359,2026-03-14,treatment
12360,2026-02-08,treatment
12361,2026-01-19,control
12362,2026-03-03,treatment
12363,2026-02-23,control
12364,2026-03-11,treatment
12365,2026-02-15,treatment
12366,2026-02-21,treatment
12367,2026-01-08,treatment
12368,2026-02-02,control
12369,2026-01-04,treatment
12370,2026-01-17,control
12371,2026-03-15,treatment
12372,2026-01-04,control
12373,2026-01-26,control
12374,2026-01-06,control
12375,2026-02-09,control
12376,2026-02-06,control
12377,2026-03-08,control
12378,2026-01-01,treatment
12379,2026-01-13,treatment
12380,2026-01-31,control
12381,2026-01-06,treatment
12382,2026-01-01,control
12383,2026-02-22,treatment
12384,2026-03-19,control
12385,2026-01-07,treatment
12386,2026-01-20,control
12387,2026-03-21,control
12388,2026-03-01,treatment
12389,2026-01-27,treatment
12390,2026-03-22,treatment
12391,2026-02-20,control
12392,2026-03-22,treatment
12393,2026-02-11,treatment
12394,2026-03-16,control
12395,2026-02-02,control
12396,2026-02-27,control
12397,2026-01-22,control
12398,2026-01-20,control
12399,2026-01-10,control
12400,2026-02-08,treatment
12401,2026-01-17,treatment
12402,2026-02-06,treatment
12403,2026-02-11,treatment
12404,2026-02-23,control
12405,2026-01-10,treatment
12406,2026-02-04,treatment
12407,2026-03-23,treatment
12408,2026-01-09,control
12409,2026-03-25,treatment
12410,2026-01-04,treatment
12411,2026-03-28,treatment
12412,2026-02-06,treatment
12413,2026-03-04,treatment
12414,2026-03-20,treatment
12415,2026-03-11,treatment
12416,2026-03-05,treatment
12417,2026-01-07,treatment
12418,2026-01-28,control
12419,2026-03-20,treatment
12420,2026-03-26,control
12421,2026-01-27,control
12422,2026-03-01,control
12423,2026-02-10,control
12424,2026-03-17,control
12425,2026-03-20,control
12426,2026-03-16,control
12427,2026-03-10,treatment
12428,2026-02-25,treatment
12429,2026-03-31,treatment
12430,2026-03-26,control
12431,2026-02-05,control
12432,2026-02-10,treatment
12433,2026-02-04,control
12434,2026-03-12,treatment
12435,2026-03-21,treatment
12436,2026-01-19,treatment
12437,2026-02-14,control
12438,2026-03-26,control
12439,2026-01-20,treatment
12440,2026-03-07,control
12441,2026-03-15,treatment
12442,2026-01-25,treatment
12443,2026-01-20,control
12444,2026-02-22,control
12445,2026-03-15,control
12446,2026-01-02,control
12447,2026-03-29,treatment
12448,2026-02-17,treatment
12449,2026-01-11,treatment
12450,2026-03-10,control
12451,2026-02-16,control
12452,2026-02-02,treatment
12453,2026-01-30,treatment
12454,2026-03-08,treatment
12455,2026-02-08,treatment
12456,2026-03-07,treatment
12457,2026-03-15,control
12458,2026-03-26,control
12459,2026-03-23,treatment
12460,2026-03-28,control
12461,2026-03-01,treatment
12462,2026-01-19,control
12463,2026-01-03,control
12464,2026-01-30,control
12465,2026-02-14,treatment
12466,2026-01-21,treatment
12467,2026-03-11,control
12468,2026-02-05,control
12469,2026-03-25,control
12470,2026-01-04,control
12471,2026-01-11,treatment
12472,2026-02-13,control
12473,2026-01-26,control
12474,2026-03-21,control
12475,2026-02-15,treatment
12476,2026-03-07,treatment
12477,2026-03-04,treatment
12478,2026-02-20,treatment
12479,2026-03-01,treatment
12480,2026-01-23,control
12481,2026-02-06,treatment
12482,2026-01-23,treatment
12483,2026-03-21,control
12484,2026-01-08,treatment
12485,2026-03-19,treatment
12486,2026-01-08,treatment
12487,2026-02-09,control
12488,2026-03-10,control
12489,2026-02-11,treatment
12490,2026-03-26,control
12491,2026-03-19,control
12492,2026-03-18,control
12493,2026-03-06,control
12494,2026-03-26,treatment
12495,2026-01-31,treatment
12496,2026-01-08,treatment
12497,2026-02-17,control
12498,2026-02-02,control
12499,2026-01-07,control
12500,2026-01-22,control
12501,2026-01-06,treatment
12502,2026-01-09,control
12503,2026-03-13,control
12504,2026-01-22,treatment
12505,2026-02-18,treatment
12506,2026-02-27,control
12507,2026-01-28,treatment
12508,2026-02-13,treatment
12509,2026-02-11,treatment
12510,2026-03-23,treatment
12511,2026-03-28,control
12512,2026-01-12,control
12513,2026-03-06,control
12514,2026-03-03,treatment
12515,2026-03-27,treatment
12516,2026-02-22,treatment
12517,2026-02-09,treatment
12518,2026-03-08,control
12519,2026-03-03,control
12520,2026-02-12,control
12521,2026-03-06,control
12522,2026-01-04,treatment
12523,2026-03-27,treatment
12524,2026-02-05,control
12525,2026-01-28,treatment
12526,2026-01-20,control
12527,2026-01-12,treatment
12528,2026-01-28,control
12529,2026-01-02,treatment
12530,2026-01-21,control
12531,2026-03-05,control
12532,2026-02-27,treatment
12533,2026-02-14,control
12534,2026-03-25,control
12535,2026-03-10,control
12536,2026-01-14,treatment
12537,2026-02-20,control
12538,2026-02-04,treatment
12539,2026-02-13,treatment
12540,2026-01-26,treatment
12541,2026-03-30,control
12542,2026-01-11,treatment
12543,2026-01-10,control
12544,2026-02-05,treatment
12545,2026-03-19,control
12546,2026-03-13,treatment
12547,2026-02-02,treatment
12548,2026-01-25,control
12549,2026-01-30,control
12550,2026-01-24,control
12551,2026-02-22,treatment
12552,2026-03-25,control
12553,2026-02-24,treatment
12554,2026-02-28,treatment
12555,2026-01-31,treatment
12556,2026-01-26,control
12557,2026-01-10,control
12558,2026-01-03,control
12559,2026-02-09,treatment
12560,2026-03-31,control
12561,2026-03-11,control
12562,2026-03-29,control
12563,2026-01-27,treatment
12564,2026-03-02,treatment
12565,2026-02-24,control
12566,2026-01-12,control
12567,2026-01-03,control
12568,2026-03-07,control
12569,2026-01-23,treatment
12570,2026-02-10,control
12571,2026-03-14,treatment
12572,2026-01-05,treatment
12573,2026-01-16,treatment
12574,2026-01-12,control
12575,2026-02-24,treatment
12576,2026-01-04,control
12577,2026-03-03,control
12578,2026-01-11,treatment
12579,2026-02-18,control
12580,2026-02-19,control
12581,2026-03-11,control
12582,2026-03-08,control
12583,2026-02-09,treatment
12584,2026-03-30,treatment
12585,2026-01-23,treatment
12586,2026-03-30,control
12587,2026-03-30,control
12588,2026-03-15,control
12589,2026-02-18,treatment
12590,2026-01-05,treatment
12591,2026-02-10,treatment
12592,2026-02-10,treatment
12593,2026-02-05,treatment
12594,2026-01-05,control
12595,2026-03-24,treatment
12596,2026-02-27,treatment
12597,2026-01-05,treatment
12598,2026-01-15,control
12599,2026-03-15,treatment
12600,2026-03-01,control
12601,2026-01-16,treatment
12602,2026-01-23,treatment
12603,2026-01-12,treatment
12604,2026-02-28,control
12605,2026-01-07,control
12606,2026-03-07,treatment
12607,2026-02-04,treatment
12608,2026-01-26,treatment
12609,2026-02-05,control
12610,2026-03-31,treatment
12611,2026-02-08,treatment
12612,2026-01-21,control
12613,2026-03-29,control
12614,2026-01-09,treatment
12615,2026-01-25,control
12616,2026-02-22,treatment
12617,2026-02-20,treatment
12618,2026-02-06,control
12619,2026-02-01,control
12620,2026-03-16,treatment
12621,2026-01-06,treatment
12622,2026-02-16,treatment
12623,2026-03-03,treatment
12624,2026-01-23,treatment
12625,2026-03-12,treatment
12626,2026-02-17,treatment
12627,2026-02-08,treatment
12628,2026-03-19,control
12629,2026-01-10,control
12630,2026-01-22,treatment
12631,2026-03-15,control
12632,2026-01-11,treatment
12633,2026-01-03,treatment
12634,2026-03-20,control
12635,2026-01-01,control
12636,2026-03-19,treatment
12637,2026-03-14,control
12638,2026-03-18,treatment
12639,2026-01-05,treatment
12640,2026-01-25,control
12641,2026-01-17,treatment
12642,2026-03-13,treatment
12643,2026-01-25,control
12644,2026-01-24,control
12645,2026-02-22,control
12646,2026-02-25,treatment
12647,2026-02-14,control
12648,2026-01-11,control
12649,2026-02-07,control
12650,2026-02-07,control
12651,2026-02-16,control
12652,2026-03-23,treatment
12653,2026-02-02,control
12654,2026-01-02,treatment
12655,2026-01-10,control
12656,2026-01-14,control
12657,2026-03-20,control
12658,2026-02-27,treatment
12659,2026-01-27,treatment
12660,2026-03-13,control
12661,2026-03-30,treatment
12662,2026-02-09,control
12663,2026-03-12,treatment
12664,2026-03-10,treatment
12665,2026-01-25,control
12666,2026-03-29,control
12667,2026-03-26,control
12668,2026-03-04,treatment
12669,2026-03-29,control
12670,2026-02-09,treatment
12671,2026-03-05,control
12672,2026-02-26,treatment
12673,2026-02-23,control
12674,2026-01-28,treatment
12675,2026-02-01,control
12676,2026-01-09,control
12677,2026-02-14,control
12678,2026-01-14,treatment
12679,2026-02-15,control
12680,2026-02-09,treatment
12681,2026-01-13,treatment
12682,2026-01-26,control
12683,2026-03-21,control
12684,2026-01-05,control
12685,2026-01-20,control
12686,2026-02-04,control
12687,2026-03-08,treatment
12688,2026-03-18,control
12689,2026-03-11,control
12690,2026-01-08,treatment
12691,2026-02-03,control
12692,2026-03-23,treatment
12693,2026-03-08,treatment
12694,2026-01-15,control
12695,2026-02-06,treatment
12696,2026-02-11,treatment
12697,2026-01-20,treatment
12698,2026-03-22,treatment
12699,2026-03-08,treatment
12700,2026-01-07,treatment
12701,2026-01-21,treatment
12702,2026-02-22,treatment
12703,2026-03-06,treatment
12704,2026-03-09,treatment
12705,2026-03-26,control
12706,2026-02-21,treatment
12707,2026-01-17,control
12708,2026-01-04,control
12709,2026-01-07,control
12710,2026-02-19,control
12711,2026-02-27,treatment
12712,2026-01-14,control
12713,2026-02-05,treatment
12714,2026-02-06,treatment
12715,2026-01-31,control
12716,2026-01-21,control
12717,2026-01-28,treatment
12718,2026-03-10,treatment
12719,2026-03-03,control
12720,2026-03-14,control
12721,2026-03-22,control
12722,2026-01-19,control
12723,2026-02-03,control
12724,2026-02-27,treatment
12725,2026-02-20,control
12726,2026-03-14,control
12727,2026-03-25,treatment
12728,2026-02-09,treatment
12729,2026-02-27,control
12730,2026-03-24,treatment
12731,2026-02-18,treatment
12732,2026-01-20,control
12733,2026-03-14,control
12734,2026-01-12,treatment
12735,2026-03-03,treatment
12736,2026-01-14,treatment
12737,2026-01-25,control
12738,2026-03-24,treatment
12739,2026-01-20,control
12740,2026-02-25,treatment
12741,2026-02-14,treatment
12742,2026-01-11,control
12743,2026-02-24,control
12744,2026-02-05,treatment
12745,2026-03-28,treatment
12746,2026-01-28,control
12747,2026-02-23,treatment
12748,2026-03-20,control
12749,2026-02-12,control
12750,2026-02-01,control
12751,2026-02-04,treatment
12752,2026-01-08,control
12753,2026-03-09,treatment
12754,2026-01-01,control
12755,2026-03-12,treatment
12756,2026-02-21,treatment
12757,2026-01-01,control
12758,2026-01-14,control
12759,2026-01-09,control
12760,2026-03-31,control
12761,2026-01-08,treatment
12762,2026-03-23,treatment
12763,2026-01-03,control
12764,2026-02-16,treatment
12765,2026-02-21,control
12766,2026-03-04,control
12767,2026-02-10,control
12768,2026-01-18,control
12769,2026-01-25,treatment
12770,2026-01-02,control
12771,2026-03-17,treatment
12772,2026-01-03,control
12773,2026-02-25,treatment
12774,2026-02-21,control
12775,2026-01-27,control
12776,2026-01-16,control
12777,2026-02-23,control
12778,2026-03-06,control
12779,2026-02-12,control
12780,2026-03-05,treatment
12781,2026-02-25,control
12782,2026-03-28,treatment
12783,2026-01-25,treatment
12784,2026-03-11,treatment
12785,2026-02-04,treatment
12786,2026-02-20,control
12787,2026-02-13,treatment
12788,2026-02-01,treatment
12789,2026-03-03,treatment
12790,2026-03-28,control
12791,2026-02-09,treatment
12792,2026-01-17,control
12793,2026-02-10,control
12794,2026-01-18,control
12795,2026-02-16,control
12796,2026-02-26,treatment
12797,2026-02-12,treatment
12798,2026-03-30,control
12799,2026-01-23,treatment
12800,2026-01-08,treatment
12801,2026-03-04,treatment
12802,2026-03-31,treatment
12803,2026-01-05,control
12804,2026-02-05,control
12805,2026-02-20,treatment
12806,2026-02-27,control
12807,2026-03-20,treatment
12808,2026-03-03,treatment
12809,2026-03-23,treatment
12810,2026-02-20,control
12811,2026-01-20,treatment
12812,2026-03-24,treatment
12813,2026-02-04,control
12814,2026-01-30,control
12815,2026-03-03,control
12816,2026-03-08,control
12817,2026-03-04,treatment
12818,2026-02-18,treatment
12819,2026-03-04,control
12820,2026-03-11,treatment
12821,2026-01-20,control
12822,2026-03-19,control
12823,2026-02-19,control
12824,2026-02-05,treatment
12825,2026-02-02,treatment
12826,2026-01-01,treatment
12827,2026-02-12,treatment
12828,2026-03-12,control
12829,2026-03-26,treatment
12830,2026-01-12,control
12831,2026-03-05,control
12832,2026-01-26,treatment
12833,2026-01-10,control
12834,2026-02-21,control
12835,2026-01-04,control
12836,2026-01-17,control
12837,2026-01-23,treatment
12838,2026-03-18,control
12839,2026-01-15,treatment
12840,2026-01-26,treatment
12841,2026-03-29,treatment
12842,2026-01-30,control
12843,2026-01-26,treatment
12844,2026-03-07,control
12845,2026-01-05,control
12846,2026-01-11,treatment
12847,2026-02-04,control
12848,2026-03-01,treatment
12849,2026-01-02,control
12850,2026-01-03,treatment
12851,2026-01-04,treatment
12852,2026-03-04,treatment
12853,2026-03-06,control
12854,2026-02-05,control
12855,2026-01-11,treatment
12856,2026-03-10,treatment
12857,2026-03-06,control
12858,2026-01-05,control
12859,2026-03-07,treatment
12860,2026-03-23,treatment
12861,2026-03-02,treatment
12862,2026-02-01,treatment
12863,2026-01-20,control
12864,2026-02-05,control
12865,2026-01-31,treatment
12866,2026-01-16,treatment
12867,2026-03-27,control
12868,2026-01-12,treatment
12869,2026-01-26,control
12870,2026-01-05,control
12871,2026-02-22,treatment
12872,2026-01-10,control
12873,2026-03-09,control
12874,2026-02-19,treatment
12875,2026-02-15,control
12876,2026-03-07,control
12877,2026-03-24,treatment
12878,2026-01-10,control
12879,2026-03-02,treatment
12880,2026-01-12,control
12881,2026-01-09,control
12882,2026-01-09,treatment
12883,2026-01-24,control
12884,2026-02-14,treatment
12885,2026-01-19,treatment
12886,2026-01-20,treatment
12887,2026-03-27,control
12888,2026-01-14,control
12889,2026-01-08,treatment
12890,2026-02-07,control
12891,2026-03-03,treatment
12892,2026-02-23,treatment
12893,2026-02-28,control
12894,2026-01-17,control
12895,2026-02-06,treatment
12896,2026-03-11,treatment
12897,2026-01-31,control
12898,2026-02-23,treatment
12899,2026-01-12,treatment
12900,2026-03-10,control
12901,2026-03-29,control
12902,2026-01-30,treatment
12903,2026-01-08,treatment
12904,2026-02-05,treatment
12905,2026-03-19,control
12906,2026-03-30,treatment
12907,2026-02-18,treatment
12908,2026-02-24,treatment
12909,2026-03-01,control
12910,2026-01-14,control
12911,2026-01-18,treatment
12912,2026-03-06,control
12913,2026-02-09,control
12914,2026-03-08,treatment
12915,2026-02-05,control
12916,2026-03-28,treatment
12917,2026-03-11,treatment
12918,2026-02-19,treatment
12919,2026-03-15,control
12920,2026-02-23,treatment
12921,2026-01-22,treatment
12922,2026-01-28,treatment
12923,2026-01-17,control
12924,2026-02-20,control
12925,2026-02-28,treatment
12926,2026-01-04,control
12927,2026-02-09,treatment
12928,2026-03-16,control
12929,2026-03-10,control
12930,2026-03-04,treatment
12931,2026-01-27,treatment
12932,2026-03-03,treatment
12933,2026-01-22,control
12934,2026-03-03,treatment
12935,2026-03-15,treatment
12936,2026-01-20,control
12937,2026-03-08,control
12938,2026-01-04,control
12939,2026-02-28,treatment
12940,2026-02-17,control
12941,2026-03-27,treatment
12942,2026-02-18,control
12943,2026-01-03,treatment
12944,2026-03-18,treatment
12945,2026-01-24,treatment
12946,2026-03-03,control
12947,2026-03-11,control
12948,2026-01-30,treatment
12949,2026-01-04,control
12950,2026-02-16,treatment
12951,2026-02-06,control
12952,2026-02-17,control
12953,2026-03-23,control
12954,2026-03-05,treatment
12955,2026-01-21,treatment
12956,2026-03-09,control
12957,2026-01-26,control
12958,2026-02-25,control
12959,2026-01-23,treatment
12960,2026-03-18,treatment
12961,2026-02-13,control
12962,2026-01-29,treatment
12963,2026-03-30,treatment
12964,2026-03-15,treatment
12965,2026-01-17,control
12966,2026-01-04,treatment
12967,2026-03-19,treatment
12968,2026-03-17,control
12969,2026-01-24,control
12970,2026-01-28,control
12971,2026-03-02,control
12972,2026-03-04,control
12973,2026-02-11,treatment
12974,2026-03-06,treatment
12975,2026-01-28,control
12976,2026-02-03,control
12977,2026-02-13,treatment
12978,2026-01-21,control
12979,2026-03-14,control
12980,2026-03-09,treatment
12981,2026-02-16,control
12982,2026-01-28,control
12983,2026-02-15,treatment
12984,2026-01-30,treatment
12985,2026-01-22,control
12986,2026-02-28,treatment
12987,2026-01-18,treatment
12988,2026-03-04,control
12989,2026-03-02,treatment
12990,2026-01-01,control
12991,2026-01-17,control
12992,2026-02-15,control
12993,2026-01-03,control
12994,2026-03-16,control
12995,2026-02-21,treatment
12996,2026-02-06,control
12997,2026-02-07,treatment
12998,2026-02-01,control
12999,2026-03-01,treatment
13000,2026-02-25,treatment
13001,2026-01-05,control
13002,2026-01-18,treatment
13003,2026-03-16,treatment
13004,2026-03-25,control
13005,2026-03-18,control
13006,2026-01-21,treatment
13007,2026-03-18,treatment
13008,2026-03-04,control
13009,2026-01-19,treatment
13010,2026-03-02,control
13011,2026-03-11,control
13012,2026-03-06,treatment
13013,2026-03-27,treatment
13014,2026-03-17,control
13015,2026-03-05,control
13016,2026-02-17,control
13017,2026-02-24,treatment
13018,2026-03-23,control
13019,2026-02-06,control
13020,2026-02-25,control
13021,2026-02-01,treatment
13022,2026-03-28,control
13023,2026-03-22,treatment
13024,2026-01-09,control
13025,2026-01-15,control
13026,2026-03-17,control
13027,2026-02-25,control
13028,2026-02-26,control
13029,2026-01-15,control
13030,2026-03-21,control
13031,2026-03-10,control
13032,2026-02-01,control
13033,2026-03-21,control
13034,2026-02-28,control
13035,2026-03-20,control
13036,2026-02-16,treatment
13037,2026-02-06,treatment
13038,2026-03-10,treatment
13039,2026-01-07,control
13040,2026-03-01,treatment
13041,2026-03-27,treatment
13042,2026-03-22,control
13043,2026-01-28,control
13044,2026-02-08,treatment
13045,2026-01-21,treatment
13046,2026-02-22,treatment
13047,2026-03-01,treatment
13048,2026-03-18,treatment
13049,2026-03-18,treatment
13050,2026-02-20,control
13051,2026-01-26,control
13052,2026-02-08,treatment
13053,2026-02-04,control
13054,2026-02-12,control
13055,2026-01-25,control
13056,2026-03-11,control
13057,2026-03-02,control
13058,2026-03-26,treatment
13059,2026-01-06,control
13060,2026-01-19,treatment
13061,2026-01-01,control
13062,2026-01-23,treatment
13063,2026-01-11,treatment
13064,2026-01-18,treatment
13065,2026-02-20,control
13066,2026-01-17,control
13067,2026-02-22,treatment
13068,2026-01-06,treatment
13069,2026-03-02,control
13070,2026-03-13,treatment
13071,2026-03-16,treatment
13072,2026-01-31,control
13073,2026-01-30,treatment
13074,2026-02-08,control
13075,2026-03-21,control
13076,2026-03-19,treatment
13077,2026-02-16,control
13078,2026-03-24,treatment
13079,2026-01-26,treatment
13080,2026-02-19,treatment
13081,2026-01-18,control
13082,2026-01-09,control
13083,2026-03-04,control
13084,2026-02-11,treatment
13085,2026-02-21,control
13086,2026-03-24,treatment
13087,2026-02-14,control
13088,2026-03-23,control
13089,2026-02-22,treatment
13090,2026-01-30,treatment
13091,2026-01-08,control
13092,2026-03-29,treatment
13093,2026-03-13,control
13094,2026-01-30,treatment
13095,2026-03-05,control
13096,2026-03-15,treatment
13097,2026-01-03,control
13098,2026-03-26,control
13099,2026-01-13,treatment
13100,2026-01-12,control
13101,2026-02-10,control
13102,2026-01-27,control
13103,2026-02-04,control
13104,2026-02-20,treatment
13105,2026-02-07,control
13106,2026-02-03,treatment
13107,2026-02-18,treatment
13108,2026-03-30,control
13109,2026-03-04,treatment
13110,2026-02-06,control
13111,2026-03-04,control
13112,2026-03-17,control
13113,2026-01-05,control
13114,2026-01-18,control
13115,2026-03-31,control
13116,2026-03-30,treatment
13117,2026-03-05,treatment
13118,2026-03-07,treatment
13119,2026-03-23,treatment
13120,2026-01-02,treatment
13121,2026-02-17,control
13122,2026-01-16,treatment
13123,2026-03-27,control
13124,2026-01-10,treatment
13125,2026-01-11,treatment
13126,2026-02-23,control
13127,2026-01-30,treatment
13128,2026-03-17,treatment
13129,2026-01-27,treatment
13130,2026-03-12,control
13131,2026-02-05,treatment
13132,2026-02-22,treatment
13133,2026-03-29,control
13134,2026-02-25,treatment
13135,2026-01-17,control
13136,2026-03-26,treatment
13137,2026-03-26,control
13138,2026-02-10,control
13139,2026-02-04,control
13140,2026-03-09,treatment
13141,2026-02-19,treatment
13142,2026-01-09,control
13143,2026-01-30,control
13144,2026-01-08,treatment
13145,2026-01-27,control
13146,2026-01-16,control
13147,2026-03-30,treatment
13148,2026-03-28,control
13149,2026-01-02,treatment
13150,2026-03-10,control
13151,2026-03-15,treatment
13152,2026-03-24,treatment
13153,2026-03-21,control
13154,2026-01-31,treatment
13155,2026-02-13,treatment
13156,2026-01-16,treatment
13157,2026-03-19,control
13158,2026-01-06,control
13159,2026-02-15,treatment
13160,2026-02-09,control
13161,2026-01-31,control
13162,2026-03-29,control
13163,2026-02-12,treatment
13164,2026-01-04,control
13165,2026-03-18,control
13166,2026-03-25,treatment
13167,2026-02-01,control
13168,2026-01-25,control
13169,2026-03-05,control
13170,2026-01-06,control
13171,2026-02-28,treatment
13172,2026-01-16,control
13173,2026-01-20,treatment
13174,2026-01-09,control
13175,2026-02-27,control
13176,2026-03-03,control
13177,2026-02-11,treatment
13178,2026-03-28,control
13179,2026-01-07,control
13180,2026-03-30,treatment
13181,2026-03-14,control
13182,2026-01-07,treatment
13183,2026-02-08,control
13184,2026-02-19,control
13185,2026-02-24,treatment
13186,2026-02-09,control
13187,2026-01-28,control
13188,2026-01-26,control
13189,2026-02-23,control
13190,2026-02-18,treatment
13191,2026-02-04,control
13192,2026-01-23,treatment
13193,2026-02-15,control
13194,2026-01-22,control
13195,2026-02-08,control
13196,2026-03-27,treatment
13197,2026-03-08,treatment
13198,2026-03-09,treatment
13199,2026-01-05,control
13200,2026-03-10,control
13201,2026-02-26,treatment
13202,2026-02-15,control
13203,2026-01-25,treatment
13204,2026-02-08,control
13205,2026-02-02,control
13206,2026-02-04,control
13207,2026-03-15,control
13208,2026-01-13,treatment
13209,2026-02-26,treatment
13210,2026-03-29,treatment
13211,2026-01-16,treatment
13212,2026-03-02,control
13213,2026-01-10,control
13214,2026-02-15,control
13215,2026-01-30,treatment
13216,2026-02-26,control
13217,2026-03-09,treatment
13218,2026-03-31,treatment
13219,2026-01-09,treatment
13220,2026-01-23,treatment
13221,2026-03-05,treatment
13222,2026-03-21,treatment
13223,2026-02-04,treatment
13224,2026-01-10,control
13225,2026-01-09,treatment
13226,2026-01-01,control
13227,2026-01-08,treatment
13228,2026-03-24,treatment
13229,2026-03-31,control
13230,2026-01-08,treatment
13231,2026-03-31,control
13232,2026-03-03,treatment
13233,2026-02-19,treatment
13234,2026-02-13,treatment
13235,2026-01-23,treatment
13236,2026-02-06,control
13237,2026-03-29,control
13238,2026-03-31,treatment
13239,2026-02-28,control
13240,2026-01-30,control
13241,2026-02-01,control
13242,2026-01-09,control
13243,2026-01-23,treatment
13244,2026-01-22,control
13245,2026-03-29,control
13246,2026-03-28,treatment
13247,2026-02-25,treatment
13248,2026-03-26,control
13249,2026-02-21,treatment
13250,2026-01-27,control
13251,2026-02-17,treatment
13252,2026-02-19,control
13253,2026-01-27,control
13254,2026-02-23,control
13255,2026-03-22,treatment
13256,2026-03-30,control
13257,2026-03-25,control
13258,2026-02-26,treatment
13259,2026-02-26,control
13260,2026-03-18,treatment
13261,2026-01-29,control
13262,2026-01-14,control
13263,2026-01-02,control
13264,2026-02-14,control
13265,2026-01-14,control
13266,2026-03-10,treatment
13267,2026-01-19,treatment
13268,2026-01-04,control
13269,2026-02-04,control
13270,2026-02-08,treatment
13271,2026-02-18,control
13272,2026-03-27,treatment
13273,2026-02-15,treatment
13274,2026-03-12,control
13275,2026-03-08,treatment
13276,2026-01-13,treatment
13277,2026-01-22,treatment
13278,2026-02-14,treatment
13279,2026-01-28,control
13280,2026-02-11,treatment
13281,2026-01-19,control
13282,2026-01-11,control
13283,2026-02-05,treatment
13284,2026-01-28,control
13285,2026-02-22,treatment
13286,2026-01-17,treatment
13287,2026-02-26,treatment
13288,2026-03-30,treatment
13289,2026-02-09,treatment
13290,2026-02-15,treatment
13291,2026-01-07,treatment
13292,2026-01-14,treatment
13293,2026-01-03,treatment
13294,2026-02-12,control
13295,2026-02-14,control
13296,2026-01-09,control
13297,2026-02-07,control
13298,2026-03-17,control
13299,2026-03-19,treatment
13300,2026-02-27,treatment
13301,2026-03-10,treatment
13302,2026-02-16,treatment
13303,2026-01-30,treatment
13304,2026-03-07,treatment
13305,2026-03-18,treatment
13306,2026-01-28,control
13307,2026-02-06,treatment
13308,2026-02-06,control
13309,2026-03-06,control
13310,2026-01-09,control
13311,2026-03-09,treatment
13312,2026-01-22,treatment
13313,2026-02-11,control
13314,2026-01-03,treatment
13315,2026-03-14,control
13316,2026-01-10,control
13317,2026-01-22,control
13318,2026-02-28,control
13319,2026-01-31,treatment
13320,2026-01-21,control
13321,2026-02-19,control
13322,2026-01-01,control
13323,2026-02-02,treatment
13324,2026-01-18,treatment
13325,2026-02-19,treatment
13326,2026-01-28,treatment
13327,2026-03-02,treatment
13328,2026-01-13,control
13329,2026-01-08,control
13330,2026-01-20,treatment
13331,2026-03-19,control
13332,2026-03-29,control
13333,2026-01-07,control
13334,2026-01-03,control
13335,2026-01-15,control
13336,2026-02-20,control
13337,2026-03-25,control
13338,2026-03-12,treatment
13339,2026-01-23,treatment
13340,2026-03-30,control
13341,2026-01-25,control
13342,2026-02-02,control
13343,2026-03-15,control
13344,2026-01-28,control
13345,2026-03-08,control
13346,2026-02-08,treatment
13347,2026-03-17,treatment
13348,2026-02-26,treatment
13349,2026-03-25,treatment
13350,2026-02-09,treatment
13351,2026-02-03,treatment
13352,2026-01-30,treatment
13353,2026-02-18,treatment
13354,2026-03-24,treatment
13355,2026-01-15,treatment
13356,2026-02-06,treatment
13357,2026-01-23,control
13358,2026-01-17,control
13359,2026-03-03,control
13360,2026-03-31,control
13361,2026-03-31,control
13362,2026-02-20,control
13363,2026-01-01,control
13364,2026-03-18,treatment
13365,2026-03-05,control
13366,2026-01-29,control
13367,2026-03-20,control
13368,2026-01-21,control
13369,2026-02-23,treatment
13370,2026-01-18,treatment
13371,2026-02-15,control
13372,2026-03-09,treatment
13373,2026-03-06,control
13374,2026-03-28,treatment
13375,2026-03-09,treatment
13376,2026-03-26,treatment
13377,2026-03-21,control
13378,2026-03-05,treatment
13379,2026-02-01,treatment
13380,2026-03-07,treatment
13381,2026-01-04,control
13382,2026-01-24,control
13383,2026-02-12,control
13384,2026-02-03,control
13385,2026-01-26,treatment
13386,2026-01-06,control
13387,2026-03-23,control
13388,2026-02-20,treatment
13389,2026-02-09,control
13390,2026-03-28,treatment
13391,2026-03-10,treatment
13392,2026-03-01,treatment
13393,2026-02-06,treatment
13394,2026-02-08,control
13395,2026-02-07,control
13396,2026-01-28,treatment
13397,2026-03-26,control
13398,2026-02-14,control
13399,2026-02-12,treatment
13400,2026-02-01,control
13401,2026-02-04,control
13402,2026-03-25,control
13403,2026-03-13,control
13404,2026-03-05,treatment
13405,2026-03-01,control
13406,2026-01-24,control
13407,2026-01-13,control
13408,2026-02-09,treatment
13409,2026-02-27,control
13410,2026-01-02,control
13411,2026-01-01,treatment
13412,2026-01-02,control
13413,2026-01-02,treatment
13414,2026-02-10,control
13415,2026-02-15,control
13416,2026-02-09,control
13417,2026-01-09,treatment
13418,2026-01-02,control
13419,2026-02-26,control
13420,2026-02-03,treatment
13421,2026-01-12,control
13422,2026-01-25,treatment
13423,2026-01-23,treatment
13424,2026-01-26,treatment
13425,2026-01-14,control
13426,2026-01-31,control
13427,2026-01-15,treatment
13428,2026-02-23,control
13429,2026-02-06,control
13430,2026-03-07,treatment
13431,2026-03-11,treatment
13432,2026-02-05,control
13433,2026-03-21,control
13434,2026-03-30,treatment
13435,2026-02-10,treatment
13436,2026-02-22,control
13437,2026-02-10,control
13438,2026-03-04,control
13439,2026-01-10,control
13440,2026-02-10,control
13441,2026-02-14,treatment
13442,2026-03-26,control
13443,2026-03-17,control
13444,2026-02-18,treatment
13445,2026-02-21,control
13446,2026-03-09,control
13447,2026-01-06,treatment
13448,2026-02-16,control
13449,2026-02-13,treatment
13450,2026-03-20,control
13451,2026-03-07,control
13452,2026-03-10,treatment
13453,2026-01-08,control
13454,2026-03-16,treatment
13455,2026-03-02,control
13456,2026-01-06,treatment
13457,2026-02-27,control
13458,2026-02-21,treatment
13459,2026-01-13,treatment
13460,2026-02-17,control
13461,2026-03-16,control
13462,2026-02-05,control
13463,2026-01-24,treatment
13464,2026-01-25,control
13465,2026-03-06,treatment
13466,2026-03-15,control
13467,2026-03-12,control
13468,2026-01-27,treatment
13469,2026-02-09,control
13470,2026-02-21,control
13471,2026-03-05,treatment
13472,2026-02-14,treatment
13473,2026-03-01,control
13474,2026-02-15,control
13475,2026-01-05,control
13476,2026-03-26,treatment
13477,2026-01-26,control
13478,2026-03-22,treatment
13479,2026-02-12,treatment
13480,2026-02-23,treatment
13481,2026-03-21,control
13482,2026-01-19,control
13483,2026-01-10,control
13484,2026-01-17,control
13485,2026-03-16,control
13486,2026-01-10,treatment
13487,2026-02-27,control
13488,2026-02-11,control
13489,2026-01-08,treatment
13490,2026-01-18,treatment
13491,2026-03-15,control
13492,2026-02-10,treatment
13493,2026-02-23,treatment
13494,2026-02-01,control
13495,2026-02-16,treatment
13496,2026-01-03,control
13497,2026-03-31,control
13498,2026-03-13,control
13499,2026-02-24,control
13500,2026-03-27,treatment
13501,2026-03-28,treatment
13502,2026-02-06,control
13503,2026-03-29,treatment
13504,2026-01-29,control
13505,2026-03-18,control
13506,2026-01-05,treatment
13507,2026-02-02,control
13508,2026-01-02,treatment
13509,2026-03-16,control
13510,2026-02-27,treatment
13511,2026-01-06,control
13512,2026-02-18,control
13513,2026-01-21,treatment
13514,2026-03-12,treatment
13515,2026-01-18,control
13516,2026-02-19,treatment
13517,2026-03-02,control
13518,2026-01-18,control
13519,2026-01-05,control
13520,2026-03-19,treatment
13521,2026-01-11,treatment
13522,2026-03-21,treatment
13523,2026-01-23,treatment
13524,2026-03-12,control
13525,2026-02-25,control
13526,2026-03-27,control
13527,2026-02-08,treatment
13528,2026-03-20,control
13529,2026-02-13,treatment
13530,2026-02-12,treatment
13531,2026-03-18,treatment
13532,2026-03-17,control
13533,2026-01-04,control
13534,2026-03-07,treatment
13535,2026-03-21,treatment
13536,2026-02-14,control
13537,2026-02-25,treatment
13538,2026-02-06,treatment
13539,2026-03-22,control
13540,2026-03-04,treatment
13541,2026-03-13,control
13542,2026-01-07,treatment
13543,2026-01-13,control
13544,2026-03-02,control
13545,2026-01-09,control
13546,2026-02-07,treatment
13547,2026-03-24,treatment
13548,2026-02-04,control
13549,2026-01-05,control
13550,2026-02-12,control
13551,2026-01-13,control
13552,2026-03-26,treatment
13553,2026-03-08,control
13554,2026-03-30,treatment
13555,2026-02-09,treatment
13556,2026-03-29,control
13557,2026-03-11,treatment
13558,2026-02-28,treatment
13559,2026-02-03,treatment
13560,2026-03-14,treatment
13561,2026-03-30,control
13562,2026-01-15,control
13563,2026-03-12,treatment
13564,2026-02-17,control
13565,2026-02-03,treatment
13566,2026-01-29,treatment
13567,2026-01-19,control
13568,2026-01-16,control
13569,2026-01-21,control
13570,2026-03-05,treatment
13571,2026-01-27,control
13572,2026-01-01,control
13573,2026-01-18,treatment
13574,2026-03-19,treatment
13575,2026-02-05,treatment
13576,2026-03-31,treatment
13577,2026-01-28,control
13578,2026-01-29,treatment
13579,2026-02-13,treatment
13580,2026-01-12,control
13581,2026-01-15,control
13582,2026-03-13,control
13583,2026-01-23,treatment
13584,2026-03-14,treatment
13585,2026-01-26,treatment
13586,2026-03-12,treatment
13587,2026-01-20,control
13588,2026-03-05,treatment
13589,2026-01-21,treatment
13590,2026-03-13,treatment
13591,2026-01-26,control
13592,2026-03-19,treatment
13593,2026-02-16,treatment
13594,2026-01-04,control
13595,2026-03-06,treatment
13596,2026-03-31,control
13597,2026-01-20,control
13598,2026-03-10,treatment
13599,2026-01-26,control
13600,2026-02-19,treatment
13601,2026-01-17,treatment
13602,2026-02-05,control
13603,2026-03-06,control
13604,2026-03-30,control
13605,2026-01-25,control
13606,2026-01-09,treatment
13607,2026-03-05,control
13608,2026-03-11,treatment
13609,2026-02-02,control
13610,2026-01-13,control
13611,2026-01-22,treatment
13612,2026-02-20,control
13613,2026-01-12,treatment
13614,2026-02-11,treatment
13615,2026-01-28,treatment
13616,2026-01-10,control
13617,2026-01-05,control
13618,2026-01-17,treatment
13619,2026-03-08,control
13620,2026-02-02,treatment
13621,2026-01-29,treatment
13622,2026-01-30,treatment
13623,2026-01-01,treatment
13624,2026-01-22,treatment
13625,2026-03-15,control
13626,2026-02-13,treatment
13627,2026-03-05,treatment
13628,2026-02-23,control
13629,2026-01-03,treatment
13630,2026-03-06,control
13631,2026-02-14,control
13632,2026-01-30,treatment
13633,2026-01-08,treatment
13634,2026-02-28,control
13635,2026-02-21,treatment
13636,2026-02-24,control
13637,2026-02-23,control
13638,2026-03-05,control
13639,2026-03-12,treatment
13640,2026-03-28,control
13641,2026-03-29,control
13642,2026-03-23,treatment
13643,2026-03-30,control
13644,2026-03-17,control
13645,2026-02-05,control
13646,2026-03-05,treatment
13647,2026-02-21,treatment
13648,2026-01-26,treatment
13649,2026-01-01,control
13650,2026-01-14,control
13651,2026-03-29,treatment
13652,2026-03-04,control
13653,2026-03-20,control
13654,2026-02-23,control
13655,2026-01-14,control
13656,2026-02-21,control
13657,2026-03-24,treatment
13658,2026-03-05,control
13659,2026-01-27,treatment
13660,2026-02-26,control
13661,2026-02-26,treatment
13662,2026-01-21,treatment
13663,2026-02-14,treatment
13664,2026-03-24,control
13665,2026-02-20,treatment
13666,2026-03-21,control
13667,2026-03-04,treatment
13668,2026-01-12,treatment
13669,2026-02-19,treatment
13670,2026-02-23,treatment
13671,2026-03-01,treatment
13672,2026-03-23,treatment
13673,2026-02-03,control
13674,2026-03-02,control
13675,2026-03-17,treatment
13676,2026-02-17,treatment
13677,2026-01-04,control
13678,2026-03-24,control
13679,2026-01-20,treatment
13680,2026-03-11,control
13681,2026-03-08,control
13682,2026-03-01,control
13683,2026-03-11,control
13684,2026-02-08,treatment
13685,2026-01-10,control
13686,2026-03-11,control
13687,2026-02-19,treatment
13688,2026-03-20,control
13689,2026-01-29,control
13690,2026-01-15,control
13691,2026-01-16,control
13692,2026-03-04,treatment
13693,2026-01-08,control
13694,2026-03-04,control
13695,2026-01-22,control
13696,2026-01-14,control
13697,2026-02-01,control
13698,2026-03-18,control
13699,2026-01-06,control
13700,2026-03-19,control
13701,2026-03-23,treatment
13702,2026-01-13,control
13703,2026-02-02,control
13704,2026-03-07,treatment
13705,2026-02-11,control
13706,2026-01-22,treatment
13707,2026-02-17,control
13708,2026-01-21,control
13709,2026-01-01,treatment
13710,2026-01-12,control
13711,2026-03-24,control
13712,2026-03-03,treatment
13713,2026-03-15,treatment
13714,2026-03-23,control
13715,2026-01-16,treatment
13716,2026-02-21,control
13717,2026-02-01,treatment
13718,2026-01-24,control
13719,2026-02-02,treatment
13720,2026-01-18,control
13721,2026-02-20,treatment
13722,2026-01-16,control
13723,2026-01-11,treatment
13724,2026-01-19,treatment
13725,2026-02-25,treatment
13726,2026-02-19,treatment
13727,2026-03-16,control
13728,2026-03-31,treatment
13729,2026-01-21,control
13730,2026-03-26,treatment
13731,2026-01-26,treatment
13732,2026-01-09,control
13733,2026-03-14,control
13734,2026-01-19,treatment
13735,2026-01-25,treatment
13736,2026-03-03,treatment
13737,2026-03-14,treatment
13738,2026-03-04,control
13739,2026-01-13,treatment
13740,2026-01-19,treatment
13741,2026-02-17,treatment
13742,2026-03-28,treatment
13743,2026-01-16,treatment
13744,2026-02-22,treatment
13745,2026-03-31,treatment
13746,2026-02-17,treatment
13747,2026-01-24,treatment
13748,2026-03-16,control
13749,2026-01-16,control
13750,2026-02-03,treatment
13751,2026-01-17,treatment
13752,2026-03-06,treatment
13753,2026-03-30,treatment
13754,2026-03-24,control
13755,2026-01-08,control
13756,2026-03-27,treatment
13757,2026-02-23,treatment
13758,2026-01-04,control
13759,2026-01-12,control
13760,2026-01-07,control
13761,2026-02-11,control
13762,2026-03-05,treatment
13763,2026-02-11,control
13764,2026-01-01,control
13765,2026-01-28,treatment
13766,2026-03-01,treatment
13767,2026-02-13,treatment
13768,2026-03-16,control
13769,2026-03-10,control
13770,2026-01-09,control
13771,2026-03-05,treatment
13772,2026-01-03,control
13773,2026-01-04,treatment
13774,2026-02-15,treatment
13775,2026-03-30,treatment
13776,2026-03-30,control
13777,2026-03-10,control
13778,2026-02-18,treatment
13779,2026-03-08,control
13780,2026-03-29,treatment
13781,2026-03-31,control
13782,2026-03-05,treatment
13783,2026-01-18,treatment
13784,2026-01-28,control
13785,2026-01-31,treatment
13786,2026-01-22,treatment
13787,2026-03-28,treatment
13788,2026-02-24,control
13789,2026-02-06,control
13790,2026-01-30,treatment
13791,2026-03-15,control
13792,2026-01-22,treatment
13793,2026-03-07,control
13794,2026-02-05,treatment
13795,2026-01-05,control
13796,2026-02-17,treatment
13797,2026-01-10,control
13798,2026-03-25,control
13799,2026-01-20,control
13800,2026-03-28,treatment
13801,2026-03-01,control
13802,2026-03-07,treatment
13803,2026-01-11,control
13804,2026-01-22,treatment
13805,2026-01-01,treatment
13806,2026-02-11,control
13807,2026-01-26,control
13808,2026-01-09,control
13809,2026-01-29,treatment
13810,2026-02-21,treatment
13811,2026-02-18,control
13812,2026-02-27,treatment
13813,2026-03-16,treatment
13814,2026-02-05,treatment
13815,2026-03-21,treatment
13816,2026-01-20,treatment
13817,2026-02-16,treatment
13818,2026-03-30,treatment
13819,2026-01-01,control
13820,2026-01-04,treatment
13821,2026-02-18,treatment
13822,2026-03-07,treatment
13823,2026-01-13,control
13824,2026-03-03,treatment
13825,2026-01-04,control
13826,2026-02-20,treatment
13827,2026-01-19,control
13828,2026-01-17,treatment
13829,2026-03-30,control
13830,2026-03-18,control
13831,2026-02-01,control
13832,2026-02-24,control
13833,2026-03-30,control
13834,2026-03-03,treatment
13835,2026-03-07,treatment
13836,2026-03-05,treatment
13837,2026-02-15,treatment
13838,2026-01-11,control
13839,2026-01-03,treatment
13840,2026-02-11,treatment
13841,2026-02-22,control
13842,2026-03-13,treatment
13843,2026-01-03,treatment
13844,2026-02-05,treatment
13845,2026-02-02,treatment
13846,2026-03-07,control
13847,2026-02-20,treatment
13848,2026-02-03,control
13849,2026-03-06,treatment
13850,2026-03-14,control
13851,2026-02-26,control
13852,2026-03-18,control
13853,2026-02-18,control
13854,2026-03-17,control
13855,2026-03-07,control
13856,2026-02-28,treatment
13857,2026-02-13,treatment
13858,2026-02-15,control
13859,2026-03-02,treatment
13860,2026-03-18,treatment
13861,2026-03-07,control
13862,2026-02-04,treatment
13863,2026-01-04,control
13864,2026-03-28,control
13865,2026-01-23,control
13866,2026-03-16,control
13867,2026-01-09,treatment
13868,2026-01-25,treatment
13869,2026-01-03,control
13870,2026-02-03,treatment
13871,2026-01-09,control
13872,2026-03-22,control
13873,2026-02-06,treatment
13874,2026-01-23,treatment
13875,2026-01-28,treatment
13876,2026-01-08,control
13877,2026-01-19,control
13878,2026-01-08,control
13879,2026-01-01,treatment
13880,2026-03-19,control
13881,2026-03-03,treatment
13882,2026-02-03,control
13883,2026-01-23,control
13884,2026-01-20,control
13885,2026-02-03,treatment
13886,2026-01-25,treatment
13887,2026-03-14,treatment
13888,2026-02-23,treatment
13889,2026-01-08,treatment
13890,2026-02-07,control
13891,2026-01-13,treatment
13892,2026-01-13,treatment
13893,2026-02-27,treatment
13894,2026-02-14,control
13895,2026-01-17,control
13896,2026-02-28,treatment
13897,2026-02-10,control
13898,2026-02-05,control
13899,2026-01-03,control
13900,2026-02-25,treatment
13901,2026-01-25,control
13902,2026-03-05,treatment
13903,2026-01-30,treatment
13904,2026-02-28,treatment
13905,2026-02-26,control
13906,2026-01-13,treatment
13907,2026-01-09,control
13908,2026-02-09,control
13909,2026-01-25,control
13910,2026-03-23,control
13911,2026-01-11,treatment
13912,2026-01-15,control
13913,2026-02-12,treatment
13914,2026-03-20,control
13915,2026-02-08,treatment
13916,2026-02-10,treatment
13917,2026-03-24,control
13918,2026-02-24,treatment
13919,2026-03-20,control
13920,2026-01-29,treatment
13921,2026-01-16,treatment
13922,2026-03-07,treatment
13923,2026-01-23,control
13924,2026-01-17,treatment
13925,2026-02-25,treatment
13926,2026-03-10,treatment
13927,2026-03-23,control
13928,2026-01-13,control
13929,2026-03-21,treatment
13930,2026-01-16,treatment
13931,2026-03-04,treatment
13932,2026-01-01,treatment
13933,2026-02-16,treatment
13934,2026-03-19,control
13935,2026-01-16,treatment
13936,2026-03-17,control
13937,2026-01-08,treatment
13938,2026-02-05,control
13939,2026-01-17,treatment
13940,2026-01-01,treatment
13941,2026-01-25,treatment
13942,2026-03-25,control
13943,2026-03-22,treatment
13944,2026-01-16,control
13945,2026-02-19,control
13946,2026-01-14,treatment
13947,2026-03-23,treatment
13948,2026-01-20,control
13949,2026-03-21,treatment
13950,2026-01-24,control
13951,2026-01-13,treatment
13952,2026-03-25,treatment
13953,2026-01-13,treatment
13954,2026-02-26,treatment
13955,2026-02-26,treatment
13956,2026-01-31,treatment
13957,2026-03-05,control
13958,2026-03-10,control
13959,2026-02-25,treatment
13960,2026-03-11,control
13961,2026-01-25,treatment
13962,2026-01-23,control
13963,2026-02-14,treatment
13964,2026-01-16,control
13965,2026-01-11,treatment
13966,2026-01-14,treatment
13967,2026-01-03,control
13968,2026-02-02,treatment
13969,2026-01-27,control
13970,2026-01-03,treatment
13971,2026-03-02,treatment
13972,2026-02-09,control
13973,2026-01-28,control
13974,2026-01-19,control
13975,2026-02-13,control
13976,2026-03-11,treatment
13977,2026-01-03,control
13978,2026-01-30,treatment
13979,2026-02-07,treatment
13980,2026-02-28,treatment
13981,2026-03-16,treatment
13982,2026-03-03,control
13983,2026-02-25,treatment
13984,2026-03-13,treatment
13985,2026-02-27,treatment
13986,2026-02-12,control
13987,2026-03-02,control
13988,2026-02-05,treatment
13989,2026-03-22,treatment
13990,2026-01-24,control
13991,2026-02-27,treatment
13992,2026-01-01,control
13993,2026-03-07,treatment
13994,2026-01-15,control
13995,2026-02-22,control
13996,2026-01-20,control
13997,2026-01-04,control
13998,2026-03-01,control
13999,2026-03-03,control
14000,2026-03-13,control
14001,2026-03-10,treatment
14002,2026-02-11,treatment
14003,2026-03-25,treatment
14004,2026-03-15,control
14005,2026-01-05,control
14006,2026-02-03,treatment
14007,2026-03-02,treatment
14008,2026-02-28,treatment
14009,2026-03-19,treatment
14010,2026-02-20,treatment
14011,2026-02-06,treatment
14012,2026-01-14,control
14013,2026-03-29,treatment
14014,2026-02-11,treatment
14015,2026-03-16,treatment
14016,2026-03-29,control
14017,2026-03-02,control
14018,2026-01-14,control
14019,2026-02-17,control
14020,2026-02-06,treatment
14021,2026-02-25,treatment
14022,2026-01-30,control
14023,2026-01-14,treatment
14024,2026-03-09,control
14025,2026-03-23,treatment
14026,2026-01-04,control
14027,2026-01-20,treatment
14028,2026-02-10,treatment
14029,2026-03-06,treatment
14030,2026-01-24,treatment
14031,2026-02-21,control
14032,2026-01-27,treatment
14033,2026-02-02,control
14034,2026-02-06,control
14035,2026-02-03,treatment
14036,2026-01-27,treatment
14037,2026-01-15,treatment
14038,2026-02-21,control
14039,2026-03-11,treatment
14040,2026-01-26,control
14041,2026-01-28,treatment
14042,2026-03-24,treatment
14043,2026-01-28,treatment
14044,2026-02-10,treatment
14045,2026-01-31,treatment
14046,2026-01-14,control
14047,2026-02-04,treatment
14048,2026-01-27,treatment
14049,2026-01-30,control
14050,2026-03-13,control
14051,2026-03-22,control
14052,2026-01-10,treatment
14053,2026-01-16,treatment
14054,2026-02-04,treatment
14055,2026-02-18,control
14056,2026-03-27,control
14057,2026-03-16,treatment
14058,2026-01-01,control
14059,2026-03-05,control
14060,2026-03-29,control
14061,2026-01-17,control
14062,2026-02-02,control
14063,2026-01-24,treatment
14064,2026-01-19,control
14065,2026-02-05,control
14066,2026-03-16,treatment
14067,2026-01-07,treatment
14068,2026-02-12,treatment
14069,2026-03-24,treatment
14070,2026-01-10,treatment
14071,2026-03-11,treatment
14072,2026-03-02,treatment
14073,2026-01-19,control
14074,2026-03-12,treatment
14075,2026-01-21,control
14076,2026-02-10,control
14077,2026-03-22,control
14078,2026-03-06,control
14079,2026-02-13,control
14080,2026-01-10,treatment
14081,2026-01-09,control
14082,2026-01-03,control
14083,2026-01-06,control
14084,2026-01-20,control
14085,2026-02-16,treatment
14086,2026-03-30,control
14087,2026-03-18,control
14088,2026-01-16,control
14089,2026-03-19,control
14090,2026-03-24,control
14091,2026-02-22,control
14092,2026-01-27,treatment
14093,2026-02-01,treatment
14094,2026-02-14,treatment
14095,2026-01-22,control
14096,2026-03-05,control
14097,2026-03-01,treatment
14098,2026-01-16,control
14099,2026-01-04,treatment
14100,2026-01-18,treatment
14101,2026-02-04,control
14102,2026-01-23,control
14103,2026-02-20,treatment
14104,2026-02-12,treatment
14105,2026-02-05,treatment
14106,2026-02-01,control
14107,2026-03-07,treatment
14108,2026-01-08,control
14109,2026-02-01,control
14110,2026-01-25,treatment
14111,2026-03-11,treatment
14112,2026-03-16,control
14113,2026-03-17,control
14114,2026-02-16,control
14115,2026-03-24,control
14116,2026-03-27,control
14117,2026-03-23,treatment
14118,2026-01-25,control
14119,2026-02-02,treatment
14120,2026-01-24,control
14121,2026-03-01,control
14122,2026-02-08,control
14123,2026-02-27,control
14124,2026-01-08,treatment
14125,2026-01-13,treatment
14126,2026-01-29,treatment
14127,2026-03-29,control
14128,2026-02-02,treatment
14129,2026-01-25,treatment
14130,2026-02-25,control
14131,2026-03-31,treatment
14132,2026-01-13,treatment
14133,2026-02-03,treatment
14134,2026-03-21,treatment
14135,2026-03-27,treatment
14136,2026-03-20,control
14137,2026-02-02,treatment
14138,2026-02-17,treatment
14139,2026-03-20,control
14140,2026-02-07,treatment
14141,2026-03-21,treatment
14142,2026-03-04,control
14143,2026-01-17,treatment
14144,2026-01-19,treatment
14145,2026-02-22,treatment
14146,2026-02-20,treatment
14147,2026-03-21,control
14148,2026-01-26,treatment
14149,2026-03-06,treatment
14150,2026-03-25,treatment
14151,2026-03-05,control
14152,2026-02-13,control
14153,2026-03-27,treatment
14154,2026-02-15,control
14155,2026-02-08,control
14156,2026-03-10,treatment
14157,2026-01-14,treatment
14158,2026-03-12,treatment
14159,2026-01-22,treatment
14160,2026-01-22,treatment
14161,2026-01-10,control
14162,2026-02-24,treatment
14163,2026-01-12,treatment
14164,2026-03-19,treatment
14165,2026-01-06,control
14166,2026-02-07,control
14167,2026-02-08,treatment
14168,2026-01-11,treatment
14169,2026-03-23,treatment
14170,2026-03-20,treatment
14171,2026-03-28,treatment
14172,2026-03-22,control
14173,2026-01-11,treatment
14174,2026-01-14,treatment
14175,2026-03-26,control
14176,2026-01-20,control
14177,2026-02-27,treatment
14178,2026-01-22,treatment
14179,2026-03-08,control
14180,2026-03-17,control
14181,2026-01-12,control
14182,2026-03-28,treatment
14183,2026-02-02,treatment
14184,2026-02-05,control
14185,2026-03-30,treatment
14186,2026-03-26,control
14187,2026-03-01,control
14188,2026-01-02,control
14189,2026-01-31,treatment
14190,2026-02-05,treatment
14191,2026-03-23,control
14192,2026-01-11,treatment
14193,2026-03-21,treatment
14194,2026-03-30,treatment
14195,2026-01-21,treatment
14196,2026-01-18,treatment
14197,2026-03-30,control
14198,2026-03-26,control
14199,2026-02-08,treatment
14200,2026-03-11,treatment
14201,2026-03-29,treatment
14202,2026-03-22,treatment
14203,2026-01-29,treatment
14204,2026-02-15,treatment
14205,2026-01-09,treatment
14206,2026-02-16,control
14207,2026-01-04,treatment
14208,2026-01-14,treatment
14209,2026-02-05,control
14210,2026-01-12,control
14211,2026-01-26,treatment
14212,2026-03-01,treatment
14213,2026-03-27,control
14214,2026-01-25,control
14215,2026-02-27,control
14216,2026-02-12,control
14217,2026-03-01,treatment
14218,2026-01-12,treatment
14219,2026-03-07,treatment
14220,2026-02-23,control
14221,2026-02-22,control
14222,2026-01-08,control
14223,2026-03-28,treatment
14224,2026-01-16,treatment
14225,2026-01-02,control
14226,2026-01-14,treatment
14227,2026-03-03,control
14228,2026-01-13,control
14229,2026-03-26,treatment
14230,2026-02-26,control
14231,2026-01-29,treatment
14232,2026-01-04,control
14233,2026-01-09,treatment
14234,2026-03-02,control
14235,2026-02-13,control
14236,2026-03-02,control
14237,2026-02-05,treatment
14238,2026-01-18,treatment
14239,2026-03-21,treatment
14240,2026-02-12,control
14241,2026-03-25,control
14242,2026-01-16,control
14243,2026-02-24,treatment
14244,2026-01-27,control
14245,2026-01-27,control
14246,2026-03-12,treatment
14247,2026-01-02,treatment
14248,2026-02-15,control
14249,2026-02-12,control
14250,2026-03-28,control
14251,2026-01-05,treatment
14252,2026-03-26,control
14253,2026-03-30,treatment
14254,2026-01-20,control
14255,2026-02-25,treatment
14256,2026-03-15,treatment
14257,2026-03-30,control
14258,2026-01-31,control
14259,2026-01-25,control
14260,2026-02-04,treatment
14261,2026-01-27,treatment
14262,2026-02-23,treatment
14263,2026-03-25,control
14264,2026-02-15,control
14265,2026-03-15,treatment
14266,2026-03-26,treatment
14267,2026-03-29,treatment
14268,2026-03-23,treatment
14269,2026-02-02,treatment
14270,2026-02-10,treatment
14271,2026-01-24,treatment
14272,2026-03-16,treatment
14273,2026-02-24,treatment
14274,2026-03-24,treatment
14275,2026-03-22,control
14276,2026-03-07,treatment
14277,2026-03-30,treatment
14278,2026-03-04,control
14279,2026-01-15,treatment
14280,2026-02-20,control
14281,2026-03-07,control
14282,2026-03-04,control
14283,2026-02-06,treatment
14284,2026-01-14,treatment
14285,2026-02-11,treatment
14286,2026-01-19,control
14287,2026-03-13,treatment
14288,2026-02-03,control
14289,2026-03-30,control
14290,2026-03-26,control
14291,2026-03-14,treatment
14292,2026-01-27,control
14293,2026-01-31,treatment
14294,2026-01-12,treatment
14295,2026-01-09,control
14296,2026-02-11,treatment
14297,2026-01-30,control
14298,2026-01-31,control
14299,2026-03-07,control
14300,2026-03-31,treatment
14301,2026-01-02,treatment
14302,2026-02-04,treatment
14303,2026-01-22,treatment
14304,2026-02-20,control
14305,2026-01-17,treatment
14306,2026-03-28,control
14307,2026-02-25,control
14308,2026-03-22,treatment
14309,2026-02-27,control
14310,2026-03-23,control
14311,2026-02-01,control
14312,2026-03-13,control
14313,2026-02-03,treatment
14314,2026-02-02,control
14315,2026-02-06,treatment
14316,2026-03-11,control
14317,2026-03-13,treatment
14318,2026-02-23,treatment
14319,2026-01-24,treatment
14320,2026-02-02,treatment
14321,2026-02-18,treatment
14322,2026-02-17,treatment
14323,2026-02-11,treatment
14324,2026-03-19,control
14325,2026-01-02,control
14326,2026-01-06,treatment
14327,2026-01-20,control
14328,2026-03-22,control
14329,2026-01-16,treatment
14330,2026-03-05,control
14331,2026-03-28,control
14332,2026-01-30,treatment
14333,2026-03-18,control
14334,2026-02-06,control
14335,2026-02-14,control
14336,2026-02-08,control
14337,2026-01-27,control
14338,2026-02-08,treatment
14339,2026-01-14,control
14340,2026-01-02,control
14341,2026-01-28,treatment
14342,2026-01-17,control
14343,2026-02-06,control
14344,2026-02-09,control
14345,2026-02-22,control
14346,2026-01-09,control
14347,2026-03-06,control
14348,2026-01-13,treatment
14349,2026-01-21,treatment
14350,2026-03-25,treatment
14351,2026-03-18,control
14352,2026-02-20,treatment
14353,2026-01-22,treatment
14354,2026-03-23,control
14355,2026-03-31,treatment
14356,2026-02-28,treatment
14357,2026-01-24,control
14358,2026-02-02,treatment
14359,2026-01-02,control
14360,2026-03-15,control
14361,2026-03-28,control
14362,2026-02-22,control
14363,2026-02-18,treatment
14364,2026-02-17,treatment
14365,2026-01-26,control
14366,2026-01-09,treatment
14367,2026-01-28,treatment
14368,2026-01-19,treatment
14369,2026-03-11,treatment
14370,2026-01-04,treatment
14371,2026-03-19,treatment
14372,2026-01-08,control
14373,2026-02-17,treatment
14374,2026-03-22,control
14375,2026-01-25,control
14376,2026-03-13,control
14377,2026-01-09,control
14378,2026-01-20,treatment
14379,2026-03-23,treatment
14380,2026-01-22,control
14381,2026-03-01,treatment
14382,2026-02-14,control
14383,2026-01-16,treatment
14384,2026-01-30,control
14385,2026-02-23,control
14386,2026-02-19,treatment
14387,2026-03-16,treatment
14388,2026-01-20,control
14389,2026-02-12,control
14390,2026-02-06,control
14391,2026-01-16,treatment
14392,2026-03-24,control
14393,2026-01-27,control
14394,2026-02-11,treatment
14395,2026-02-28,treatment
14396,2026-03-20,control
14397,2026-01-15,treatment
14398,2026-02-17,control
14399,2026-01-06,control
14400,2026-02-08,treatment
14401,2026-03-29,control
14402,2026-02-15,control
14403,2026-03-29,treatment
14404,2026-03-08,treatment
14405,2026-01-26,treatment
14406,2026-03-31,treatment
14407,2026-03-05,control
14408,2026-01-03,treatment
14409,2026-03-13,control
14410,2026-02-16,treatment
14411,2026-03-29,control
14412,2026-03-02,control
14413,2026-01-12,control
14414,2026-02-06,treatment
14415,2026-03-11,control
14416,2026-02-21,treatment
14417,2026-01-04,treatment
14418,2026-01-05,treatment
14419,2026-01-26,control
14420,2026-01-26,control
14421,2026-02-20,treatment
14422,2026-02-03,treatment
14423,2026-01-26,control
14424,2026-02-06,treatment
14425,2026-01-17,control
14426,2026-03-03,control
14427,2026-01-05,control
14428,2026-03-23,control
14429,2026-03-10,control
14430,2026-01-06,treatment
14431,2026-02-28,control
14432,2026-02-10,treatment
14433,2026-02-22,treatment
14434,2026-02-05,treatment
14435,2026-01-27,control
14436,2026-03-28,treatment
14437,2026-01-17,control
14438,2026-03-05,treatment
14439,2026-02-15,control
14440,2026-03-27,treatment
14441,2026-02-12,control
14442,2026-02-15,treatment
14443,2026-03-21,control
14444,2026-02-26,control
14445,2026-02-10,treatment
14446,2026-03-18,control
14447,2026-03-17,treatment
14448,2026-01-04,treatment
14449,2026-01-21,treatment
14450,2026-03-25,treatment
14451,2026-03-24,treatment
14452,2026-02-12,treatment
14453,2026-02-03,control
14454,2026-03-28,treatment
14455,2026-01-04,treatment
14456,2026-01-01,control
14457,2026-02-27,control
14458,2026-01-09,control
14459,2026-01-18,treatment
14460,2026-01-07,control
14461,2026-03-25,treatment
14462,2026-01-06,treatment
14463,2026-03-24,treatment
14464,2026-01-13,control
14465,2026-03-22,treatment
14466,2026-01-30,treatment
14467,2026-02-08,control
14468,2026-01-13,control
14469,2026-01-26,control
14470,2026-01-14,treatment
14471,2026-01-19,control
14472,2026-02-10,control
14473,2026-02-13,control
14474,2026-02-26,control
14475,2026-03-24,control
14476,2026-01-05,treatment
14477,2026-01-25,control
14478,2026-02-21,treatment
14479,2026-02-12,control
14480,2026-02-22,control
14481,2026-01-27,treatment
14482,2026-01-29,treatment
14483,2026-03-05,treatment
14484,2026-01-17,control
14485,2026-01-08,treatment
14486,2026-02-26,treatment
14487,2026-02-21,control
14488,2026-03-12,treatment
14489,2026-02-28,control
14490,2026-01-26,control
14491,2026-02-12,treatment
14492,2026-02-15,treatment
14493,2026-01-10,treatment
14494,2026-01-09,treatment
14495,2026-03-29,control
14496,2026-03-12,treatment
14497,2026-03-15,treatment
14498,2026-03-01,control
14499,2026-03-18,control
14500,2026-02-08,treatment
14501,2026-01-15,control
14502,2026-02-24,treatment
14503,2026-01-05,control
14504,2026-03-27,treatment
14505,2026-02-24,treatment
14506,2026-02-20,treatment
14507,2026-03-05,treatment
14508,2026-02-08,control
14509,2026-02-27,treatment
14510,2026-02-10,treatment
14511,2026-01-20,treatment
14512,2026-01-17,treatment
14513,2026-01-13,treatment
14514,2026-03-23,treatment
14515,2026-02-02,treatment
14516,2026-02-19,treatment
14517,2026-01-18,treatment
14518,2026-02-05,control
14519,2026-02-13,control
14520,2026-03-26,treatment
14521,2026-03-22,control
14522,2026-02-19,control
14523,2026-01-28,control
14524,2026-01-14,treatment
14525,2026-03-27,treatment
14526,2026-03-04,treatment
14527,2026-01-31,treatment
14528,2026-03-29,treatment
14529,2026-03-03,control
14530,2026-03-16,control
14531,2026-01-24,control
14532,2026-02-04,control
14533,2026-02-06,treatment
14534,2026-03-14,control
14535,2026-03-18,treatment
14536,2026-02-13,treatment
14537,2026-02-24,control
14538,2026-02-06,treatment
14539,2026-02-05,treatment
14540,2026-02-19,treatment
14541,2026-03-23,treatment
14542,2026-01-07,treatment
14543,2026-01-26,treatment
14544,2026-01-24,treatment
14545,2026-02-22,control
14546,2026-02-22,treatment
14547,2026-03-23,treatment
14548,2026-01-11,control
14549,2026-03-06,control
14550,2026-02-06,control
14551,2026-01-06,control
14552,2026-03-16,control
14553,2026-01-01,control
14554,2026-03-22,treatment
14555,2026-01-25,treatment
14556,2026-01-17,treatment
14557,2026-01-28,control
14558,2026-03-27,treatment
14559,2026-03-14,control
14560,2026-02-12,control
14561,2026-01-31,treatment
14562,2026-01-14,treatment
14563,2026-02-17,treatment
14564,2026-03-09,treatment
14565,2026-01-10,treatment
14566,2026-01-08,treatment
14567,2026-03-11,treatment
14568,2026-03-07,control
14569,2026-02-08,control
14570,2026-03-04,treatment
14571,2026-02-15,treatment
14572,2026-02-27,control
14573,2026-01-18,control
14574,2026-03-16,control
14575,2026-03-13,control
14576,2026-03-16,control
14577,2026-01-16,treatment
14578,2026-02-09,control
14579,2026-01-27,control
14580,2026-02-16,control
14581,2026-02-08,treatment
14582,2026-02-07,control
14583,2026-03-23,control
14584,2026-02-25,treatment
14585,2026-03-28,treatment
14586,2026-02-17,control
14587,2026-03-09,treatment
14588,2026-01-27,control
14589,2026-02-12,treatment
14590,2026-02-08,control
14591,2026-03-10,treatment
14592,2026-02-20,treatment
14593,2026-01-29,treatment
14594,2026-03-14,treatment
14595,2026-03-13,control
14596,2026-01-13,treatment
14597,2026-02-05,control
14598,2026-02-20,control
14599,2026-03-22,treatment
14600,2026-03-26,treatment
14601,2026-01-23,treatment
14602,2026-02-06,treatment
14603,2026-01-14,treatment
14604,2026-01-07,treatment
14605,2026-01-31,treatment
14606,2026-03-18,treatment
14607,2026-02-06,control
14608,2026-01-20,treatment
14609,2026-01-22,treatment
14610,2026-03-04,treatment
14611,2026-02-19,control
14612,2026-02-11,control
14613,2026-02-02,control
14614,2026-03-26,control
14615,2026-01-13,treatment
14616,2026-03-11,control
14617,2026-03-31,control
14618,2026-03-14,treatment
14619,2026-02-18,control
14620,2026-02-24,control
14621,2026-03-18,treatment
14622,2026-01-13,treatment
14623,2026-03-14,treatment
14624,2026-01-16,treatment
14625,2026-01-14,treatment
14626,2026-01-04,control
14627,2026-01-10,treatment
14628,2026-02-26,treatment
14629,2026-01-09,treatment
14630,2026-03-04,control
14631,2026-01-09,control
14632,2026-01-19,control
14633,2026-02-02,treatment
14634,2026-03-19,treatment
14635,2026-01-14,control
14636,2026-02-01,treatment
14637,2026-01-10,treatment
14638,2026-01-20,treatment
14639,2026-02-18,control
14640,2026-03-09,treatment
14641,2026-02-17,treatment
14642,2026-02-26,treatment
14643,2026-02-01,treatment
14644,2026-01-18,treatment
14645,2026-03-01,control
14646,2026-03-16,treatment
14647,2026-02-24,control
14648,2026-01-10,treatment
14649,2026-03-31,treatment
14650,2026-01-18,treatment
14651,2026-02-19,treatment
14652,2026-03-11,control
14653,2026-03-30,control
14654,2026-02-18,treatment
14655,2026-03-24,control
14656,2026-02-08,control
14657,2026-01-08,treatment
14658,2026-01-14,control
14659,2026-03-24,control
14660,2026-01-09,control
14661,2026-03-25,treatment
14662,2026-02-09,control
14663,2026-03-27,treatment
14664,2026-03-30,treatment
14665,2026-01-08,control
14666,2026-02-26,control
14667,2026-01-03,control
14668,2026-01-29,treatment
14669,2026-03-27,control
14670,2026-03-31,control
14671,2026-01-13,control
14672,2026-03-31,control
14673,2026-01-17,treatment
14674,2026-01-31,control
14675,2026-02-16,treatment
14676,2026-01-20,control
14677,2026-01-06,treatment
14678,2026-01-18,treatment
14679,2026-01-06,control
14680,2026-02-22,treatment
14681,2026-02-27,treatment
14682,2026-01-29,treatment
14683,2026-03-17,treatment
14684,2026-03-12,treatment
14685,2026-01-31,control
14686,2026-02-01,treatment
14687,2026-02-05,control
14688,2026-02-24,treatment
14689,2026-03-17,treatment
14690,2026-01-23,treatment
14691,2026-01-30,treatment
14692,2026-02-13,control
14693,2026-01-23,treatment
14694,2026-03-01,control
14695,2026-01-08,treatment
14696,2026-03-31,treatment
14697,2026-01-26,control
14698,2026-01-28,treatment
14699,2026-01-25,control
14700,2026-03-09,treatment
14701,2026-01-16,treatment
14702,2026-02-24,treatment
14703,2026-03-02,treatment
14704,2026-03-09,control
14705,2026-02-17,control
14706,2026-02-25,control
14707,2026-02-11,control
14708,2026-01-10,control
14709,2026-01-02,treatment
14710,2026-01-22,treatment
14711,2026-03-06,control
14712,2026-03-06,treatment
14713,2026-02-23,treatment
14714,2026-03-08,control
14715,2026-03-14,treatment
14716,2026-02-26,control
14717,2026-02-12,treatment
14718,2026-01-18,treatment
14719,2026-01-11,control
14720,2026-01-10,control
14721,2026-01-10,treatment
14722,2026-03-08,control
14723,2026-03-03,treatment
14724,2026-02-27,treatment
14725,2026-02-15,control
14726,2026-02-20,treatment
14727,2026-01-24,treatment
14728,2026-01-02,control
14729,2026-03-16,treatment
14730,2026-02-25,control
14731,2026-03-27,treatment
14732,2026-03-12,control
14733,2026-02-04,control
14734,2026-02-11,treatment
14735,2026-02-04,treatment
14736,2026-01-05,control
14737,2026-01-19,treatment
14738,2026-01-27,treatment
14739,2026-03-21,control
14740,2026-01-16,treatment
14741,2026-01-05,treatment
14742,2026-02-25,treatment
14743,2026-01-28,treatment
14744,2026-01-11,treatment
14745,2026-02-04,treatment
14746,2026-01-04,treatment
14747,2026-02-10,control
14748,2026-03-15,control
14749,2026-02-20,treatment
14750,2026-03-24,treatment
14751,2026-03-31,control
14752,2026-03-17,control
14753,2026-03-11,control
14754,2026-02-22,treatment
14755,2026-01-08,treatment
14756,2026-02-02,treatment
14757,2026-03-24,control
14758,2026-01-08,treatment
14759,2026-03-11,control
14760,2026-02-05,control
14761,2026-03-25,control
14762,2026-01-17,treatment
14763,2026-02-08,treatment
14764,2026-03-14,control
14765,2026-02-07,control
14766,2026-03-17,treatment
14767,2026-02-02,control
14768,2026-02-12,control
14769,2026-03-06,control
14770,2026-01-28,control
14771,2026-03-14,control
14772,2026-03-04,treatment
14773,2026-03-20,control
14774,2026-02-26,control
14775,2026-03-19,treatment
14776,2026-02-22,control
14777,2026-02-11,treatment
14778,2026-03-25,control
14779,2026-02-08,treatment
14780,2026-01-26,control
14781,2026-03-15,treatment
14782,2026-01-30,treatment
14783,2026-01-03,treatment
14784,2026-01-05,treatment
14785,2026-03-07,control
14786,2026-01-20,control
14787,2026-02-04,treatment
14788,2026-02-12,treatment
14789,2026-02-04,control
14790,2026-03-15,treatment
14791,2026-03-17,treatment
14792,2026-01-18,treatment
14793,2026-01-06,treatment
14794,2026-02-17,treatment
14795,2026-03-18,control
14796,2026-01-28,treatment
14797,2026-02-05,control
14798,2026-03-12,control
14799,2026-02-08,treatment
14800,2026-02-27,treatment
14801,2026-03-21,control
14802,2026-01-05,treatment
14803,2026-01-05,control
14804,2026-01-15,control
14805,2026-02-17,treatment
14806,2026-03-10,treatment
14807,2026-01-12,treatment
14808,2026-03-03,control
14809,2026-01-08,treatment
14810,2026-01-11,control
14811,2026-03-25,treatment
14812,2026-01-28,control
14813,2026-02-07,treatment
14814,2026-01-25,control
14815,2026-01-31,control
14816,2026-02-12,control
14817,2026-01-19,treatment
14818,2026-01-03,treatment
14819,2026-03-05,treatment
14820,2026-02-17,control
14821,2026-02-18,control
14822,2026-01-15,treatment
14823,2026-03-06,control
14824,2026-03-08,treatment
14825,2026-02-13,control
14826,2026-02-19,treatment
14827,2026-02-04,treatment
14828,2026-03-12,control
14829,2026-03-24,control
14830,2026-02-26,treatment
14831,2026-01-10,control
14832,2026-03-23,treatment
14833,2026-02-19,treatment
14834,2026-03-27,control
14835,2026-03-07,treatment
14836,2026-02-26,control
14837,2026-01-29,treatment
14838,2026-02-26,control
14839,2026-01-21,treatment
14840,2026-02-01,control
14841,2026-02-27,control
14842,2026-03-26,control
14843,2026-02-18,control
14844,2026-03-15,treatment
14845,2026-02-09,control
14846,2026-01-23,control
14847,2026-01-09,control
14848,2026-01-24,control
14849,2026-01-11,control
14850,2026-03-08,control
14851,2026-01-10,treatment
14852,2026-02-01,treatment
14853,2026-03-21,treatment
14854,2026-03-16,control
14855,2026-03-17,treatment
14856,2026-03-24,treatment
14857,2026-02-15,treatment
14858,2026-01-11,control
14859,2026-01-20,control
14860,2026-02-16,control
14861,2026-01-18,control
14862,2026-03-21,treatment
14863,2026-02-08,control
14864,2026-02-19,control
14865,2026-01-11,control
14866,2026-01-14,control
14867,2026-03-13,control
14868,2026-03-13,control
14869,2026-02-24,treatment
14870,2026-01-19,control
14871,2026-02-11,treatment
14872,2026-02-14,treatment
14873,2026-01-23,treatment
14874,2026-03-29,treatment
14875,2026-02-08,control
14876,2026-03-22,treatment
14877,2026-02-16,treatment
14878,2026-02-24,control
14879,2026-03-29,control
14880,2026-01-15,treatment
14881,2026-02-22,control
14882,2026-02-04,treatment
14883,2026-01-18,control
14884,2026-01-22,control
14885,2026-01-17,treatment
14886,2026-03-02,treatment
14887,2026-02-26,treatment
14888,2026-03-10,treatment
14889,2026-03-14,treatment
14890,2026-02-26,control
14891,2026-01-29,treatment
14892,2026-02-24,control
14893,2026-02-25,control
14894,2026-01-29,treatment
14895,2026-03-21,control
14896,2026-02-10,treatment
14897,2026-02-13,control
14898,2026-03-30,control
14899,2026-02-11,control
14900,2026-03-23,treatment
14901,2026-02-01,treatment
14902,2026-03-06,control
14903,2026-03-27,control
14904,2026-03-20,control
14905,2026-01-16,control
14906,2026-03-05,treatment
14907,2026-01-20,treatment
14908,2026-02-27,control
14909,2026-03-09,control
14910,2026-03-10,treatment
14911,2026-03-19,control
14912,2026-01-23,control
14913,2026-01-14,treatment
14914,2026-03-28,control
14915,2026-02-28,control
14916,2026-02-09,control
14917,2026-02-08,treatment
14918,2026-01-04,control
14919,2026-03-30,treatment
14920,2026-01-17,control
14921,2026-03-05,control
14922,2026-03-01,treatment
14923,2026-03-28,control
14924,2026-03-01,control
14925,2026-03-25,control
14926,2026-02-18,treatment
14927,2026-02-17,control
14928,2026-02-15,treatment
14929,2026-03-25,control
14930,2026-02-27,control
14931,2026-03-24,control
14932,2026-03-06,control
14933,2026-02-19,treatment
14934,2026-01-19,control
14935,2026-03-01,treatment
14936,2026-01-19,control
14937,2026-03-08,treatment
14938,2026-01-04,control
14939,2026-02-07,treatment
14940,2026-02-24,control
14941,2026-02-02,treatment
14942,2026-02-03,treatment
14943,2026-01-05,treatment
14944,2026-03-26,control
14945,2026-01-04,treatment
14946,2026-01-31,control
14947,2026-03-22,control
14948,2026-02-20,control
14949,2026-02-13,treatment
14950,2026-02-01,control
14951,2026-01-06,treatment
14952,2026-02-02,treatment
14953,2026-02-18,control
14954,2026-02-02,control
14955,2026-02-12,treatment
14956,2026-02-24,control
14957,2026-02-09,control
14958,2026-02-02,control
14959,2026-03-19,treatment
14960,2026-01-14,control
14961,2026-02-17,control
14962,2026-01-15,control
14963,2026-01-13,control
14964,2026-02-17,treatment
14965,2026-01-04,treatment
14966,2026-02-09,treatment
14967,2026-01-26,treatment
14968,2026-03-20,control
14969,2026-01-19,treatment
14970,2026-01-04,treatment
14971,2026-01-07,treatment
14972,2026-01-24,treatment
14973,2026-01-02,control
14974,2026-03-04,treatment
14975,2026-01-04,control
14976,2026-03-03,treatment
14977,2026-01-22,control
14978,2026-01-07,treatment
14979,2026-02-04,treatment
14980,2026-01-23,treatment
14981,2026-02-16,control
14982,2026-01-21,treatment
14983,2026-03-25,treatment
14984,2026-03-28,treatment
14985,2026-02-01,treatment
14986,2026-03-24,treatment
14987,2026-03-29,treatment
14988,2026-03-30,control
14989,2026-01-29,control
14990,2026-01-14,treatment
14991,2026-02-28,treatment
14992,2026-03-04,control
14993,2026-02-13,control
14994,2026-02-17,control
14995,2026-02-03,treatment
14996,2026-03-09,treatment
14997,2026-03-16,treatment
14998,2026-01-20,control
14999,2026-03-21,control
15000,2026-01-03,treatment
15001,2026-03-02,control
15002,2026-01-11,control
15003,2026-01-18,control
15004,2026-02-15,treatment
15005,2026-01-23,control
15006,2026-03-30,control
15007,2026-03-08,control
15008,2026-01-04,treatment
15009,2026-01-29,control
15010,2026-02-22,control
15011,2026-01-14,control
15012,2026-01-18,control
15013,2026-01-04,treatment
15014,2026-01-07,treatment
15015,2026-03-28,control
15016,2026-02-26,treatment
15017,2026-01-27,control
15018,2026-02-03,treatment
15019,2026-02-17,control
15020,2026-03-08,control
15021,2026-01-27,treatment
15022,2026-02-03,treatment
15023,2026-02-14,treatment
15024,2026-01-10,treatment
15025,2026-01-19,treatment
15026,2026-03-07,treatment
15027,2026-03-15,control
15028,2026-02-28,control
15029,2026-03-25,treatment
15030,2026-03-23,treatment
15031,2026-02-28,treatment
15032,2026-03-04,control
15033,2026-01-30,control
15034,2026-01-02,control
15035,2026-01-25,treatment
15036,2026-03-16,control
15037,2026-03-09,treatment
15038,2026-02-19,control
15039,2026-02-20,control
15040,2026-01-02,treatment
15041,2026-01-17,control
15042,2026-03-14,treatment
15043,2026-03-25,control
15044,2026-03-11,treatment
15045,2026-01-20,treatment
15046,2026-03-31,treatment
15047,2026-02-14,control
15048,2026-02-13,control
15049,2026-02-07,treatment
15050,2026-03-12,treatment
15051,2026-03-05,treatment
15052,2026-03-06,treatment
15053,2026-01-01,treatment
15054,2026-02-14,treatment
15055,2026-01-13,treatment
15056,2026-01-16,treatment
15057,2026-03-07,treatment
15058,2026-02-09,treatment
15059,2026-03-24,treatment
15060,2026-01-15,control
15061,2026-03-27,control
15062,2026-01-28,treatment
15063,2026-02-27,treatment
15064,2026-03-20,control
15065,2026-01-14,treatment
15066,2026-01-23,treatment
15067,2026-01-28,treatment
15068,2026-03-16,treatment
15069,2026-03-24,control
15070,2026-01-03,control
15071,2026-03-13,control
15072,2026-02-13,treatment
15073,2026-03-05,control
15074,2026-03-08,treatment
15075,2026-03-01,treatment
15076,2026-03-19,treatment
15077,2026-01-20,treatment
15078,2026-01-03,treatment
15079,2026-02-17,treatment
15080,2026-03-13,control
15081,2026-01-20,control
15082,2026-03-22,treatment
15083,2026-01-12,control
15084,2026-01-14,treatment
15085,2026-03-21,control
15086,2026-01-05,treatment
15087,2026-03-29,control
15088,2026-01-19,treatment
15089,2026-01-15,control
15090,2026-01-22,treatment
15091,2026-03-16,control
15092,2026-01-18,treatment
15093,2026-02-25,control
15094,2026-02-23,treatment
15095,2026-03-01,treatment
15096,2026-01-23,treatment
15097,2026-03-13,treatment
15098,2026-03-06,treatment
15099,2026-02-28,treatment
15100,2026-02-16,control
15101,2026-02-12,treatment
15102,2026-02-11,control
15103,2026-03-20,treatment
15104,2026-03-20,control
15105,2026-01-22,control
15106,2026-02-23,treatment
15107,2026-03-08,control
15108,2026-01-24,control
15109,2026-01-17,control
15110,2026-01-09,treatment
15111,2026-01-14,control
15112,2026-02-18,control
15113,2026-02-12,treatment
15114,2026-03-09,treatment
15115,2026-03-14,control
15116,2026-03-02,treatment
15117,2026-02-10,control
15118,2026-03-14,treatment
15119,2026-03-22,control
15120,2026-03-12,control
15121,2026-02-28,control
15122,2026-02-16,treatment
15123,2026-01-27,control
15124,2026-01-24,treatment
15125,2026-03-24,control
15126,2026-03-16,treatment
15127,2026-03-20,treatment
15128,2026-02-09,control
15129,2026-03-10,control
15130,2026-01-13,control
15131,2026-03-23,treatment
15132,2026-03-22,control
15133,2026-02-25,treatment
15134,2026-01-19,treatment
15135,2026-03-12,treatment
15136,2026-01-15,treatment
15137,2026-01-05,control
15138,2026-01-18,control
15139,2026-02-11,treatment
15140,2026-01-19,control
15141,2026-03-03,treatment
15142,2026-01-25,treatment
15143,2026-03-11,control
15144,2026-02-20,control
15145,2026-02-26,control
15146,2026-01-20,control
15147,2026-02-24,treatment
15148,2026-03-19,treatment
15149,2026-02-20,control
15150,2026-02-08,treatment
15151,2026-02-22,control
15152,2026-02-12,treatment
15153,2026-01-01,treatment
15154,2026-03-04,control
15155,2026-02-14,treatment
15156,2026-01-06,treatment
15157,2026-03-20,control
15158,2026-01-29,control
15159,2026-03-11,treatment
15160,2026-03-03,control
15161,2026-02-19,control
15162,2026-02-04,control
15163,2026-03-21,treatment
15164,2026-01-09,control
15165,2026-01-17,treatment
15166,2026-02-14,control
15167,2026-01-02,control
15168,2026-01-20,treatment
15169,2026-01-11,control
15170,2026-03-21,treatment
15171,2026-01-04,control
15172,2026-01-11,treatment
15173,2026-03-19,control
15174,2026-01-07,treatment
15175,2026-01-25,control
15176,2026-02-20,treatment
15177,2026-01-07,control
15178,2026-01-19,control
15179,2026-03-24,treatment
15180,2026-03-19,control
15181,2026-02-28,control
15182,2026-01-17,treatment
15183,2026-03-28,treatment
15184,2026-02-12,treatment
15185,2026-02-04,treatment
15186,2026-03-09,control
15187,2026-03-04,control
15188,2026-01-05,treatment
15189,2026-02-26,control
15190,2026-03-31,control
15191,2026-03-03,control
15192,2026-03-11,control
15193,2026-03-02,control
15194,2026-01-31,control
15195,2026-01-19,treatment
15196,2026-02-12,treatment
15197,2026-01-27,treatment
15198,2026-01-15,control
15199,2026-02-26,control
15200,2026-02-05,treatment
15201,2026-03-04,control
15202,2026-01-29,control
15203,2026-01-20,treatment
15204,2026-01-28,treatment
15205,2026-01-01,control
15206,2026-03-11,treatment
15207,2026-03-03,treatment
15208,2026-03-14,treatment
15209,2026-03-02,control
15210,2026-02-02,treatment
15211,2026-03-21,treatment
15212,2026-01-11,control
15213,2026-02-26,treatment
15214,2026-01-04,treatment
15215,2026-03-08,control
15216,2026-03-27,control
15217,2026-02-25,control
15218,2026-01-10,treatment
15219,2026-01-08,control
15220,2026-02-28,treatment
15221,2026-02-12,control
15222,2026-01-09,treatment
15223,2026-02-25,treatment
15224,2026-03-13,treatment
15225,2026-02-27,treatment
15226,2026-02-02,control
15227,2026-03-30,control
15228,2026-01-30,treatment
15229,2026-03-31,control
15230,2026-01-03,treatment
15231,2026-01-09,treatment
15232,2026-03-28,treatment
15233,2026-01-12,control
15234,2026-02-13,treatment
15235,2026-03-02,control
15236,2026-01-14,treatment
15237,2026-01-16,treatment
15238,2026-01-12,treatment
15239,2026-03-05,treatment
15240,2026-03-03,control
15241,2026-03-08,treatment
15242,2026-01-19,treatment
15243,2026-03-22,control
15244,2026-02-14,treatment
15245,2026-01-24,treatment
15246,2026-01-18,treatment
15247,2026-02-06,treatment
15248,2026-02-04,control
15249,2026-03-17,treatment
15250,2026-03-10,control
15251,2026-02-28,treatment
15252,2026-01-03,control
15253,2026-02-12,treatment
15254,2026-01-21,control
15255,2026-02-21,control
15256,2026-03-24,control
15257,2026-03-22,treatment
15258,2026-03-01,control
15259,2026-01-19,control
15260,2026-03-21,control
15261,2026-02-26,control
15262,2026-01-03,treatment
15263,2026-01-04,control
15264,2026-03-21,control
15265,2026-01-10,control
15266,2026-03-12,control
15267,2026-01-03,control
15268,2026-01-12,control
15269,2026-01-01,control
15270,2026-02-09,control
15271,2026-03-14,control
15272,2026-02-04,treatment
15273,2026-01-30,control
15274,2026-03-19,treatment
15275,2026-02-20,treatment
15276,2026-03-01,treatment
15277,2026-03-08,control
15278,2026-03-08,treatment
15279,2026-01-15,treatment
15280,2026-03-24,treatment
15281,2026-02-27,treatment
15282,2026-01-29,control
15283,2026-02-27,treatment
15284,2026-01-07,treatment
15285,2026-03-17,control
15286,2026-02-09,control
15287,2026-01-06,treatment
15288,2026-03-26,control
15289,2026-02-09,treatment
15290,2026-03-02,control
15291,2026-03-09,treatment
15292,2026-01-04,control
15293,2026-02-04,treatment
15294,2026-03-30,treatment
15295,2026-02-19,treatment
15296,2026-02-18,control
15297,2026-03-29,control
15298,2026-02-05,control
15299,2026-02-10,control
15300,2026-02-14,treatment
15301,2026-03-21,control
15302,2026-02-18,control
15303,2026-02-27,treatment
15304,2026-03-24,control
15305,2026-01-18,control
15306,2026-02-02,treatment
15307,2026-02-25,control
15308,2026-03-01,treatment
15309,2026-01-18,treatment
15310,2026-01-11,control
15311,2026-02-09,treatment
15312,2026-02-08,treatment
15313,2026-01-29,control
15314,2026-03-25,treatment
15315,2026-01-19,control
15316,2026-03-10,treatment
15317,2026-03-23,treatment
15318,2026-03-25,control
15319,2026-03-20,control
15320,2026-01-12,control
15321,2026-03-08,treatment
15322,2026-02-11,treatment
15323,2026-03-31,control
15324,2026-02-17,control
15325,2026-01-16,treatment
15326,2026-01-09,control
15327,2026-03-03,control
15328,2026-02-16,control
15329,2026-01-30,treatment
15330,2026-02-04,control
15331,2026-03-11,treatment
15332,2026-01-01,treatment
15333,2026-01-16,control
15334,2026-01-10,treatment
15335,2026-02-17,control
15336,2026-02-13,control
15337,2026-03-12,treatment
15338,2026-01-10,control
15339,2026-02-13,treatment
15340,2026-02-05,treatment
15341,2026-03-10,control
15342,2026-03-30,treatment
15343,2026-01-18,treatment
15344,2026-02-09,control
15345,2026-02-16,treatment
15346,2026-02-20,treatment
15347,2026-01-20,control
15348,2026-02-07,control
15349,2026-03-07,control
15350,2026-01-10,control
15351,2026-03-08,control
15352,2026-03-14,treatment
15353,2026-03-28,treatment
15354,2026-03-08,treatment
15355,2026-01-23,control
15356,2026-02-09,control
15357,2026-03-14,control
15358,2026-01-18,control
15359,2026-03-08,treatment
15360,2026-03-07,control
15361,2026-01-07,treatment
15362,2026-01-30,control
15363,2026-01-29,treatment
15364,2026-02-13,treatment
15365,2026-03-08,treatment
15366,2026-01-23,treatment
15367,2026-01-06,treatment
15368,2026-02-07,treatment
15369,2026-03-26,control
15370,2026-03-24,control
15371,2026-02-07,treatment
15372,2026-01-27,control
15373,2026-02-03,treatment
15374,2026-02-04,control
15375,2026-01-25,treatment
15376,2026-02-15,control
15377,2026-02-18,treatment
15378,2026-01-26,control
15379,2026-03-05,control
15380,2026-03-29,treatment
15381,2026-03-08,control
15382,2026-01-10,control
15383,2026-02-08,treatment
15384,2026-01-12,treatment
15385,2026-02-01,control
15386,2026-02-26,treatment
15387,2026-03-26,control
15388,2026-02-24,control
15389,2026-01-21,treatment
15390,2026-01-26,control
15391,2026-02-16,control
15392,2026-01-07,control
15393,2026-01-20,treatment
15394,2026-01-12,treatment
15395,2026-03-31,control
15396,2026-01-20,treatment
15397,2026-02-14,treatment
15398,2026-02-05,control
15399,2026-03-07,treatment
15400,2026-02-20,control
15401,2026-01-25,control
15402,2026-02-25,control
15403,2026-03-16,control
15404,2026-03-04,treatment
15405,2026-01-23,treatment
15406,2026-01-05,treatment
15407,2026-03-06,control
15408,2026-02-19,control
15409,2026-01-07,control
15410,2026-01-04,control
15411,2026-01-13,treatment
15412,2026-02-28,treatment
15413,2026-01-23,treatment
15414,2026-01-29,treatment
15415,2026-03-31,control
15416,2026-02-24,control
15417,2026-01-08,control
15418,2026-02-12,treatment
15419,2026-01-31,control
15420,2026-03-15,control
15421,2026-02-20,treatment
15422,2026-01-09,control
15423,2026-01-29,treatment
15424,2026-02-18,control
15425,2026-01-29,treatment
15426,2026-01-29,control
15427,2026-03-31,treatment
15428,2026-01-02,treatment
15429,2026-01-29,control
15430,2026-02-18,treatment
15431,2026-03-11,treatment
15432,2026-03-12,treatment
15433,2026-01-21,treatment
15434,2026-02-25,treatment
15435,2026-03-05,control
15436,2026-01-05,control
15437,2026-02-20,control
15438,2026-02-28,treatment
15439,2026-01-16,treatment
15440,2026-03-06,treatment
15441,2026-02-06,control
15442,2026-01-07,treatment
15443,2026-02-09,treatment
15444,2026-02-04,control
15445,2026-03-08,treatment
15446,2026-01-27,control
15447,2026-03-10,treatment
15448,2026-03-09,control
15449,2026-02-26,treatment
15450,2026-02-03,control
15451,2026-01-11,control
15452,2026-01-19,treatment
15453,2026-01-28,treatment
15454,2026-02-17,control
15455,2026-03-26,control
15456,2026-03-10,treatment
15457,2026-03-20,treatment
15458,2026-02-05,control
15459,2026-01-06,control
15460,2026-03-22,control
15461,2026-03-26,treatment
15462,2026-02-28,treatment
15463,2026-02-13,treatment
15464,2026-01-11,control
15465,2026-03-12,treatment
15466,2026-03-29,control
15467,2026-02-13,treatment
15468,2026-03-07,control
15469,2026-01-09,control
15470,2026-01-22,control
15471,2026-02-26,control
15472,2026-01-28,control
15473,2026-01-10,treatment
15474,2026-02-12,treatment
15475,2026-03-07,treatment
15476,2026-01-02,treatment
15477,2026-02-02,control
15478,2026-03-22,treatment
15479,2026-01-05,control
15480,2026-01-08,control
15481,2026-03-24,control
15482,2026-01-16,control
15483,2026-02-19,treatment
15484,2026-02-18,control
15485,2026-02-24,control
15486,2026-03-13,treatment
15487,2026-02-28,control
15488,2026-03-26,treatment
15489,2026-02-27,control
15490,2026-01-11,treatment
15491,2026-02-23,treatment
15492,2026-01-02,control
15493,2026-02-04,treatment
15494,2026-03-04,control
15495,2026-03-28,control
15496,2026-01-25,treatment
15497,2026-01-09,treatment
15498,2026-01-12,control
15499,2026-02-06,control
15500,2026-01-01,control
15501,2026-01-29,treatment
15502,2026-03-28,treatment
15503,2026-02-02,control
15504,2026-03-08,treatment
15505,2026-01-14,control
15506,2026-01-31,treatment
15507,2026-02-12,treatment
15508,2026-02-23,treatment
15509,2026-02-18,control
15510,2026-03-22,control
15511,2026-03-28,control
15512,2026-03-24,treatment
15513,2026-03-09,treatment
15514,2026-02-18,control
15515,2026-03-03,control
15516,2026-03-26,control
15517,2026-03-01,treatment
15518,2026-03-10,treatment
15519,2026-02-27,control
15520,2026-02-19,treatment
15521,2026-02-07,control
15522,2026-02-04,treatment
15523,2026-02-04,control
15524,2026-03-26,control
15525,2026-01-14,treatment
15526,2026-01-18,treatment
15527,2026-02-07,control
15528,2026-02-18,treatment
15529,2026-01-12,treatment
15530,2026-01-12,control
15531,2026-01-30,treatment
15532,2026-01-13,treatment
15533,2026-03-14,control
15534,2026-01-06,treatment
15535,2026-03-17,treatment
15536,2026-01-28,control
15537,2026-02-27,treatment
15538,2026-03-13,control
15539,2026-02-02,treatment
15540,2026-01-17,treatment
15541,2026-03-10,control
15542,2026-03-16,treatment
15543,2026-02-16,control
15544,2026-03-31,treatment
15545,2026-03-08,treatment
15546,2026-02-17,control
15547,2026-03-12,treatment
15548,2026-03-12,control
15549,2026-03-04,treatment
15550,2026-03-02,treatment
15551,2026-03-17,treatment
15552,2026-02-11,control
15553,2026-02-17,treatment
15554,2026-01-26,treatment
15555,2026-02-01,treatment
15556,2026-03-02,treatment
15557,2026-03-16,treatment
15558,2026-01-21,control
15559,2026-03-30,control
15560,2026-02-03,treatment
15561,2026-03-03,control
15562,2026-01-14,treatment
15563,2026-03-10,treatment
15564,2026-02-21,treatment
15565,2026-02-25,treatment
15566,2026-01-15,treatment
15567,2026-02-20,treatment
15568,2026-03-14,treatment
15569,2026-01-25,control
15570,2026-02-12,control
15571,2026-02-19,control
15572,2026-03-06,treatment
15573,2026-03-04,control
15574,2026-02-10,treatment
15575,2026-02-11,treatment
15576,2026-03-11,control
15577,2026-01-02,treatment
15578,2026-03-21,control
15579,2026-02-04,treatment
15580,2026-02-12,control
15581,2026-01-13,control
15582,2026-02-03,control
15583,2026-02-12,treatment
15584,2026-03-06,control
15585,2026-03-17,treatment
15586,2026-03-28,treatment
15587,2026-03-24,control
15588,2026-01-16,control
15589,2026-02-12,control
15590,2026-03-09,treatment
15591,2026-03-06,treatment
15592,2026-01-01,control
15593,2026-03-18,treatment
15594,2026-03-30,control
15595,2026-03-29,treatment
15596,2026-03-13,control
15597,2026-02-28,control
15598,2026-03-27,control
15599,2026-01-02,treatment
15600,2026-01-10,treatment
15601,2026-03-01,control
15602,2026-01-05,control
15603,2026-01-29,treatment
15604,2026-02-09,control
15605,2026-03-14,treatment
15606,2026-01-06,control
15607,2026-03-18,control
15608,2026-01-05,treatment
15609,2026-03-11,control
15610,2026-01-09,treatment
15611,2026-03-13,control
15612,2026-01-06,control
15613,2026-03-25,treatment
15614,2026-01-09,control
15615,2026-02-11,treatment
15616,2026-02-02,treatment
15617,2026-02-06,treatment
15618,2026-02-15,control
15619,2026-03-12,control
15620,2026-01-10,control
15621,2026-01-03,treatment
15622,2026-02-27,control
15623,2026-01-02,control
15624,2026-02-24,treatment
15625,2026-01-11,control
15626,2026-01-27,treatment
15627,2026-02-18,control
15628,2026-01-28,treatment
15629,2026-02-15,treatment
15630,2026-03-30,control
15631,2026-02-08,treatment
15632,2026-01-28,treatment
15633,2026-01-16,control
15634,2026-03-23,treatment
15635,2026-03-28,treatment
15636,2026-01-19,treatment
15637,2026-01-12,treatment
15638,2026-01-17,control
15639,2026-03-08,control
15640,2026-03-19,control
15641,2026-01-03,control
15642,2026-02-24,control
15643,2026-02-17,control
15644,2026-03-10,control
15645,2026-03-08,treatment
15646,2026-02-21,control
15647,2026-02-08,treatment
15648,2026-03-29,treatment
15649,2026-01-26,treatment
15650,2026-01-03,control
15651,2026-03-12,treatment
15652,2026-01-14,treatment
15653,2026-03-12,treatment
15654,2026-01-10,control
15655,2026-03-27,control
15656,2026-03-02,treatment
15657,2026-03-28,control
15658,2026-01-29,treatment
15659,2026-02-07,treatment
15660,2026-03-12,treatment
15661,2026-03-19,treatment
15662,2026-01-12,treatment
15663,2026-02-13,treatment
15664,2026-01-21,treatment
15665,2026-02-01,control
15666,2026-01-06,treatment
15667,2026-02-17,treatment
15668,2026-03-31,treatment
15669,2026-03-14,control
15670,2026-03-06,control
15671,2026-01-01,treatment
15672,2026-01-10,control
15673,2026-03-02,treatment
15674,2026-02-28,treatment
15675,2026-01-11,control
15676,2026-02-09,control
15677,2026-03-27,treatment
15678,2026-03-24,control
15679,2026-03-02,treatment
15680,2026-01-13,treatment
15681,2026-01-23,treatment
15682,2026-01-03,control
15683,2026-01-13,control
15684,2026-01-14,treatment
15685,2026-03-23,control
15686,2026-03-26,control
15687,2026-03-13,treatment
15688,2026-03-25,control
15689,2026-02-20,control
15690,2026-01-07,treatment
15691,2026-03-13,control
15692,2026-02-17,control
15693,2026-01-12,control
15694,2026-03-03,treatment
15695,2026-01-23,treatment
15696,2026-01-01,treatment
15697,2026-01-11,treatment
15698,2026-01-02,control
15699,2026-02-10,treatment
15700,2026-01-06,control
15701,2026-02-21,treatment
15702,2026-03-05,treatment
15703,2026-03-07,control
15704,2026-03-26,treatment
15705,2026-03-28,treatment
15706,2026-01-07,control
15707,2026-02-01,treatment
15708,2026-01-13,treatment
15709,2026-01-28,control
15710,2026-02-12,control
15711,2026-03-19,treatment
15712,2026-02-09,control
15713,2026-01-23,control
15714,2026-01-20,treatment
15715,2026-03-09,treatment
15716,2026-01-19,control
15717,2026-03-06,control
15718,2026-01-13,treatment
15719,2026-03-30,control
15720,2026-01-23,treatment
15721,2026-03-31,treatment
15722,2026-03-17,control
15723,2026-02-18,treatment
15724,2026-02-11,treatment
15725,2026-01-26,treatment
15726,2026-03-24,control
15727,2026-03-26,control
15728,2026-03-17,treatment
15729,2026-03-17,treatment
15730,2026-02-17,treatment
15731,2026-02-17,control
15732,2026-03-16,treatment
15733,2026-02-19,control
15734,2026-01-15,treatment
15735,2026-01-03,treatment
15736,2026-02-27,treatment
15737,2026-03-25,control
15738,2026-03-26,treatment
15739,2026-02-02,control
15740,2026-02-25,control
15741,2026-02-24,treatment
15742,2026-02-14,treatment
15743,2026-02-24,treatment
15744,2026-03-01,treatment
15745,2026-01-10,control
15746,2026-01-13,control
15747,2026-01-22,treatment
15748,2026-01-27,treatment
15749,2026-03-02,treatment
15750,2026-01-23,control
15751,2026-03-07,control
15752,2026-01-11,treatment
15753,2026-02-20,control
15754,2026-03-05,treatment
15755,2026-03-11,control
15756,2026-02-27,control
15757,2026-03-11,control
15758,2026-03-20,control
15759,2026-02-21,treatment
15760,2026-03-04,control
15761,2026-01-19,control
15762,2026-03-15,treatment
15763,2026-01-20,control
15764,2026-01-13,treatment
15765,2026-01-11,control
15766,2026-01-06,control
15767,2026-03-16,control
15768,2026-02-03,treatment
15769,2026-01-16,control
15770,2026-01-12,treatment
15771,2026-02-20,treatment
15772,2026-03-11,control
15773,2026-01-07,treatment
15774,2026-02-09,control
15775,2026-02-08,control
15776,2026-03-26,treatment
15777,2026-01-01,control
15778,2026-01-08,treatment
15779,2026-01-22,treatment
15780,2026-03-27,control
15781,2026-01-03,control
15782,2026-03-07,treatment
15783,2026-02-11,control
15784,2026-03-14,control
15785,2026-01-21,control
15786,2026-02-14,control
15787,2026-02-13,treatment
15788,2026-02-02,control
15789,2026-01-31,control
15790,2026-03-07,treatment
15791,2026-01-14,treatment
15792,2026-03-30,treatment
15793,2026-03-22,treatment
15794,2026-01-03,control
15795,2026-03-22,control
15796,2026-02-23,treatment
15797,2026-03-24,control
15798,2026-01-23,treatment
15799,2026-03-18,control
15800,2026-02-06,treatment
15801,2026-02-13,treatment
15802,2026-02-21,treatment
15803,2026-03-12,control
15804,2026-01-20,treatment
15805,2026-01-03,treatment
15806,2026-01-01,treatment
15807,2026-03-21,treatment
15808,2026-01-07,control
15809,2026-01-06,control
15810,2026-01-03,control
15811,2026-01-30,treatment
15812,2026-01-05,treatment
15813,2026-02-11,control
15814,2026-01-15,treatment
15815,2026-01-25,control
15816,2026-02-09,treatment
15817,2026-02-13,control
15818,2026-02-10,control
15819,2026-01-07,control
15820,2026-01-02,treatment
15821,2026-03-11,treatment
15822,2026-01-03,control
15823,2026-02-05,treatment
15824,2026-01-23,treatment
15825,2026-01-04,control
15826,2026-01-05,treatment
15827,2026-01-10,control
15828,2026-01-19,treatment
15829,2026-03-10,treatment
15830,2026-01-04,control
15831,2026-03-15,treatment
15832,2026-01-08,control
15833,2026-01-16,treatment
15834,2026-03-01,treatment
15835,2026-03-27,control
15836,2026-01-13,treatment
15837,2026-03-01,control
15838,2026-02-10,treatment
15839,2026-03-13,treatment
15840,2026-03-14,treatment
15841,2026-03-07,treatment
15842,2026-01-06,treatment
15843,2026-01-28,control
15844,2026-01-25,control
15845,2026-03-06,treatment
15846,2026-02-26,control
15847,2026-02-16,control
15848,2026-01-16,control
15849,2026-01-13,treatment
15850,2026-02-16,treatment
15851,2026-03-31,control
15852,2026-03-04,control
15853,2026-01-16,treatment
15854,2026-03-27,control
15855,2026-01-25,treatment
15856,2026-03-29,treatment
15857,2026-03-14,treatment
15858,2026-01-15,control
15859,2026-01-06,treatment
15860,2026-03-20,treatment
15861,2026-01-01,control
15862,2026-01-05,treatment
15863,2026-02-13,control
15864,2026-02-10,treatment
15865,2026-02-08,treatment
15866,2026-02-12,control
15867,2026-01-20,control
15868,2026-01-08,control
15869,2026-02-05,control
15870,2026-01-29,treatment
15871,2026-02-06,control
15872,2026-03-11,treatment
15873,2026-01-01,control
15874,2026-01-20,treatment
15875,2026-03-24,treatment
15876,2026-02-26,treatment
15877,2026-02-15,treatment
15878,2026-03-28,treatment
15879,2026-02-06,treatment
15880,2026-01-05,treatment
15881,2026-03-27,control
15882,2026-01-02,control
15883,2026-03-12,control
15884,2026-01-24,treatment
15885,2026-03-11,treatment
15886,2026-01-09,treatment
15887,2026-01-28,treatment
15888,2026-01-08,control
15889,2026-02-23,treatment
15890,2026-02-07,control
15891,2026-01-20,control
15892,2026-02-28,treatment
15893,2026-01-01,control
15894,2026-03-08,treatment
15895,2026-01-09,treatment
15896,2026-01-10,treatment
15897,2026-01-26,control
15898,2026-02-21,control
15899,2026-03-18,control
15900,2026-03-06,control
15901,2026-01-31,control
15902,2026-02-25,control
15903,2026-03-16,treatment
15904,2026-02-11,treatment
15905,2026-03-08,treatment
15906,2026-02-09,control
15907,2026-02-08,treatment
15908,2026-03-12,control
15909,2026-03-13,control
15910,2026-01-21,control
15911,2026-01-10,treatment
15912,2026-01-17,treatment
15913,2026-03-24,control
15914,2026-01-06,treatment
15915,2026-03-14,treatment
15916,2026-02-06,control
15917,2026-03-19,treatment
15918,2026-03-01,control
15919,2026-03-05,control
15920,2026-02-17,treatment
15921,2026-02-08,control
15922,2026-01-08,treatment
15923,2026-01-29,control
15924,2026-03-31,treatment
15925,2026-02-07,treatment
15926,2026-02-03,treatment
15927,2026-03-31,treatment
15928,2026-01-01,treatment
15929,2026-02-26,control
15930,2026-02-24,control
15931,2026-03-04,treatment
15932,2026-01-01,control
15933,2026-03-14,control
15934,2026-03-23,treatment
15935,2026-03-01,control
15936,2026-02-24,control
15937,2026-02-18,treatment
15938,2026-01-30,treatment
15939,2026-03-23,treatment
15940,2026-01-31,control
15941,2026-03-13,control
15942,2026-01-10,treatment
15943,2026-01-12,control
15944,2026-02-07,treatment
15945,2026-01-03,control
15946,2026-02-15,control
15947,2026-02-22,control
15948,2026-01-14,control
15949,2026-02-24,control
15950,2026-03-03,treatment
15951,2026-01-18,treatment
15952,2026-01-29,control
15953,2026-03-14,treatment
15954,2026-01-07,control
15955,2026-03-01,control
15956,2026-01-23,treatment
15957,2026-03-05,treatment
15958,2026-01-04,treatment
15959,2026-03-16,control
15960,2026-03-23,control
15961,2026-02-23,treatment
15962,2026-02-11,treatment
15963,2026-03-05,treatment
15964,2026-03-28,treatment
15965,2026-03-01,control
15966,2026-02-25,treatment
15967,2026-02-16,treatment
15968,2026-01-04,control
15969,2026-01-12,control
15970,2026-01-16,treatment
15971,2026-01-06,control
15972,2026-02-17,treatment
15973,2026-02-05,treatment
15974,2026-01-01,control
15975,2026-02-18,treatment
15976,2026-02-25,treatment
15977,2026-01-19,control
15978,2026-03-20,treatment
15979,2026-01-29,control
15980,2026-01-29,treatment
15981,2026-03-24,control
15982,2026-03-17,control
15983,2026-02-04,treatment
15984,2026-03-25,control
15985,2026-02-23,control
15986,2026-01-23,control
15987,2026-02-10,treatment
15988,2026-02-12,treatment
15989,2026-01-04,control
15990,2026-01-29,control
15991,2026-03-01,control
15992,2026-01-26,treatment
15993,2026-02-24,control
15994,2026-01-01,treatment
15995,2026-01-21,control
15996,2026-01-21,treatment
15997,2026-02-28,treatment
15998,2026-03-13,control
15999,2026-02-06,treatment
16000,2026-03-22,control
16001,2026-03-29,treatment
16002,2026-01-27,control
16003,2026-02-07,control
16004,2026-01-04,control
16005,2026-02-02,control
16006,2026-03-09,treatment
16007,2026-03-14,treatment
16008,2026-03-05,control
16009,2026-02-11,treatment
16010,2026-01-26,treatment
16011,2026-02-15,control
16012,2026-03-15,control
16013,2026-03-23,treatment
16014,2026-03-10,control
16015,2026-02-09,treatment
16016,2026-01-09,control
16017,2026-03-09,control
16018,2026-02-13,treatment
16019,2026-01-05,treatment
16020,2026-01-16,treatment
16021,2026-03-31,control
16022,2026-01-16,treatment
16023,2026-02-07,treatment
16024,2026-02-03,treatment
16025,2026-02-13,treatment
16026,2026-01-15,treatment
16027,2026-02-03,treatment
16028,2026-03-16,treatment
16029,2026-01-10,treatment
16030,2026-02-09,control
16031,2026-03-15,treatment
16032,2026-03-20,treatment
16033,2026-03-20,control
16034,2026-02-19,control
16035,2026-01-04,control
16036,2026-02-24,treatment
16037,2026-03-26,control
16038,2026-02-21,control
16039,2026-03-02,treatment
16040,2026-01-17,control
16041,2026-03-07,treatment
16042,2026-01-13,control
16043,2026-02-03,control
16044,2026-01-27,control
16045,2026-01-03,treatment
16046,2026-03-02,treatment
16047,2026-01-11,control
16048,2026-03-19,control
16049,2026-03-18,treatment
16050,2026-01-14,treatment
16051,2026-02-14,treatment
16052,2026-01-08,control
16053,2026-01-18,treatment
16054,2026-03-18,treatment
16055,2026-01-31,control
16056,2026-02-02,treatment
16057,2026-03-23,treatment
16058,2026-01-23,treatment
16059,2026-01-19,treatment
16060,2026-01-01,control
16061,2026-03-14,treatment
16062,2026-01-19,control
16063,2026-02-08,treatment
16064,2026-01-04,control
16065,2026-02-16,control
16066,2026-03-04,treatment
16067,2026-01-30,control
16068,2026-01-07,treatment
16069,2026-01-20,control
16070,2026-03-09,control
16071,2026-03-20,control
16072,2026-03-03,control
16073,2026-03-24,control
16074,2026-01-03,control
16075,2026-03-12,treatment
16076,2026-03-31,control
16077,2026-03-21,control
16078,2026-03-30,control
16079,2026-02-15,control
16080,2026-03-27,control
16081,2026-02-09,control
16082,2026-01-23,treatment
16083,2026-03-19,treatment
16084,2026-03-02,treatment
16085,2026-03-03,treatment
16086,2026-02-10,treatment
16087,2026-03-31,control
16088,2026-01-31,control
16089,2026-02-25,treatment
16090,2026-02-08,control
16091,2026-01-31,control
16092,2026-03-04,treatment
16093,2026-01-12,control
16094,2026-01-10,control
16095,2026-02-28,treatment
16096,2026-02-10,control
16097,2026-01-13,control
16098,2026-03-26,control
16099,2026-03-26,control
16100,2026-02-24,treatment
16101,2026-02-03,treatment
16102,2026-03-24,control
16103,2026-01-19,control
16104,2026-01-03,control
16105,2026-02-24,treatment
16106,2026-02-21,control
16107,2026-01-26,control
16108,2026-03-04,treatment
16109,2026-01-21,treatment
16110,2026-01-31,treatment
16111,2026-01-13,treatment
16112,2026-01-12,treatment
16113,2026-01-10,treatment
16114,2026-01-09,treatment
16115,2026-01-18,control
16116,2026-02-18,control
16117,2026-02-05,control
16118,2026-01-18,treatment
16119,2026-01-12,treatment
16120,2026-01-05,treatment
16121,2026-02-26,control
16122,2026-03-16,treatment
16123,2026-01-22,control
16124,2026-03-14,control
16125,2026-03-06,treatment
16126,2026-03-09,treatment
16127,2026-01-27,treatment
16128,2026-02-19,control
16129,2026-02-20,control
16130,2026-02-16,control
16131,2026-03-09,control
16132,2026-02-19,treatment
16133,2026-02-22,control
16134,2026-03-11,control
16135,2026-01-23,control
16136,2026-03-01,treatment
16137,2026-03-03,treatment
16138,2026-01-13,control
16139,2026-03-06,control
16140,2026-02-01,treatment
16141,2026-03-04,treatment
16142,2026-03-03,control
16143,2026-01-25,control
16144,2026-02-19,treatment
16145,2026-02-15,treatment
16146,2026-03-25,control
16147,2026-01-16,control
16148,2026-01-26,control
16149,2026-02-06,control
16150,2026-03-07,control
16151,2026-01-21,control
16152,2026-03-05,control
16153,2026-01-14,control
16154,2026-03-10,control
16155,2026-03-10,control
16156,2026-02-27,treatment
16157,2026-03-30,control
16158,2026-03-21,treatment
16159,2026-03-03,treatment
16160,2026-03-12,treatment
16161,2026-02-28,control
16162,2026-03-15,control
16163,2026-03-14,treatment
16164,2026-02-10,control
16165,2026-01-14,control
16166,2026-01-07,control
16167,2026-01-26,treatment
16168,2026-02-19,treatment
16169,2026-01-27,control
16170,2026-02-13,treatment
16171,2026-01-19,treatment
16172,2026-03-25,control
16173,2026-02-08,control
16174,2026-03-02,control
16175,2026-02-20,treatment
16176,2026-03-13,treatment
16177,2026-02-21,treatment
16178,2026-03-04,treatment
16179,2026-03-17,control
16180,2026-02-27,treatment
16181,2026-02-27,treatment
16182,2026-03-24,treatment
16183,2026-03-06,control
16184,2026-01-07,control
16185,2026-03-14,control
16186,2026-03-20,control
16187,2026-02-23,treatment
16188,2026-03-14,treatment
16189,2026-01-08,treatment
16190,2026-03-31,control
16191,2026-03-20,control
16192,2026-01-13,control
16193,2026-03-01,treatment
16194,2026-03-17,treatment
16195,2026-03-08,control
16196,2026-01-22,treatment
16197,2026-01-21,treatment
16198,2026-01-06,control
16199,2026-02-18,control
16200,2026-01-23,control
16201,2026-02-21,control
16202,2026-01-14,treatment
16203,2026-02-07,control
16204,2026-01-26,treatment
16205,2026-01-13,treatment
16206,2026-03-24,treatment
16207,2026-01-10,treatment
16208,2026-03-01,control
16209,2026-02-09,treatment
16210,2026-02-21,control
16211,2026-01-25,treatment
16212,2026-03-20,treatment
16213,2026-02-01,control
16214,2026-03-22,control
16215,2026-02-04,treatment
16216,2026-03-28,treatment
16217,2026-03-07,treatment
16218,2026-03-20,control
16219,2026-01-11,treatment
16220,2026-03-15,treatment
16221,2026-03-06,control
16222,2026-01-03,treatment
16223,2026-01-06,treatment
16224,2026-02-20,treatment
16225,2026-02-27,control
16226,2026-02-05,control
16227,2026-03-25,treatment
16228,2026-01-06,treatment
16229,2026-02-01,control
16230,2026-01-09,treatment
16231,2026-03-31,control
16232,2026-02-08,treatment
16233,2026-01-03,control
16234,2026-03-27,control
16235,2026-03-08,treatment
16236,2026-02-10,control
16237,2026-02-23,treatment
16238,2026-03-11,control
16239,2026-01-23,control
16240,2026-01-20,treatment
16241,2026-03-18,treatment
16242,2026-01-22,treatment
16243,2026-03-01,treatment
16244,2026-03-17,control
16245,2026-01-06,control
16246,2026-01-27,control
16247,2026-01-05,treatment
16248,2026-02-28,control
16249,2026-01-18,control
16250,2026-01-01,treatment
16251,2026-03-15,control
16252,2026-01-03,treatment
16253,2026-02-20,control
16254,2026-02-12,control
16255,2026-01-28,control
16256,2026-02-23,control
16257,2026-02-24,treatment
16258,2026-01-08,control
16259,2026-01-08,treatment
16260,2026-03-12,treatment
16261,2026-01-15,control
16262,2026-01-06,treatment
16263,2026-01-17,treatment
16264,2026-03-01,control
16265,2026-01-17,treatment
16266,2026-03-02,control
16267,2026-03-27,treatment
16268,2026-02-09,control
16269,2026-03-29,treatment
16270,2026-02-11,treatment
16271,2026-03-22,treatment
16272,2026-01-01,treatment
16273,2026-03-06,control
16274,2026-02-18,treatment
16275,2026-03-19,control
16276,2026-01-28,control
16277,2026-03-21,control
16278,2026-01-21,treatment
16279,2026-02-12,treatment
16280,2026-01-10,control
16281,2026-01-17,treatment
16282,2026-02-25,treatment
16283,2026-02-01,control
16284,2026-03-19,control
16285,2026-03-24,treatment
16286,2026-01-12,treatment
16287,2026-03-14,control
16288,2026-03-07,treatment
16289,2026-02-27,control
16290,2026-02-13,treatment
16291,2026-02-28,control
16292,2026-01-01,control
16293,2026-01-22,control
16294,2026-02-14,treatment
16295,2026-03-17,control
16296,2026-03-18,control
16297,2026-02-19,control
16298,2026-03-28,treatment
16299,2026-03-25,control
16300,2026-02-12,control
16301,2026-01-07,control
16302,2026-02-10,treatment
16303,2026-03-04,control
16304,2026-01-31,control
16305,2026-03-23,treatment
16306,2026-02-04,treatment
16307,2026-03-15,treatment
16308,2026-02-12,control
16309,2026-02-08,treatment
16310,2026-01-08,treatment
16311,2026-01-26,treatment
16312,2026-02-28,treatment
16313,2026-02-12,treatment
16314,2026-02-02,treatment
16315,2026-01-10,control
16316,2026-03-01,treatment
16317,2026-02-24,treatment
16318,2026-02-26,treatment
16319,2026-01-09,control
16320,2026-03-21,control
16321,2026-01-19,treatment
16322,2026-01-26,treatment
16323,2026-01-20,control
16324,2026-03-26,treatment
16325,2026-02-14,control
16326,2026-03-01,control
16327,2026-03-06,treatment
16328,2026-02-25,treatment
16329,2026-03-07,control
16330,2026-02-19,control
16331,2026-02-27,control
16332,2026-01-19,treatment
16333,2026-02-08,treatment
16334,2026-01-01,treatment
16335,2026-02-15,treatment
16336,2026-02-20,control
16337,2026-02-17,control
16338,2026-03-24,treatment
16339,2026-02-14,treatment
16340,2026-03-18,control
16341,2026-02-18,treatment
16342,2026-01-07,treatment
16343,2026-01-05,control
16344,2026-01-28,control
16345,2026-03-12,treatment
16346,2026-02-13,control
16347,2026-02-02,control
16348,2026-02-13,treatment
16349,2026-03-26,treatment
16350,2026-01-17,control
16351,2026-02-23,control
16352,2026-03-03,control
16353,2026-03-16,control
16354,2026-02-13,treatment
16355,2026-03-26,treatment
16356,2026-03-19,control
16357,2026-01-09,treatment
16358,2026-01-23,control
16359,2026-01-23,treatment
16360,2026-03-23,treatment
16361,2026-01-11,control
16362,2026-03-16,control
16363,2026-03-29,treatment
16364,2026-02-07,control
16365,2026-01-13,control
16366,2026-03-14,control
16367,2026-02-09,control
16368,2026-02-27,treatment
16369,2026-01-27,control
16370,2026-02-10,control
16371,2026-02-05,control
16372,2026-02-16,treatment
16373,2026-01-02,treatment
16374,2026-02-19,treatment
16375,2026-01-26,treatment
16376,2026-01-21,treatment
16377,2026-03-25,control
16378,2026-01-14,control
16379,2026-03-16,control
16380,2026-03-12,control
16381,2026-02-04,treatment
16382,2026-01-08,control
16383,2026-03-01,treatment
16384,2026-03-04,control
16385,2026-01-18,control
16386,2026-03-21,control
16387,2026-01-30,control
16388,2026-02-09,control
16389,2026-03-26,treatment
16390,2026-03-11,control
16391,2026-02-09,treatment
16392,2026-03-19,treatment
16393,2026-01-31,control
16394,2026-01-26,treatment
16395,2026-03-03,control
16396,2026-01-23,control
16397,2026-02-19,control
16398,2026-02-17,treatment
16399,2026-02-16,treatment
16400,2026-03-23,treatment
16401,2026-02-04,treatment
16402,2026-03-04,control
16403,2026-02-07,treatment
16404,2026-01-17,treatment
16405,2026-02-02,control
16406,2026-02-06,control
16407,2026-01-16,control
16408,2026-02-22,control
16409,2026-03-31,treatment
16410,2026-02-03,control
16411,2026-02-19,control
16412,2026-01-18,treatment
16413,2026-01-28,treatment
16414,2026-03-15,treatment
16415,2026-01-14,treatment
16416,2026-03-04,treatment
16417,2026-03-27,control
16418,2026-03-12,treatment
16419,2026-03-10,control
16420,2026-01-15,control
16421,2026-01-07,treatment
16422,2026-01-14,treatment
16423,2026-03-16,treatment
16424,2026-01-09,control
16425,2026-01-13,treatment
16426,2026-02-28,control
16427,2026-01-06,control
16428,2026-03-23,control
16429,2026-03-04,control
16430,2026-03-18,control
16431,2026-03-04,treatment
16432,2026-01-24,control
16433,2026-02-26,treatment
16434,2026-01-31,treatment
16435,2026-03-27,control
16436,2026-02-13,treatment
16437,2026-02-24,control
16438,2026-01-02,treatment
16439,2026-01-14,control
16440,2026-03-02,control
16441,2026-03-26,control
16442,2026-01-20,treatment
16443,2026-03-27,control
16444,2026-03-15,treatment
16445,2026-03-05,control
16446,2026-02-16,treatment
16447,2026-01-01,control
16448,2026-01-14,control
16449,2026-01-11,control
16450,2026-03-09,control
16451,2026-01-25,treatment
16452,2026-03-14,treatment
16453,2026-03-09,control
16454,2026-03-18,control
16455,2026-03-20,control
16456,2026-01-10,treatment
16457,2026-03-01,treatment
16458,2026-02-12,treatment
16459,2026-03-11,treatment
16460,2026-01-05,control
16461,2026-02-09,control
16462,2026-03-28,treatment
16463,2026-01-01,control
16464,2026-02-12,control
16465,2026-01-28,control
16466,2026-03-10,treatment
16467,2026-02-07,treatment
16468,2026-01-23,treatment
16469,2026-02-22,control
16470,2026-01-19,control
16471,2026-02-16,control
16472,2026-02-13,treatment
16473,2026-03-31,control
16474,2026-02-24,treatment
16475,2026-03-24,treatment
16476,2026-01-25,treatment
16477,2026-01-04,treatment
16478,2026-02-01,control
16479,2026-02-10,treatment
16480,2026-02-07,control
16481,2026-01-01,treatment
16482,2026-01-01,treatment
16483,2026-02-19,treatment
16484,2026-01-22,control
16485,2026-02-02,treatment
16486,2026-03-11,treatment
16487,2026-02-04,treatment
16488,2026-03-15,treatment
16489,2026-02-14,treatment
16490,2026-03-08,control
16491,2026-01-26,control
16492,2026-01-13,control
16493,2026-01-24,treatment
16494,2026-01-13,treatment
16495,2026-02-12,control
16496,2026-01-28,control
16497,2026-01-24,treatment
16498,2026-01-20,treatment
16499,2026-02-06,treatment
16500,2026-01-03,control
16501,2026-02-04,treatment
16502,2026-01-20,control
16503,2026-02-18,control
16504,2026-02-13,treatment
16505,2026-02-11,control
16506,2026-02-24,treatment
16507,2026-01-06,control
16508,2026-01-09,control
16509,2026-02-13,treatment
16510,2026-02-03,control
16511,2026-01-27,control
16512,2026-02-03,control
16513,2026-01-23,control
16514,2026-01-12,treatment
16515,2026-01-21,control
16516,2026-03-27,treatment
16517,2026-01-11,treatment
16518,2026-03-31,treatment
16519,2026-03-02,control
16520,2026-01-11,treatment
16521,2026-03-13,treatment
16522,2026-01-25,control
16523,2026-02-13,treatment
16524,2026-01-02,control
16525,2026-01-02,control
16526,2026-03-13,treatment
16527,2026-02-22,control
16528,2026-02-07,control
16529,2026-03-26,control
16530,2026-03-30,control
16531,2026-03-28,treatment
16532,2026-02-14,control
16533,2026-03-16,treatment
16534,2026-01-07,treatment
16535,2026-03-07,control
16536,2026-03-15,control
16537,2026-01-01,control
16538,2026-03-12,treatment
16539,2026-03-21,control
16540,2026-01-19,control
16541,2026-03-24,treatment
16542,2026-01-17,control
16543,2026-03-27,control
16544,2026-03-26,treatment
16545,2026-02-13,treatment
16546,2026-03-31,control
16547,2026-02-17,control
16548,2026-03-06,control
16549,2026-02-10,control
16550,2026-01-16,control
16551,2026-01-29,control
16552,2026-01-18,treatment
16553,2026-01-18,treatment
16554,2026-03-01,treatment
16555,2026-01-06,treatment
16556,2026-01-08,control
16557,2026-03-25,control
16558,2026-01-18,treatment
16559,2026-02-23,control
16560,2026-01-01,control
16561,2026-03-09,treatment
16562,2026-02-18,control
16563,2026-01-03,control
16564,2026-02-25,treatment
16565,2026-01-15,treatment
16566,2026-03-29,treatment
16567,2026-02-15,control
16568,2026-01-09,treatment
16569,2026-02-12,treatment
16570,2026-03-24,control
16571,2026-03-13,treatment
16572,2026-01-28,treatment
16573,2026-02-16,treatment
16574,2026-03-21,control
16575,2026-02-05,treatment
16576,2026-03-03,control
16577,2026-02-12,control
16578,2026-01-30,control
16579,2026-01-13,control
16580,2026-03-21,control
16581,2026-02-18,treatment
16582,2026-02-23,treatment
16583,2026-01-03,control
16584,2026-02-28,treatment
16585,2026-01-19,treatment
16586,2026-03-22,control
16587,2026-03-01,treatment
16588,2026-02-10,treatment
16589,2026-02-04,treatment
16590,2026-01-11,treatment
16591,2026-03-05,treatment
16592,2026-01-08,treatment
16593,2026-03-28,control
16594,2026-01-30,control
16595,2026-03-24,treatment
16596,2026-03-19,control
16597,2026-02-11,control
16598,2026-03-27,control
16599,2026-03-03,treatment
16600,2026-02-20,treatment
16601,2026-01-23,control
16602,2026-02-21,control
16603,2026-02-24,control
16604,2026-01-23,control
16605,2026-02-21,treatment
16606,2026-03-21,control
16607,2026-02-13,treatment
16608,2026-02-05,control
16609,2026-02-24,control
16610,2026-02-13,treatment
16611,2026-03-01,control
16612,2026-03-28,control
16613,2026-03-07,control
16614,2026-03-13,treatment
16615,2026-01-20,control
16616,2026-03-10,treatment
16617,2026-01-06,treatment
16618,2026-02-10,treatment
16619,2026-01-18,treatment
16620,2026-01-14,treatment
16621,2026-03-29,treatment
16622,2026-02-01,control
16623,2026-02-18,treatment
16624,2026-02-08,treatment
16625,2026-03-06,control
16626,2026-03-13,treatment
16627,2026-01-05,control
16628,2026-03-11,treatment
16629,2026-03-01,control
16630,2026-03-24,control
16631,2026-01-08,control
16632,2026-01-07,control
16633,2026-01-22,control
16634,2026-02-09,control
16635,2026-03-03,treatment
16636,2026-03-16,control
16637,2026-03-03,treatment
16638,2026-02-12,treatment
16639,2026-01-13,control
16640,2026-01-21,control
16641,2026-02-07,control
16642,2026-03-13,control
16643,2026-03-22,control
16644,2026-01-05,treatment
16645,2026-03-24,treatment
16646,2026-02-02,control
16647,2026-02-24,treatment
16648,2026-03-03,control
16649,2026-02-05,treatment
16650,2026-01-15,treatment
16651,2026-01-19,control
16652,2026-03-17,treatment
16653,2026-03-01,treatment
16654,2026-02-05,control
16655,2026-03-30,control
16656,2026-02-04,treatment
16657,2026-03-09,control
16658,2026-03-27,control
16659,2026-02-02,treatment
16660,2026-01-14,control
16661,2026-02-11,control
16662,2026-02-09,treatment
16663,2026-02-19,control
16664,2026-02-16,treatment
16665,2026-02-26,treatment
16666,2026-01-09,control
16667,2026-03-18,treatment
16668,2026-01-29,treatment
16669,2026-03-12,control
16670,2026-02-17,treatment
16671,2026-01-30,treatment
16672,2026-03-24,treatment
16673,2026-01-25,control
16674,2026-02-12,control
16675,2026-01-27,treatment
16676,2026-02-20,treatment
16677,2026-01-11,treatment
16678,2026-03-02,control
16679,2026-01-03,treatment
16680,2026-01-14,control
16681,2026-03-30,control
16682,2026-01-14,treatment
16683,2026-01-29,control
16684,2026-02-13,treatment
16685,2026-02-14,control
16686,2026-02-26,treatment
16687,2026-01-09,treatment
16688,2026-01-29,control
16689,2026-02-09,treatment
16690,2026-01-08,treatment
16691,2026-01-01,control
16692,2026-03-09,treatment
16693,2026-03-22,treatment
16694,2026-03-04,control
16695,2026-03-28,treatment
16696,2026-03-23,control
16697,2026-03-27,control
16698,2026-03-13,control
16699,2026-01-18,treatment
16700,2026-03-08,treatment
16701,2026-03-14,control
16702,2026-02-17,control
16703,2026-02-01,control
16704,2026-03-26,treatment
16705,2026-03-01,control
16706,2026-03-03,control
16707,2026-03-25,control
16708,2026-01-11,control
16709,2026-02-19,treatment
16710,2026-03-11,treatment
16711,2026-02-06,control
16712,2026-01-21,control
16713,2026-02-16,control
16714,2026-03-14,treatment
16715,2026-02-25,control
16716,2026-03-31,control
16717,2026-02-19,treatment
16718,2026-01-12,control
16719,2026-01-12,treatment
16720,2026-01-08,control
16721,2026-03-07,control
16722,2026-03-12,treatment
16723,2026-01-02,control
16724,2026-03-13,control
16725,2026-03-02,treatment
16726,2026-03-02,control
16727,2026-02-07,treatment
16728,2026-02-11,control
16729,2026-01-01,treatment
16730,2026-03-19,treatment
16731,2026-03-05,control
16732,2026-03-01,treatment
16733,2026-03-27,treatment
16734,2026-03-19,control
16735,2026-01-19,control
16736,2026-01-31,treatment
16737,2026-01-25,treatment
16738,2026-01-31,treatment
16739,2026-01-10,treatment
16740,2026-02-24,treatment
16741,2026-01-12,treatment
16742,2026-03-03,treatment
16743,2026-03-27,treatment
16744,2026-01-13,treatment
16745,2026-01-26,control
16746,2026-01-15,treatment
16747,2026-03-13,control
16748,2026-03-16,treatment
16749,2026-02-27,treatment
16750,2026-02-21,treatment
16751,2026-02-16,control
16752,2026-01-21,treatment
16753,2026-02-24,control
16754,2026-01-31,treatment
16755,2026-02-05,treatment
16756,2026-03-15,control
16757,2026-03-21,control
16758,2026-01-20,treatment
16759,2026-02-27,control
16760,2026-02-24,treatment
16761,2026-03-27,treatment
16762,2026-02-15,treatment
16763,2026-02-06,control
16764,2026-03-27,control
16765,2026-03-26,treatment
16766,2026-03-10,treatment
16767,2026-03-26,control
16768,2026-03-06,treatment
16769,2026-01-30,control
16770,2026-03-09,control
16771,2026-03-31,treatment
16772,2026-03-27,treatment
16773,2026-03-11,treatment
16774,2026-01-24,control
16775,2026-03-11,control
16776,2026-01-04,treatment
16777,2026-02-26,treatment
16778,2026-01-27,control
16779,2026-01-14,treatment
16780,2026-03-24,control
16781,2026-03-08,treatment
16782,2026-03-04,treatment
16783,2026-02-25,control
16784,2026-01-15,control
16785,2026-02-17,treatment
16786,2026-01-31,treatment
16787,2026-03-31,control
16788,2026-02-24,control
16789,2026-03-19,treatment
16790,2026-01-15,control
16791,2026-01-27,treatment
16792,2026-02-23,treatment
16793,2026-03-29,control
16794,2026-01-07,treatment
16795,2026-01-11,treatment
16796,2026-03-07,treatment
16797,2026-01-10,treatment
16798,2026-01-28,control
16799,2026-03-01,control
16800,2026-02-08,control
16801,2026-03-10,control
16802,2026-01-02,control
16803,2026-02-27,control
16804,2026-02-28,treatment
16805,2026-01-25,control
16806,2026-03-03,treatment
16807,2026-02-08,treatment
16808,2026-03-20,control
16809,2026-03-11,treatment
16810,2026-03-07,control
16811,2026-02-17,treatment
16812,2026-03-02,treatment
16813,2026-01-13,treatment
16814,2026-02-07,treatment
16815,2026-02-03,treatment
16816,2026-01-07,treatment
16817,2026-03-14,treatment
16818,2026-02-28,control
16819,2026-01-30,treatment
16820,2026-01-02,treatment
16821,2026-03-29,control
16822,2026-03-01,treatment
16823,2026-03-14,treatment
16824,2026-01-07,treatment
16825,2026-03-24,control
16826,2026-01-06,treatment
16827,2026-03-24,treatment
16828,2026-02-21,control
16829,2026-03-20,treatment
16830,2026-03-24,treatment
16831,2026-03-21,control
16832,2026-03-07,treatment
16833,2026-01-10,control
16834,2026-03-05,treatment
16835,2026-02-17,treatment
16836,2026-03-13,control
16837,2026-03-30,treatment
16838,2026-02-11,control
16839,2026-01-25,control
16840,2026-03-07,treatment
16841,2026-01-22,control
16842,2026-02-13,control
16843,2026-03-05,control
16844,2026-03-27,treatment
16845,2026-03-08,treatment
16846,2026-03-06,control
16847,2026-02-16,control
16848,2026-01-28,control
16849,2026-03-18,control
16850,2026-02-02,control
16851,2026-01-20,treatment
16852,2026-02-27,treatment
16853,2026-03-24,control
16854,2026-02-12,treatment
16855,2026-02-03,treatment
16856,2026-01-15,control
16857,2026-03-15,control
16858,2026-02-27,treatment
16859,2026-01-17,control
16860,2026-02-25,treatment
16861,2026-02-03,treatment
16862,2026-01-02,treatment
16863,2026-02-27,control
16864,2026-02-04,control
16865,2026-01-19,treatment
16866,2026-03-07,control
16867,2026-01-19,control
16868,2026-01-17,treatment
16869,2026-01-17,control
16870,2026-03-18,treatment
16871,2026-02-08,treatment
16872,2026-02-21,treatment
16873,2026-03-16,control
16874,2026-02-06,treatment
16875,2026-01-25,treatment
16876,2026-03-30,control
16877,2026-02-24,treatment
16878,2026-02-27,control
16879,2026-01-27,control
16880,2026-03-25,treatment
16881,2026-01-30,control
16882,2026-03-31,control
16883,2026-02-25,treatment
16884,2026-02-11,control
16885,2026-03-06,treatment
16886,2026-02-02,control
16887,2026-03-16,treatment
16888,2026-03-20,treatment
16889,2026-01-09,control
16890,2026-01-01,treatment
16891,2026-01-07,control
16892,2026-02-11,control
16893,2026-03-01,control
16894,2026-02-27,control
16895,2026-01-24,control
16896,2026-03-14,treatment
16897,2026-01-09,treatment
16898,2026-03-03,treatment
16899,2026-02-11,treatment
16900,2026-01-02,control
16901,2026-03-19,control
16902,2026-03-02,control
16903,2026-02-19,treatment
16904,2026-02-28,treatment
16905,2026-01-29,control
16906,2026-01-01,control
16907,2026-02-04,control
16908,2026-01-27,treatment
16909,2026-03-04,control
16910,2026-02-12,treatment
16911,2026-03-28,control
16912,2026-02-26,control
16913,2026-03-03,control
16914,2026-03-03,treatment
16915,2026-01-27,treatment
16916,2026-02-18,control
16917,2026-03-23,control
16918,2026-03-31,control
16919,2026-01-29,control
16920,2026-03-03,control
16921,2026-01-08,control
16922,2026-01-15,treatment
16923,2026-02-06,treatment
16924,2026-03-07,treatment
16925,2026-01-17,treatment
16926,2026-01-20,treatment
16927,2026-03-06,treatment
16928,2026-01-16,control
16929,2026-01-07,control
16930,2026-02-26,control
16931,2026-02-15,treatment
16932,2026-02-16,control
16933,2026-02-19,control
16934,2026-03-27,treatment
16935,2026-03-27,treatment
16936,2026-02-22,treatment
16937,2026-03-01,treatment
16938,2026-02-16,treatment
16939,2026-02-02,treatment
16940,2026-01-13,control
16941,2026-02-28,treatment
16942,2026-03-19,treatment
16943,2026-03-05,control
16944,2026-01-29,treatment
16945,2026-02-25,treatment
16946,2026-02-07,treatment
16947,2026-03-29,treatment
16948,2026-02-15,control
16949,2026-02-12,control
16950,2026-03-28,control
16951,2026-01-18,treatment
16952,2026-01-24,treatment
16953,2026-01-19,treatment
16954,2026-03-03,treatment
16955,2026-03-03,treatment
16956,2026-03-05,control
16957,2026-03-25,control
16958,2026-01-03,control
16959,2026-01-23,treatment
16960,2026-02-05,control
16961,2026-01-20,treatment
16962,2026-01-04,treatment
16963,2026-01-22,control
16964,2026-01-14,treatment
16965,2026-03-26,treatment
16966,2026-01-07,treatment
16967,2026-01-20,control
16968,2026-01-23,control
16969,2026-03-06,control
16970,2026-03-04,treatment
16971,2026-03-20,treatment
16972,2026-01-14,treatment
16973,2026-03-18,treatment
16974,2026-02-05,control
16975,2026-03-15,treatment
16976,2026-02-21,control
16977,2026-02-13,control
16978,2026-01-19,treatment
16979,2026-01-04,treatment
16980,2026-01-24,treatment
16981,2026-01-21,treatment
16982,2026-02-20,control
16983,2026-03-06,control
16984,2026-03-04,control
16985,2026-03-16,treatment
16986,2026-02-12,control
16987,2026-01-22,control
16988,2026-02-02,control
16989,2026-01-31,treatment
16990,2026-03-18,treatment
16991,2026-02-28,control
16992,2026-03-16,control
16993,2026-01-27,treatment
16994,2026-01-25,treatment
16995,2026-03-17,control
16996,2026-03-06,control
16997,2026-01-04,treatment
16998,2026-02-26,treatment
16999,2026-01-03,control
17000,2026-01-07,treatment
17001,2026-01-08,treatment
17002,2026-01-06,control
17003,2026-02-11,control
17004,2026-01-01,treatment
17005,2026-02-19,treatment
17006,2026-01-14,control
17007,2026-01-23,treatment
17008,2026-01-11,control
17009,2026-01-23,treatment
17010,2026-01-10,control
17011,2026-02-18,control
17012,2026-02-06,control
17013,2026-03-23,treatment
17014,2026-03-06,treatment
17015,2026-02-06,treatment
17016,2026-02-11,control
17017,2026-01-02,treatment
17018,2026-02-19,control
17019,2026-02-19,treatment
17020,2026-01-31,control
17021,2026-01-28,treatment
17022,2026-03-01,control
17023,2026-02-27,control
17024,2026-01-30,treatment
17025,2026-03-10,control
17026,2026-01-28,control
17027,2026-02-08,treatment
17028,2026-03-27,control
17029,2026-03-04,treatment
17030,2026-02-09,treatment
17031,2026-02-22,treatment
17032,2026-02-10,control
17033,2026-01-16,treatment
17034,2026-01-07,treatment
17035,2026-03-16,control
17036,2026-03-24,treatment
17037,2026-03-22,treatment
17038,2026-02-03,control
17039,2026-02-07,control
17040,2026-03-03,treatment
17041,2026-02-02,control
17042,2026-03-02,treatment
17043,2026-02-14,control
17044,2026-03-21,control
17045,2026-03-19,treatment
17046,2026-03-21,treatment
17047,2026-03-14,control
17048,2026-01-14,treatment
17049,2026-03-12,control
17050,2026-01-10,control
17051,2026-03-06,treatment
17052,2026-03-22,control
17053,2026-03-18,treatment
17054,2026-01-25,control
17055,2026-03-06,control
17056,2026-03-17,control
17057,2026-01-04,treatment
17058,2026-02-06,treatment
17059,2026-01-16,control
17060,2026-02-01,control
17061,2026-03-22,treatment
17062,2026-01-17,control
17063,2026-03-02,treatment
17064,2026-03-29,treatment
17065,2026-03-17,treatment
17066,2026-01-06,control
17067,2026-03-26,control
17068,2026-02-17,control
17069,2026-03-31,control
17070,2026-03-06,control
17071,2026-03-09,treatment
17072,2026-02-07,control
17073,2026-01-15,control
17074,2026-01-27,control
17075,2026-02-15,control
17076,2026-01-15,treatment
17077,2026-01-02,control
17078,2026-01-18,treatment
17079,2026-03-11,treatment
17080,2026-03-27,control
17081,2026-03-16,treatment
17082,2026-02-07,control
17083,2026-02-15,control
17084,2026-01-03,treatment
17085,2026-02-16,treatment
17086,2026-02-05,control
17087,2026-02-03,control
17088,2026-02-24,control
17089,2026-02-07,treatment
17090,2026-02-25,treatment
17091,2026-03-17,control
17092,2026-01-09,treatment
17093,2026-03-23,treatment
17094,2026-01-24,control
17095,2026-03-07,treatment
17096,2026-03-08,treatment
17097,2026-03-31,control
17098,2026-03-30,treatment
17099,2026-01-19,treatment
17100,2026-02-16,treatment
17101,2026-03-23,control
17102,2026-01-08,treatment
17103,2026-02-28,treatment
17104,2026-03-20,treatment
17105,2026-02-11,control
17106,2026-02-09,treatment
17107,2026-02-06,treatment
17108,2026-03-08,control
17109,2026-01-15,control
17110,2026-01-23,treatment
17111,2026-01-08,treatment
17112,2026-03-20,treatment
17113,2026-03-12,control
17114,2026-01-25,treatment
17115,2026-02-24,control
17116,2026-03-04,treatment
17117,2026-01-19,control
17118,2026-02-06,control
17119,2026-02-01,treatment
17120,2026-02-02,treatment
17121,2026-03-01,control
17122,2026-01-18,control
17123,2026-01-22,treatment
17124,2026-03-17,treatment
17125,2026-01-17,control
17126,2026-02-09,treatment
17127,2026-03-09,control
17128,2026-02-07,treatment
17129,2026-02-11,control
17130,2026-01-10,control
17131,2026-02-08,treatment
17132,2026-01-13,control
17133,2026-01-15,treatment
17134,2026-02-03,control
17135,2026-02-27,control
17136,2026-01-04,treatment
17137,2026-01-11,treatment
17138,2026-02-23,control
17139,2026-02-25,treatment
17140,2026-01-17,control
17141,2026-01-06,treatment
17142,2026-03-07,control
17143,2026-03-28,treatment
17144,2026-02-28,control
17145,2026-01-22,treatment
17146,2026-02-12,treatment
17147,2026-03-20,treatment
17148,2026-01-19,control
17149,2026-01-07,control
17150,2026-03-11,control
17151,2026-02-28,treatment
17152,2026-03-31,control
17153,2026-02-14,treatment
17154,2026-03-05,control
17155,2026-02-10,treatment
17156,2026-03-07,treatment
17157,2026-03-02,treatment
17158,2026-01-18,treatment
17159,2026-03-17,treatment
17160,2026-02-06,treatment
17161,2026-02-12,treatment
17162,2026-01-08,treatment
17163,2026-01-25,control
17164,2026-01-08,control
17165,2026-03-26,treatment
17166,2026-02-10,treatment
17167,2026-01-13,control
17168,2026-01-23,control
17169,2026-03-01,treatment
17170,2026-02-28,control
17171,2026-02-24,treatment
17172,2026-03-25,treatment
17173,2026-03-29,control
17174,2026-02-08,control
17175,2026-03-05,control
17176,2026-01-12,control
17177,2026-01-08,treatment
17178,2026-01-19,treatment
17179,2026-02-05,treatment
17180,2026-02-11,control
17181,2026-03-29,treatment
17182,2026-02-11,control
17183,2026-02-12,treatment
17184,2026-02-19,control
17185,2026-01-09,treatment
17186,2026-03-23,treatment
17187,2026-01-23,control
17188,2026-03-24,treatment
17189,2026-03-09,control
17190,2026-02-27,control
17191,2026-03-21,treatment
17192,2026-01-14,treatment
17193,2026-03-07,control
17194,2026-01-16,control
17195,2026-03-31,control
17196,2026-01-27,treatment
17197,2026-02-01,treatment
17198,2026-03-07,control
17199,2026-02-06,control
17200,2026-03-17,treatment
17201,2026-02-05,treatment
17202,2026-02-28,control
17203,2026-01-18,treatment
17204,2026-03-18,control
17205,2026-01-03,control
17206,2026-01-22,treatment
17207,2026-03-12,treatment
17208,2026-03-03,control
17209,2026-01-16,treatment
17210,2026-01-25,treatment
17211,2026-01-26,treatment
17212,2026-02-28,treatment
17213,2026-01-31,treatment
17214,2026-01-03,treatment
17215,2026-02-04,control
17216,2026-02-24,treatment
17217,2026-02-05,control
17218,2026-03-22,treatment
17219,2026-02-28,control
17220,2026-01-24,control
17221,2026-02-28,treatment
17222,2026-03-19,control
17223,2026-03-28,control
17224,2026-01-05,control
17225,2026-01-25,treatment
17226,2026-02-28,control
17227,2026-01-02,control
17228,2026-02-07,treatment
17229,2026-02-23,treatment
17230,2026-01-03,treatment
17231,2026-01-11,control
17232,2026-02-27,treatment
17233,2026-02-12,treatment
17234,2026-01-15,treatment
17235,2026-01-02,treatment
17236,2026-02-14,control
17237,2026-03-24,treatment
17238,2026-01-23,treatment
17239,2026-02-07,control
17240,2026-01-12,control
17241,2026-02-04,control
17242,2026-01-11,treatment
17243,2026-01-21,control
17244,2026-02-26,treatment
17245,2026-02-12,treatment
17246,2026-01-18,control
17247,2026-01-13,control
17248,2026-01-28,control
17249,2026-03-16,control
17250,2026-01-19,treatment
17251,2026-01-30,treatment
17252,2026-01-12,treatment
17253,2026-02-25,treatment
17254,2026-01-01,control
17255,2026-01-18,treatment
17256,2026-02-13,control
17257,2026-03-01,control
17258,2026-03-11,control
17259,2026-03-08,control
17260,2026-01-07,treatment
17261,2026-02-22,treatment
17262,2026-01-16,control
17263,2026-02-23,control
17264,2026-03-22,treatment
17265,2026-01-03,treatment
17266,2026-03-24,treatment
17267,2026-03-25,control
17268,2026-03-28,control
17269,2026-01-04,treatment
17270,2026-02-26,treatment
17271,2026-01-24,control
17272,2026-01-02,control
17273,2026-01-06,control
17274,2026-01-12,treatment
17275,2026-02-07,control
17276,2026-01-20,treatment
17277,2026-01-08,treatment
17278,2026-02-01,control
17279,2026-02-13,control
17280,2026-02-01,control
17281,2026-02-26,control
17282,2026-01-16,treatment
17283,2026-01-30,treatment
17284,2026-01-16,control
17285,2026-01-21,treatment
17286,2026-03-27,control
17287,2026-02-27,treatment
17288,2026-01-09,treatment
17289,2026-01-16,control
17290,2026-01-02,treatment
17291,2026-03-18,treatment
17292,2026-01-03,control
17293,2026-01-07,treatment
17294,2026-02-20,control
17295,2026-02-11,control
17296,2026-01-20,treatment
17297,2026-02-11,control
17298,2026-02-13,control
17299,2026-01-13,control
17300,2026-02-11,control
17301,2026-03-14,control
17302,2026-03-23,control
17303,2026-02-25,treatment
17304,2026-01-15,control
17305,2026-03-13,treatment
17306,2026-01-29,treatment
17307,2026-01-15,control
17308,2026-03-03,treatment
17309,2026-01-17,treatment
17310,2026-02-17,treatment
17311,2026-02-15,treatment
17312,2026-02-22,control
17313,2026-02-01,control
17314,2026-02-11,treatment
17315,2026-01-12,treatment
17316,2026-03-15,treatment
17317,2026-03-02,treatment
17318,2026-01-11,control
17319,2026-03-15,control
17320,2026-03-27,treatment
17321,2026-03-11,control
17322,2026-01-17,treatment
17323,2026-03-02,treatment
17324,2026-01-17,control
17325,2026-03-13,control
17326,2026-01-21,treatment
17327,2026-03-24,treatment
17328,2026-03-08,treatment
17329,2026-03-16,control
17330,2026-02-23,control
17331,2026-01-10,control
17332,2026-01-10,control
17333,2026-03-14,control
17334,2026-03-20,treatment
17335,2026-02-04,control
17336,2026-03-31,treatment
17337,2026-01-26,treatment
17338,2026-02-14,treatment
17339,2026-02-09,treatment
17340,2026-01-03,control
17341,2026-01-25,treatment
17342,2026-02-16,control
17343,2026-01-03,control
17344,2026-02-22,treatment
17345,2026-02-16,control
17346,2026-01-18,control
17347,2026-02-17,treatment
17348,2026-01-04,control
17349,2026-02-28,control
17350,2026-02-13,control
17351,2026-02-03,control
17352,2026-03-20,treatment
17353,2026-03-17,treatment
17354,2026-01-23,control
17355,2026-02-18,treatment
17356,2026-02-03,treatment
17357,2026-03-20,treatment
17358,2026-03-23,treatment
17359,2026-03-16,treatment
17360,2026-02-24,treatment
17361,2026-03-30,treatment
17362,2026-02-21,control
17363,2026-02-27,control
17364,2026-01-30,control
17365,2026-03-06,treatment
17366,2026-03-28,control
17367,2026-02-19,treatment
17368,2026-03-04,control
17369,2026-01-26,treatment
17370,2026-01-10,control
17371,2026-02-03,control
17372,2026-01-05,control
17373,2026-03-31,treatment
17374,2026-02-25,control
17375,2026-03-08,control
17376,2026-01-25,treatment
17377,2026-02-24,treatment
17378,2026-01-10,treatment
17379,2026-03-25,treatment
17380,2026-03-07,control
17381,2026-01-27,treatment
17382,2026-03-19,control
17383,2026-02-18,treatment
17384,2026-02-10,treatment
17385,2026-02-16,control
17386,2026-01-28,control
17387,2026-02-06,treatment
17388,2026-01-13,treatment
17389,2026-01-08,treatment
17390,2026-03-02,treatment
17391,2026-02-26,treatment
17392,2026-01-02,control
17393,2026-02-03,treatment
17394,2026-03-03,control
17395,2026-01-13,treatment
17396,2026-03-28,treatment
17397,2026-01-30,control
17398,2026-02-05,treatment
17399,2026-02-24,treatment
17400,2026-03-07,control
17401,2026-01-31,treatment
17402,2026-01-06,treatment
17403,2026-02-16,control
17404,2026-01-31,control
17405,2026-01-22,control
17406,2026-02-11,treatment
17407,2026-01-15,control
17408,2026-02-28,control
17409,2026-03-02,treatment
17410,2026-01-27,treatment
17411,2026-02-07,treatment
17412,2026-02-28,treatment
17413,2026-03-19,control
17414,2026-03-07,control
17415,2026-03-22,treatment
17416,2026-01-14,control
17417,2026-01-28,control
17418,2026-03-17,treatment
17419,2026-01-19,control
17420,2026-03-03,treatment
17421,2026-01-07,treatment
17422,2026-03-31,treatment
17423,2026-01-28,control
17424,2026-03-11,control
17425,2026-03-13,treatment
17426,2026-03-10,treatment
17427,2026-01-25,control
17428,2026-01-02,control
17429,2026-03-31,treatment
17430,2026-02-08,control
17431,2026-03-04,control
17432,2026-01-28,control
17433,2026-03-30,control
17434,2026-03-11,control
17435,2026-03-01,control
17436,2026-03-01,treatment
17437,2026-01-07,control
17438,2026-02-15,control
17439,2026-01-25,control
17440,2026-02-02,treatment
17441,2026-02-19,control
17442,2026-01-10,control
17443,2026-03-12,treatment
17444,2026-01-29,treatment
17445,2026-02-11,treatment
17446,2026-02-24,control
17447,2026-01-09,control
17448,2026-01-27,control
17449,2026-01-21,treatment
17450,2026-01-11,control
17451,2026-03-04,control
17452,2026-01-02,control
17453,2026-01-14,treatment
17454,2026-03-23,control
17455,2026-02-27,control
17456,2026-01-21,treatment
17457,2026-03-09,treatment
17458,2026-03-25,treatment
17459,2026-02-04,treatment
17460,2026-01-03,control
17461,2026-02-15,treatment
17462,2026-02-08,control
17463,2026-01-21,treatment
17464,2026-02-14,control
17465,2026-02-02,treatment
17466,2026-02-05,treatment
17467,2026-01-26,control
17468,2026-01-09,control
17469,2026-02-01,treatment
17470,2026-03-20,control
17471,2026-03-23,treatment
17472,2026-03-24,control
17473,2026-01-23,treatment
17474,2026-03-09,treatment
17475,2026-01-02,control
17476,2026-01-10,treatment
17477,2026-03-13,treatment
17478,2026-01-23,treatment
17479,2026-03-18,treatment
17480,2026-01-27,treatment
17481,2026-02-27,control
17482,2026-03-26,control
17483,2026-02-19,control
17484,2026-03-13,treatment
17485,2026-03-28,treatment
17486,2026-02-09,control
17487,2026-02-13,treatment
17488,2026-02-15,control
17489,2026-03-03,treatment
17490,2026-03-13,treatment
17491,2026-01-20,treatment
17492,2026-01-06,treatment
17493,2026-02-08,treatment
17494,2026-02-05,control
17495,2026-02-19,treatment
17496,2026-01-05,control
17497,2026-01-15,treatment
17498,2026-03-24,treatment
17499,2026-02-21,control
17500,2026-02-09,control
17501,2026-02-25,control
17502,2026-01-17,treatment
17503,2026-01-29,control
17504,2026-03-30,treatment
17505,2026-01-20,control
17506,2026-03-20,treatment
17507,2026-01-15,treatment
17508,2026-02-15,control
17509,2026-03-15,treatment
17510,2026-03-25,control
17511,2026-01-18,treatment
17512,2026-01-17,control
17513,2026-02-05,treatment
17514,2026-03-10,control
17515,2026-01-11,treatment
17516,2026-03-11,control
17517,2026-02-16,treatment
17518,2026-02-23,control
17519,2026-03-03,control
17520,2026-02-05,treatment
17521,2026-02-04,control
17522,2026-01-26,control
17523,2026-01-06,treatment
17524,2026-02-27,control
17525,2026-03-04,treatment
17526,2026-01-30,control
17527,2026-03-31,treatment
17528,2026-01-12,treatment
17529,2026-03-19,control
17530,2026-03-18,control
17531,2026-01-05,treatment
17532,2026-03-13,treatment
17533,2026-01-15,control
17534,2026-01-27,control
17535,2026-03-03,control
17536,2026-01-01,treatment
17537,2026-01-22,treatment
17538,2026-01-22,control
17539,2026-01-05,treatment
17540,2026-02-20,treatment
17541,2026-03-01,treatment
17542,2026-03-03,control
17543,2026-03-08,control
17544,2026-02-06,control
17545,2026-02-03,treatment
17546,2026-03-19,control
17547,2026-01-04,control
17548,2026-01-24,treatment
17549,2026-01-29,treatment
17550,2026-03-26,control
17551,2026-01-17,control
17552,2026-02-28,control
17553,2026-01-31,control
17554,2026-03-09,control
17555,2026-02-04,control
17556,2026-02-18,control
17557,2026-01-13,treatment
17558,2026-03-31,treatment
17559,2026-01-09,control
17560,2026-01-15,treatment
17561,2026-02-08,control
17562,2026-02-10,treatment
17563,2026-02-11,treatment
17564,2026-01-24,treatment
17565,2026-01-21,treatment
17566,2026-01-25,control
17567,2026-02-13,control
17568,2026-03-15,control
17569,2026-01-12,control
17570,2026-02-21,treatment
17571,2026-02-06,control
17572,2026-01-10,control
17573,2026-02-06,treatment
17574,2026-03-25,treatment
17575,2026-01-15,treatment
17576,2026-01-13,treatment
17577,2026-03-28,treatment
17578,2026-03-05,control
17579,2026-02-06,treatment
17580,2026-03-03,control
17581,2026-02-24,control
17582,2026-03-16,treatment
17583,2026-02-03,control
17584,2026-02-27,control
17585,2026-01-16,control
17586,2026-02-04,treatment
17587,2026-01-14,treatment
17588,2026-01-19,control
17589,2026-03-10,treatment
17590,2026-02-18,control
17591,2026-01-09,treatment
17592,2026-01-03,control
17593,2026-03-29,control
17594,2026-02-17,treatment
17595,2026-02-02,treatment
17596,2026-01-16,control
17597,2026-01-21,control
17598,2026-02-28,treatment
17599,2026-01-08,control
17600,2026-02-07,control
17601,2026-03-13,treatment
17602,2026-03-10,control
17603,2026-02-07,control
17604,2026-02-23,control
17605,2026-03-03,control
17606,2026-02-14,treatment
17607,2026-03-05,treatment
17608,2026-03-01,control
17609,2026-01-30,treatment
17610,2026-01-20,control
17611,2026-01-24,control
17612,2026-03-25,treatment
17613,2026-01-11,control
17614,2026-01-07,treatment
17615,2026-03-07,control
17616,2026-01-31,treatment
17617,2026-03-13,treatment
17618,2026-01-06,control
17619,2026-03-15,treatment
17620,2026-02-22,control
17621,2026-01-01,control
17622,2026-02-04,control
17623,2026-01-03,treatment
17624,2026-01-06,treatment
17625,2026-01-07,treatment
17626,2026-03-02,treatment
17627,2026-02-13,control
17628,2026-03-28,treatment
17629,2026-03-03,treatment
17630,2026-01-10,treatment
17631,2026-03-22,treatment
17632,2026-01-20,treatment
17633,2026-01-30,control
17634,2026-01-25,treatment
17635,2026-02-05,treatment
17636,2026-03-03,treatment
17637,2026-01-18,control
17638,2026-02-04,control
17639,2026-03-19,treatment
17640,2026-03-09,treatment
17641,2026-01-27,treatment
17642,2026-02-11,treatment
17643,2026-03-02,treatment
17644,2026-01-03,treatment
17645,2026-03-11,control
17646,2026-01-16,control
17647,2026-02-05,treatment
17648,2026-01-29,control
17649,2026-01-10,control
17650,2026-02-27,treatment
17651,2026-01-29,control
17652,2026-03-03,treatment
17653,2026-01-29,control
17654,2026-02-27,treatment
17655,2026-03-28,control
17656,2026-01-06,treatment
17657,2026-01-05,treatment
17658,2026-02-03,control
17659,2026-03-12,control
17660,2026-02-27,control
17661,2026-03-29,control
17662,2026-02-27,control
17663,2026-03-19,control
17664,2026-02-22,treatment
17665,2026-01-18,control
17666,2026-02-08,control
17667,2026-02-27,control
17668,2026-01-01,control
17669,2026-02-04,treatment
17670,2026-02-20,treatment
17671,2026-02-09,treatment
17672,2026-01-24,control
17673,2026-02-08,control
17674,2026-02-01,control
17675,2026-03-07,treatment
17676,2026-02-23,control
17677,2026-03-24,treatment
17678,2026-02-13,treatment
17679,2026-02-28,treatment
17680,2026-02-08,treatment
17681,2026-03-08,treatment
17682,2026-02-06,control
17683,2026-03-12,control
17684,2026-03-10,treatment
17685,2026-01-21,treatment
17686,2026-02-14,control
17687,2026-03-12,control
17688,2026-02-25,control
17689,2026-02-28,treatment
17690,2026-01-09,control
17691,2026-03-22,control
17692,2026-02-24,control
17693,2026-01-07,treatment
17694,2026-01-06,treatment
17695,2026-01-22,control
17696,2026-03-11,treatment
17697,2026-03-03,control
17698,2026-01-01,treatment
17699,2026-01-29,treatment
17700,2026-03-09,control
17701,2026-01-22,treatment
17702,2026-02-17,treatment
17703,2026-03-12,control
17704,2026-03-05,control
17705,2026-03-28,treatment
17706,2026-01-23,control
17707,2026-02-16,treatment
17708,2026-02-17,control
17709,2026-02-08,treatment
17710,2026-03-17,treatment
17711,2026-02-02,treatment
17712,2026-01-20,control
17713,2026-01-01,treatment
17714,2026-01-03,treatment
17715,2026-01-09,treatment
17716,2026-03-09,treatment
17717,2026-02-21,control
17718,2026-03-05,treatment
17719,2026-01-21,control
17720,2026-01-14,control
17721,2026-03-10,treatment
17722,2026-01-31,control
17723,2026-03-11,treatment
17724,2026-02-07,control
17725,2026-01-12,control
17726,2026-01-04,treatment
17727,2026-01-08,control
17728,2026-02-04,treatment
17729,2026-01-29,treatment
17730,2026-01-09,control
17731,2026-01-21,control
17732,2026-03-31,control
17733,2026-02-25,treatment
17734,2026-03-30,control
17735,2026-02-15,treatment
17736,2026-02-20,treatment
17737,2026-02-14,control
17738,2026-02-13,treatment
17739,2026-01-28,control
17740,2026-03-28,treatment
17741,2026-01-07,control
17742,2026-03-02,treatment
17743,2026-03-21,control
17744,2026-01-12,treatment
17745,2026-03-25,control
17746,2026-01-20,treatment
17747,2026-03-28,treatment
17748,2026-02-28,treatment
17749,2026-02-11,treatment
17750,2026-03-27,control
17751,2026-01-18,control
17752,2026-01-30,control
17753,2026-02-23,treatment
17754,2026-01-11,control
17755,2026-01-15,control
17756,2026-03-10,treatment
17757,2026-01-13,control
17758,2026-01-19,treatment
17759,2026-03-22,control
17760,2026-01-09,control
17761,2026-02-26,treatment
17762,2026-03-04,treatment
17763,2026-01-09,treatment
17764,2026-02-19,control
17765,2026-02-07,control
17766,2026-02-09,control
17767,2026-01-30,control
17768,2026-01-05,treatment
17769,2026-02-15,control
17770,2026-01-02,treatment
17771,2026-02-07,treatment
17772,2026-02-07,control
17773,2026-02-24,treatment
17774,2026-02-24,control
17775,2026-03-10,treatment
17776,2026-03-20,control
17777,2026-02-16,treatment
17778,2026-02-23,control
17779,2026-02-16,control
17780,2026-02-13,control
17781,2026-02-23,control
17782,2026-01-16,treatment
17783,2026-01-03,control
17784,2026-01-15,treatment
17785,2026-01-16,control
17786,2026-02-25,control
17787,2026-01-10,control
17788,2026-02-01,control
17789,2026-01-10,treatment
17790,2026-01-15,control
17791,2026-02-27,treatment
17792,2026-02-05,control
17793,2026-03-15,control
17794,2026-03-08,control
17795,2026-01-23,treatment
17796,2026-01-08,treatment
17797,2026-03-28,treatment
17798,2026-01-12,control
17799,2026-03-03,control
17800,2026-02-22,treatment
17801,2026-03-15,treatment
17802,2026-02-19,treatment
17803,2026-01-01,control
17804,2026-01-14,treatment
17805,2026-03-16,control
17806,2026-02-24,treatment
17807,2026-03-11,control
17808,2026-02-26,treatment
17809,2026-03-30,control
17810,2026-01-08,treatment
17811,2026-01-08,treatment
17812,2026-03-07,treatment
17813,2026-01-04,control
17814,2026-01-11,control
17815,2026-03-07,treatment
17816,2026-03-10,treatment
17817,2026-03-18,treatment
17818,2026-01-22,control
17819,2026-03-02,control
17820,2026-01-21,control
17821,2026-03-31,treatment
17822,2026-03-02,control
17823,2026-03-11,control
17824,2026-03-01,treatment
17825,2026-03-30,treatment
17826,2026-01-25,treatment
17827,2026-03-10,control
17828,2026-03-28,control
17829,2026-01-20,treatment
17830,2026-02-04,control
17831,2026-03-05,treatment
17832,2026-02-06,control
17833,2026-03-05,treatment
17834,2026-01-19,control
17835,2026-01-07,treatment
17836,2026-01-06,treatment
17837,2026-01-18,control
17838,2026-03-15,control
17839,2026-03-02,control
17840,2026-01-31,treatment
17841,2026-03-02,control
17842,2026-02-14,control
17843,2026-01-16,treatment
17844,2026-03-12,treatment
17845,2026-01-04,treatment
17846,2026-01-10,control
17847,2026-01-24,treatment
17848,2026-02-25,control
17849,2026-02-01,control
17850,2026-02-02,treatment
17851,2026-02-18,control
17852,2026-03-17,treatment
17853,2026-01-30,control
17854,2026-02-05,control
17855,2026-01-04,treatment
17856,2026-03-27,control
17857,2026-03-17,treatment
17858,2026-02-03,treatment
17859,2026-03-18,control
17860,2026-01-03,treatment
17861,2026-01-07,treatment
17862,2026-02-19,treatment
17863,2026-02-20,control
17864,2026-01-12,treatment
17865,2026-02-16,treatment
17866,2026-01-13,treatment
17867,2026-02-10,control
17868,2026-02-13,control
17869,2026-01-19,treatment
17870,2026-01-26,treatment
17871,2026-02-16,treatment
17872,2026-02-18,treatment
17873,2026-03-30,control
17874,2026-03-01,treatment
17875,2026-03-09,control
17876,2026-03-23,control
17877,2026-02-04,control
17878,2026-01-26,treatment
17879,2026-02-22,control
17880,2026-02-15,control
17881,2026-02-27,control
17882,2026-03-10,control
17883,2026-02-24,treatment
17884,2026-02-22,control
17885,2026-03-15,control
17886,2026-02-02,control
17887,2026-01-17,treatment
17888,2026-01-08,treatment
17889,2026-01-16,treatment
17890,2026-01-18,control
17891,2026-02-09,control
17892,2026-01-04,control
17893,2026-03-11,treatment
17894,2026-02-25,control
17895,2026-01-24,control
17896,2026-02-15,treatment
17897,2026-01-08,treatment
17898,2026-01-27,control
17899,2026-02-13,treatment
17900,2026-03-27,control
17901,2026-02-28,control
17902,2026-02-15,control
17903,2026-03-31,treatment
17904,2026-03-31,control
17905,2026-02-18,treatment
17906,2026-02-03,control
17907,2026-02-02,treatment
17908,2026-02-26,treatment
17909,2026-03-12,treatment
17910,2026-01-28,treatment
17911,2026-03-18,treatment
17912,2026-03-25,treatment
17913,2026-02-20,control
17914,2026-01-24,treatment
17915,2026-01-27,control
17916,2026-01-18,control
17917,2026-01-24,treatment
17918,2026-02-27,control
17919,2026-01-05,treatment
17920,2026-01-30,control
17921,2026-03-18,control
17922,2026-03-20,treatment
17923,2026-01-07,treatment
17924,2026-01-11,control
17925,2026-01-22,treatment
17926,2026-01-06,control
17927,2026-02-21,control
17928,2026-01-03,treatment
17929,2026-01-23,treatment
17930,2026-01-28,treatment
17931,2026-03-20,control
17932,2026-03-14,control
17933,2026-03-09,control
17934,2026-03-24,treatment
17935,2026-03-30,control
17936,2026-03-23,control
17937,2026-03-26,control
17938,2026-03-25,treatment
17939,2026-01-20,control
17940,2026-01-27,treatment
17941,2026-02-12,treatment
17942,2026-02-19,control
17943,2026-02-10,control
17944,2026-02-01,control
17945,2026-02-09,treatment
17946,2026-03-05,treatment
17947,2026-03-08,control
17948,2026-03-23,treatment
17949,2026-03-14,control
17950,2026-01-15,treatment
17951,2026-01-19,treatment
17952,2026-02-13,treatment
17953,2026-03-19,control
17954,2026-02-10,control
17955,2026-01-12,treatment
17956,2026-03-23,control
17957,2026-02-23,treatment
17958,2026-03-21,treatment
17959,2026-02-02,treatment
17960,2026-03-19,treatment
17961,2026-01-05,treatment
17962,2026-03-09,treatment
17963,2026-03-30,control
17964,2026-03-24,treatment
17965,2026-02-11,control
17966,2026-03-31,treatment
17967,2026-03-30,treatment
17968,2026-01-12,treatment
17969,2026-02-14,control
17970,2026-03-24,control
17971,2026-03-20,treatment
17972,2026-02-19,treatment
17973,2026-01-22,control
17974,2026-01-25,treatment
17975,2026-01-09,treatment
17976,2026-02-21,treatment
17977,2026-01-03,treatment
17978,2026-02-14,treatment
17979,2026-01-16,treatment
17980,2026-02-18,control
17981,2026-01-06,treatment
17982,2026-02-03,treatment
17983,2026-02-01,treatment
17984,2026-02-28,treatment
17985,2026-03-03,treatment
17986,2026-03-02,control
17987,2026-02-14,control
17988,2026-01-06,control
17989,2026-03-23,treatment
17990,2026-03-11,treatment
17991,2026-03-02,control
17992,2026-02-19,control
17993,2026-02-20,treatment
17994,2026-03-20,control
17995,2026-01-28,control
17996,2026-02-28,control
17997,2026-03-31,treatment
17998,2026-03-31,treatment
17999,2026-03-09,treatment
18000,2026-03-08,control
18001,2026-01-11,control
18002,2026-02-09,treatment
18003,2026-03-17,treatment
18004,2026-01-22,control
18005,2026-01-31,treatment
18006,2026-02-26,treatment
18007,2026-03-28,treatment
18008,2026-02-14,control
18009,2026-03-14,control
18010,2026-02-08,control
18011,2026-02-28,treatment
18012,2026-03-16,treatment
18013,2026-03-21,control
18014,2026-03-24,control
18015,2026-03-19,control
18016,2026-02-11,treatment
18017,2026-01-10,treatment
18018,2026-01-03,control
18019,2026-03-31,treatment
18020,2026-03-21,treatment
18021,2026-01-27,treatment
18022,2026-01-04,treatment
18023,2026-02-22,control
18024,2026-02-10,treatment
18025,2026-02-14,treatment
18026,2026-01-30,treatment
18027,2026-01-01,treatment
18028,2026-02-02,control
18029,2026-02-06,treatment
18030,2026-02-27,treatment
18031,2026-01-22,control
18032,2026-03-19,treatment
18033,2026-03-15,control
18034,2026-03-06,treatment
18035,2026-02-03,control
18036,2026-02-09,control
18037,2026-03-26,treatment
18038,2026-03-11,treatment
18039,2026-02-21,treatment
18040,2026-02-28,treatment
18041,2026-03-29,control
18042,2026-02-14,treatment
18043,2026-02-02,treatment
18044,2026-01-31,control
18045,2026-03-20,treatment
18046,2026-02-13,control
18047,2026-02-03,control
18048,2026-03-12,treatment
18049,2026-03-18,treatment
18050,2026-03-03,treatment
18051,2026-03-20,treatment
18052,2026-03-14,control
18053,2026-03-02,treatment
18054,2026-03-30,control
18055,2026-02-03,control
18056,2026-03-29,control
18057,2026-01-31,control
18058,2026-03-24,control
18059,2026-03-04,treatment
18060,2026-03-09,treatment
18061,2026-03-31,treatment
18062,2026-03-31,control
18063,2026-03-24,treatment
18064,2026-02-12,control
18065,2026-02-12,treatment
18066,2026-01-13,treatment
18067,2026-02-04,control
18068,2026-03-14,treatment
18069,2026-02-23,treatment
18070,2026-01-16,control
18071,2026-01-28,treatment
18072,2026-02-16,treatment
18073,2026-01-27,control
18074,2026-03-23,control
18075,2026-03-15,control
18076,2026-03-12,treatment
18077,2026-03-15,control
18078,2026-01-29,control
18079,2026-01-14,control
18080,2026-01-22,treatment
18081,2026-01-14,treatment
18082,2026-02-24,treatment
18083,2026-01-22,treatment
18084,2026-03-10,treatment
18085,2026-03-14,treatment
18086,2026-03-10,control
18087,2026-01-28,control
18088,2026-03-10,treatment
18089,2026-01-17,control
18090,2026-01-01,control
18091,2026-03-03,treatment
18092,2026-03-05,treatment
18093,2026-03-13,control
18094,2026-03-01,control
18095,2026-02-14,control
18096,2026-02-06,control
18097,2026-03-05,control
18098,2026-03-31,treatment
18099,2026-02-07,treatment
18100,2026-02-10,control
18101,2026-01-22,control
18102,2026-01-07,treatment
18103,2026-03-06,control
18104,2026-01-06,control
18105,2026-01-06,control
18106,2026-02-08,treatment
18107,2026-02-28,control
18108,2026-02-25,control
18109,2026-03-30,treatment
18110,2026-03-31,treatment
18111,2026-02-03,treatment
18112,2026-02-09,treatment
18113,2026-01-29,treatment
18114,2026-02-21,control
18115,2026-02-24,control
18116,2026-03-17,control
18117,2026-02-01,control
18118,2026-03-05,control
18119,2026-01-12,control
18120,2026-03-23,treatment
18121,2026-01-10,treatment
18122,2026-02-27,control
18123,2026-01-13,treatment
18124,2026-03-26,control
18125,2026-03-18,treatment
18126,2026-02-27,treatment
18127,2026-02-07,control
18128,2026-01-12,control
18129,2026-03-28,treatment
18130,2026-01-31,treatment
18131,2026-01-11,treatment
18132,2026-02-11,control
18133,2026-01-06,control
18134,2026-03-14,control
18135,2026-02-08,treatment
18136,2026-01-27,control
18137,2026-01-24,control
18138,2026-02-14,treatment
18139,2026-01-08,control
18140,2026-01-21,control
18141,2026-01-30,treatment
18142,2026-02-03,control
18143,2026-01-02,treatment
18144,2026-01-26,control
18145,2026-02-04,treatment
18146,2026-03-26,control
18147,2026-03-22,treatment
18148,2026-03-23,treatment
18149,2026-01-17,treatment
18150,2026-03-07,treatment
18151,2026-01-01,treatment
18152,2026-01-12,control
18153,2026-01-03,control
18154,2026-03-26,control
18155,2026-01-28,control
18156,2026-01-15,control
18157,2026-01-11,treatment
18158,2026-01-05,treatment
18159,2026-01-10,treatment
18160,2026-01-04,control
18161,2026-02-23,treatment
18162,2026-01-26,treatment
18163,2026-03-28,treatment
18164,2026-01-15,treatment
18165,2026-01-18,control
18166,2026-01-16,control
18167,2026-01-31,treatment
18168,2026-01-26,treatment
18169,2026-03-28,treatment
18170,2026-03-21,treatment
18171,2026-01-09,treatment
18172,2026-03-23,treatment
18173,2026-03-30,treatment
18174,2026-03-23,treatment
18175,2026-03-23,control
18176,2026-03-12,control
18177,2026-01-25,control
18178,2026-03-01,control
18179,2026-01-22,treatment
18180,2026-02-23,treatment
18181,2026-01-01,control
18182,2026-03-31,control
18183,2026-01-01,treatment
18184,2026-01-29,treatment
18185,2026-01-10,treatment
18186,2026-03-08,control
18187,2026-02-26,control
18188,2026-01-06,treatment
18189,2026-02-22,treatment
18190,2026-01-08,treatment
18191,2026-03-02,treatment
18192,2026-02-22,control
18193,2026-01-05,control
18194,2026-03-19,control
18195,2026-01-07,control
18196,2026-03-23,control
18197,2026-03-05,control
18198,2026-01-03,control
18199,2026-02-01,treatment
18200,2026-01-26,control
18201,2026-03-23,treatment
18202,2026-03-18,control
18203,2026-02-03,control
18204,2026-02-19,control
18205,2026-01-19,control
18206,2026-01-15,control
18207,2026-01-24,treatment
18208,2026-02-11,treatment
18209,2026-01-02,control
18210,2026-03-13,control
18211,2026-03-11,control
18212,2026-03-11,treatment
18213,2026-03-07,control
18214,2026-03-19,control
18215,2026-01-12,treatment
18216,2026-01-02,treatment
18217,2026-02-07,treatment
18218,2026-01-28,control
18219,2026-03-13,control
18220,2026-01-28,control
18221,2026-02-11,treatment
18222,2026-01-24,treatment
18223,2026-03-16,control
18224,2026-02-09,treatment
18225,2026-03-01,control
18226,2026-02-07,treatment
18227,2026-03-06,control
18228,2026-02-05,control
18229,2026-03-23,control
18230,2026-02-09,treatment
18231,2026-01-31,control
18232,2026-01-29,control
18233,2026-03-13,treatment
18234,2026-03-30,treatment
18235,2026-02-19,treatment
18236,2026-02-21,treatment
18237,2026-03-26,treatment
18238,2026-02-11,treatment
18239,2026-03-18,control
18240,2026-01-22,control
18241,2026-01-12,control
18242,2026-01-23,control
18243,2026-01-10,control
18244,2026-03-10,control
18245,2026-01-13,control
18246,2026-02-07,treatment
18247,2026-03-09,treatment
18248,2026-01-30,treatment
18249,2026-03-20,treatment
18250,2026-01-17,control
18251,2026-03-07,control
18252,2026-03-31,control
18253,2026-01-29,treatment
18254,2026-02-02,control
18255,2026-03-07,treatment
18256,2026-01-18,control
18257,2026-02-26,control
18258,2026-03-08,treatment
18259,2026-03-27,control
18260,2026-03-23,treatment
18261,2026-01-22,treatment
18262,2026-03-10,treatment
18263,2026-03-12,treatment
18264,2026-02-03,control
18265,2026-03-21,control
18266,2026-03-07,treatment
18267,2026-02-08,control
18268,2026-01-29,control
18269,2026-01-12,control
18270,2026-02-13,treatment
18271,2026-01-08,control
18272,2026-01-10,treatment
18273,2026-03-02,control
18274,2026-01-26,control
18275,2026-02-21,control
18276,2026-02-15,control
18277,2026-02-21,control
18278,2026-01-07,treatment
18279,2026-02-20,control
18280,2026-03-08,control
18281,2026-03-14,control
18282,2026-02-07,control
18283,2026-02-11,treatment
18284,2026-02-17,control
18285,2026-02-27,treatment
18286,2026-02-11,control
18287,2026-02-28,control
18288,2026-03-05,treatment
18289,2026-03-08,control
18290,2026-02-27,treatment
18291,2026-03-28,control
18292,2026-03-05,control
18293,2026-03-28,treatment
18294,2026-01-21,control
18295,2026-02-28,treatment
18296,2026-02-26,treatment
18297,2026-02-02,control
18298,2026-02-16,control
18299,2026-02-06,treatment
18300,2026-01-07,control
18301,2026-02-04,treatment
18302,2026-01-05,control
18303,2026-03-21,control
18304,2026-02-22,treatment
18305,2026-02-23,treatment
18306,2026-02-22,treatment
18307,2026-02-03,treatment
18308,2026-03-11,control
18309,2026-02-06,control
18310,2026-03-10,control
18311,2026-02-12,control
18312,2026-02-11,control
18313,2026-01-25,treatment
18314,2026-02-08,control
18315,2026-01-22,control
18316,2026-02-04,treatment
18317,2026-02-02,control
18318,2026-03-26,treatment
18319,2026-02-04,control
18320,2026-03-04,control
18321,2026-01-31,treatment
18322,2026-02-01,treatment
18323,2026-02-02,treatment
18324,2026-03-05,control
18325,2026-01-19,control
18326,2026-02-18,treatment
18327,2026-02-15,control
18328,2026-02-21,treatment
18329,2026-01-09,control
18330,2026-03-24,control
18331,2026-01-25,control
18332,2026-02-24,treatment
18333,2026-01-30,control
18334,2026-03-23,treatment
18335,2026-03-29,control
18336,2026-02-17,control
18337,2026-03-21,control
18338,2026-03-10,treatment
18339,2026-03-28,treatment
18340,2026-02-17,control
18341,2026-02-27,control
18342,2026-02-20,treatment
18343,2026-03-06,control
18344,2026-02-08,treatment
18345,2026-02-07,treatment
18346,2026-03-01,control
18347,2026-03-22,treatment
18348,2026-01-07,treatment
18349,2026-03-26,control
18350,2026-03-03,control
18351,2026-01-02,control
18352,2026-02-16,treatment
18353,2026-03-24,treatment
18354,2026-03-07,control
18355,2026-02-20,control
18356,2026-01-01,control
18357,2026-02-10,control
18358,2026-01-27,control
18359,2026-03-16,control
18360,2026-02-21,control
18361,2026-01-24,treatment
18362,2026-02-11,treatment
18363,2026-03-03,control
18364,2026-01-10,treatment
18365,2026-02-14,control
18366,2026-01-05,control
18367,2026-01-17,treatment
18368,2026-02-06,treatment
18369,2026-02-23,control
18370,2026-02-07,control
18371,2026-03-25,treatment
18372,2026-02-04,control
18373,2026-02-26,treatment
18374,2026-03-26,control
18375,2026-02-28,control
18376,2026-01-19,treatment
18377,2026-01-02,treatment
18378,2026-03-06,control
18379,2026-01-19,treatment
18380,2026-01-17,treatment
18381,2026-03-17,control
18382,2026-01-05,control
18383,2026-01-29,control
18384,2026-02-25,treatment
18385,2026-03-24,treatment
18386,2026-03-17,control
18387,2026-03-01,treatment
18388,2026-01-30,control
18389,2026-01-21,treatment
18390,2026-02-18,treatment
18391,2026-02-24,control
18392,2026-02-26,control
18393,2026-03-30,control
18394,2026-03-02,treatment
18395,2026-01-15,control
18396,2026-02-24,treatment
18397,2026-03-15,control
18398,2026-03-22,control
18399,2026-02-03,treatment
18400,2026-01-17,control
18401,2026-02-04,treatment
18402,2026-03-08,control
18403,2026-01-18,control
18404,2026-03-27,control
18405,2026-03-16,control
18406,2026-02-01,treatment
18407,2026-02-09,control
18408,2026-03-12,control
18409,2026-02-25,control
18410,2026-02-25,treatment
18411,2026-01-17,treatment
18412,2026-01-25,treatment
18413,2026-01-17,treatment
18414,2026-02-06,control
18415,2026-02-24,control
18416,2026-03-20,treatment
18417,2026-03-29,control
18418,2026-02-13,treatment
18419,2026-02-07,treatment
18420,2026-01-27,control
18421,2026-03-18,treatment
18422,2026-03-31,control
18423,2026-02-06,treatment
18424,2026-01-28,control
18425,2026-03-31,treatment
18426,2026-01-04,control
18427,2026-02-11,treatment
18428,2026-01-18,treatment
18429,2026-02-23,treatment
18430,2026-03-28,treatment
18431,2026-01-07,treatment
18432,2026-01-28,treatment
18433,2026-01-04,treatment
18434,2026-03-19,treatment
18435,2026-01-12,treatment
18436,2026-03-20,treatment
18437,2026-01-31,control
18438,2026-01-02,treatment
18439,2026-02-14,control
18440,2026-03-08,control
18441,2026-01-21,treatment
18442,2026-02-18,control
18443,2026-02-04,control
18444,2026-02-26,treatment
18445,2026-01-18,treatment
18446,2026-02-09,control
18447,2026-03-23,control
18448,2026-01-12,control
18449,2026-01-24,control
18450,2026-01-13,control
18451,2026-02-07,control
18452,2026-01-03,treatment
18453,2026-01-03,treatment
18454,2026-01-24,treatment
18455,2026-03-09,treatment
18456,2026-02-28,treatment
18457,2026-02-22,treatment
18458,2026-01-26,control
18459,2026-03-25,treatment
18460,2026-02-04,treatment
18461,2026-02-23,control
18462,2026-02-22,control
18463,2026-03-24,control
18464,2026-02-27,control
18465,2026-02-09,treatment
18466,2026-03-19,control
18467,2026-02-28,control
18468,2026-02-02,control
18469,2026-01-04,treatment
18470,2026-03-07,control
18471,2026-03-12,control
18472,2026-02-01,treatment
18473,2026-02-24,treatment
18474,2026-03-05,treatment
18475,2026-03-11,treatment
18476,2026-03-25,control
18477,2026-02-23,treatment
18478,2026-01-31,treatment
18479,2026-02-10,treatment
18480,2026-02-14,control
18481,2026-01-17,treatment
18482,2026-01-23,control
18483,2026-01-19,control
18484,2026-02-17,treatment
18485,2026-02-08,treatment
18486,2026-02-16,control
18487,2026-01-07,treatment
18488,2026-03-15,control
18489,2026-03-21,treatment
18490,2026-03-12,control
18491,2026-03-04,control
18492,2026-02-07,treatment
18493,2026-01-11,control
18494,2026-01-16,treatment
18495,2026-01-30,control
18496,2026-01-23,treatment
18497,2026-01-29,control
18498,2026-02-15,treatment
18499,2026-02-08,treatment
18500,2026-03-29,treatment
18501,2026-01-10,control
18502,2026-03-03,treatment
18503,2026-01-20,treatment
18504,2026-01-25,control
18505,2026-02-10,treatment
18506,2026-03-31,treatment
18507,2026-03-28,treatment
18508,2026-03-17,control
18509,2026-01-05,control
18510,2026-02-09,treatment
18511,2026-03-15,treatment
18512,2026-03-03,treatment
18513,2026-02-02,treatment
18514,2026-01-11,control
18515,2026-02-12,control
18516,2026-03-30,treatment
18517,2026-01-27,treatment
18518,2026-01-15,treatment
18519,2026-03-15,treatment
18520,2026-03-18,control
18521,2026-03-13,control
18522,2026-02-12,control
18523,2026-02-12,treatment
18524,2026-03-09,control
18525,2026-01-07,treatment
18526,2026-01-30,control
18527,2026-01-08,control
18528,2026-02-15,control
18529,2026-03-24,treatment
18530,2026-02-23,control
18531,2026-01-04,treatment
18532,2026-02-07,treatment
18533,2026-02-23,control
18534,2026-02-11,treatment
18535,2026-02-11,control
18536,2026-03-29,control
18537,2026-01-19,control
18538,2026-02-10,treatment
18539,2026-02-03,treatment
18540,2026-01-15,control
18541,2026-03-31,treatment
18542,2026-02-13,treatment
18543,2026-02-14,treatment
18544,2026-03-23,treatment
18545,2026-01-25,treatment
18546,2026-01-23,treatment
18547,2026-03-20,control
18548,2026-01-28,treatment
18549,2026-02-08,control
18550,2026-01-25,treatment
18551,2026-01-25,treatment
18552,2026-02-03,control
18553,2026-01-24,control
18554,2026-02-12,treatment
18555,2026-03-15,treatment
18556,2026-01-31,treatment
18557,2026-01-25,treatment
18558,2026-01-17,control
18559,2026-02-08,control
18560,2026-01-31,treatment
18561,2026-02-05,control
18562,2026-02-07,treatment
18563,2026-02-20,control
18564,2026-02-14,control
18565,2026-01-18,treatment
18566,2026-02-28,treatment
18567,2026-02-20,treatment
18568,2026-03-08,control
18569,2026-03-13,treatment
18570,2026-03-16,control
18571,2026-03-06,treatment
18572,2026-01-23,treatment
18573,2026-01-11,control
18574,2026-02-25,treatment
18575,2026-01-17,treatment
18576,2026-01-17,treatment
18577,2026-03-01,treatment
18578,2026-02-25,control
18579,2026-01-16,treatment
18580,2026-03-24,control
18581,2026-01-09,control
18582,2026-03-20,treatment
18583,2026-03-14,control
18584,2026-02-24,treatment
18585,2026-01-31,control
18586,2026-01-25,control
18587,2026-02-19,control
18588,2026-01-13,control
18589,2026-03-12,control
18590,2026-02-10,control
18591,2026-02-18,control
18592,2026-02-05,control
18593,2026-01-12,control
18594,2026-03-02,control
18595,2026-03-03,control
18596,2026-01-10,control
18597,2026-01-31,control
18598,2026-01-05,control
18599,2026-01-31,control
18600,2026-03-07,control
18601,2026-02-21,treatment
18602,2026-02-24,control
18603,2026-02-23,control
18604,2026-02-01,treatment
18605,2026-02-06,control
18606,2026-03-09,control
18607,2026-03-06,treatment
18608,2026-02-09,treatment
18609,2026-03-08,treatment
18610,2026-03-13,treatment
18611,2026-02-06,treatment
18612,2026-03-17,treatment
18613,2026-01-14,control
18614,2026-03-09,treatment
18615,2026-02-19,treatment
18616,2026-03-25,control
18617,2026-01-18,control
18618,2026-01-07,treatment
18619,2026-01-05,treatment
18620,2026-01-12,treatment
18621,2026-02-18,control
18622,2026-03-13,treatment
18623,2026-03-16,control
18624,2026-03-07,treatment
18625,2026-01-27,control
18626,2026-02-08,control
18627,2026-01-05,control
18628,2026-02-17,control
18629,2026-03-10,control
18630,2026-01-19,treatment
18631,2026-02-15,control
18632,2026-01-31,treatment
18633,2026-03-22,treatment
18634,2026-01-07,control
18635,2026-03-07,treatment
18636,2026-01-04,treatment
18637,2026-02-10,treatment
18638,2026-03-01,treatment
18639,2026-02-10,treatment
18640,2026-02-23,treatment
18641,2026-03-01,control
18642,2026-03-05,control
18643,2026-01-02,treatment
18644,2026-02-04,control
18645,2026-02-15,treatment
18646,2026-03-14,control
18647,2026-02-26,control
18648,2026-02-03,treatment
18649,2026-03-14,control
18650,2026-01-28,control
18651,2026-03-16,treatment
18652,2026-02-23,treatment
18653,2026-03-12,treatment
18654,2026-02-19,control
18655,2026-03-12,treatment
18656,2026-03-07,treatment
18657,2026-02-16,treatment
18658,2026-02-11,control
18659,2026-02-10,control
18660,2026-03-27,treatment
18661,2026-02-23,treatment
18662,2026-02-14,control
18663,2026-01-30,treatment
18664,2026-01-02,treatment
18665,2026-01-16,control
18666,2026-02-22,treatment
18667,2026-01-05,control
18668,2026-03-10,treatment
18669,2026-02-02,treatment
18670,2026-02-14,treatment
18671,2026-02-21,treatment
18672,2026-01-28,treatment
18673,2026-02-24,control
18674,2026-02-19,treatment
18675,2026-01-30,treatment
18676,2026-03-02,control
18677,2026-01-25,treatment
18678,2026-02-26,control
18679,2026-01-02,treatment
18680,2026-02-06,treatment
18681,2026-02-08,treatment
18682,2026-02-04,treatment
18683,2026-03-20,control
18684,2026-03-14,treatment
18685,2026-03-06,treatment
18686,2026-01-24,control
18687,2026-02-05,control
18688,2026-02-04,treatment
18689,2026-03-07,treatment
18690,2026-03-01,control
18691,2026-01-13,control
18692,2026-02-07,control
18693,2026-02-23,treatment
18694,2026-02-05,control
18695,2026-01-06,control
18696,2026-01-12,treatment
18697,2026-03-30,control
18698,2026-02-16,treatment
18699,2026-01-13,control
18700,2026-03-31,control
18701,2026-03-26,treatment
18702,2026-03-19,treatment
18703,2026-02-19,treatment
18704,2026-03-12,control
18705,2026-03-30,control
18706,2026-02-13,control
18707,2026-03-31,treatment
18708,2026-03-16,control
18709,2026-02-26,treatment
18710,2026-03-24,treatment
18711,2026-02-06,control
18712,2026-01-20,control
18713,2026-03-27,control
18714,2026-02-14,treatment
18715,2026-03-03,treatment
18716,2026-03-19,treatment
18717,2026-01-15,treatment
18718,2026-03-15,control
18719,2026-03-04,control
18720,2026-03-21,control
18721,2026-01-20,treatment
18722,2026-03-28,treatment
18723,2026-01-12,treatment
18724,2026-01-26,treatment
18725,2026-02-16,control
18726,2026-02-22,treatment
18727,2026-03-20,treatment
18728,2026-01-15,control
18729,2026-03-26,control
18730,2026-02-17,treatment
18731,2026-03-02,treatment
18732,2026-01-07,control
18733,2026-01-16,treatment
18734,2026-02-07,treatment
18735,2026-02-18,treatment
18736,2026-02-16,control
18737,2026-01-15,control
18738,2026-03-04,treatment
18739,2026-01-21,control
18740,2026-01-20,control
18741,2026-01-10,treatment
18742,2026-03-20,control
18743,2026-03-03,control
18744,2026-01-03,treatment
18745,2026-01-12,control
18746,2026-02-25,treatment
18747,2026-02-28,control
18748,2026-03-24,control
18749,2026-03-28,control
18750,2026-03-19,control
18751,2026-03-18,control
18752,2026-02-17,treatment
18753,2026-03-27,treatment
18754,2026-01-13,control
18755,2026-02-23,control
18756,2026-01-09,treatment
18757,2026-03-11,control
18758,2026-03-06,control
18759,2026-03-30,control
18760,2026-01-12,control
18761,2026-03-06,treatment
18762,2026-01-06,control
18763,2026-01-08,treatment
18764,2026-02-10,control
18765,2026-03-28,control
18766,2026-01-17,treatment
18767,2026-01-28,control
18768,2026-03-14,treatment
18769,2026-03-30,treatment
18770,2026-02-18,treatment
18771,2026-01-31,control
18772,2026-03-18,control
18773,2026-02-15,control
18774,2026-02-05,treatment
18775,2026-01-21,treatment
18776,2026-03-24,control
18777,2026-02-09,control
18778,2026-03-29,control
18779,2026-01-18,control
18780,2026-02-19,control
18781,2026-02-08,treatment
18782,2026-01-17,treatment
18783,2026-03-30,control
18784,2026-01-05,control
18785,2026-01-02,control
18786,2026-03-24,control
18787,2026-01-23,treatment
18788,2026-02-15,control
18789,2026-01-10,treatment
18790,2026-01-19,treatment
18791,2026-03-17,control
18792,2026-02-03,treatment
18793,2026-03-17,treatment
18794,2026-03-25,treatment
18795,2026-03-29,control
18796,2026-03-28,treatment
18797,2026-02-07,control
18798,2026-01-19,control
18799,2026-03-10,treatment
18800,2026-02-15,control
18801,2026-01-14,control
18802,2026-03-14,control
18803,2026-03-19,control
18804,2026-03-07,control
18805,2026-02-12,control
18806,2026-03-01,treatment
18807,2026-01-13,treatment
18808,2026-03-16,control
18809,2026-03-22,treatment
18810,2026-03-15,treatment
18811,2026-02-09,treatment
18812,2026-02-24,treatment
18813,2026-01-02,treatment
18814,2026-02-14,control
18815,2026-02-23,treatment
18816,2026-03-15,treatment
18817,2026-03-22,treatment
18818,2026-03-10,control
18819,2026-01-15,treatment
18820,2026-01-18,treatment
18821,2026-03-21,control
18822,2026-02-15,treatment
18823,2026-03-14,treatment
18824,2026-02-23,treatment
18825,2026-01-05,control
18826,2026-03-28,treatment
18827,2026-03-20,treatment
18828,2026-02-13,control
18829,2026-01-25,treatment
18830,2026-01-25,control
18831,2026-03-14,treatment
18832,2026-01-18,treatment
18833,2026-02-22,treatment
18834,2026-03-25,treatment
18835,2026-02-16,control
18836,2026-02-19,treatment
18837,2026-02-09,control
18838,2026-01-23,treatment
18839,2026-01-24,control
18840,2026-02-07,treatment
18841,2026-02-11,treatment
18842,2026-01-03,control
18843,2026-03-17,control
18844,2026-01-01,control
18845,2026-01-21,control
18846,2026-01-31,control
18847,2026-03-26,treatment
18848,2026-03-05,treatment
18849,2026-01-15,treatment
18850,2026-03-07,control
18851,2026-02-14,control
18852,2026-01-01,control
18853,2026-02-07,treatment
18854,2026-03-03,treatment
18855,2026-02-13,treatment
18856,2026-03-10,control
18857,2026-03-31,treatment
18858,2026-01-21,treatment
18859,2026-02-22,control
18860,2026-01-14,treatment
18861,2026-02-06,treatment
18862,2026-03-05,control
18863,2026-02-12,treatment
18864,2026-02-21,treatment
18865,2026-02-13,treatment
18866,2026-02-05,control
18867,2026-03-08,control
18868,2026-02-22,treatment
18869,2026-01-25,control
18870,2026-03-14,control
18871,2026-03-09,control
18872,2026-01-09,control
18873,2026-02-27,treatment
18874,2026-02-16,treatment
18875,2026-02-26,control
18876,2026-01-25,treatment
18877,2026-01-08,control
18878,2026-01-26,control
18879,2026-02-16,control
18880,2026-03-11,control
18881,2026-01-30,control
18882,2026-02-28,treatment
18883,2026-03-03,control
18884,2026-03-21,treatment
18885,2026-03-10,control
18886,2026-02-02,treatment
18887,2026-02-10,treatment
18888,2026-02-15,control
18889,2026-01-29,treatment
18890,2026-01-13,treatment
18891,2026-02-20,control
18892,2026-03-18,treatment
18893,2026-02-12,treatment
18894,2026-02-25,control
18895,2026-02-27,treatment
18896,2026-03-23,control
18897,2026-02-22,treatment
18898,2026-02-26,treatment
18899,2026-03-24,treatment
18900,2026-01-13,treatment
18901,2026-01-14,treatment
18902,2026-02-20,control
18903,2026-03-19,control
18904,2026-03-27,treatment
18905,2026-02-06,control
18906,2026-01-16,treatment
18907,2026-03-05,control
18908,2026-01-30,control
18909,2026-01-18,control
18910,2026-02-28,treatment
18911,2026-03-15,control
18912,2026-02-21,control
18913,2026-01-31,treatment
18914,2026-01-17,treatment
18915,2026-03-25,treatment
18916,2026-01-15,control
18917,2026-02-28,control
18918,2026-01-14,treatment
18919,2026-02-14,control
18920,2026-02-18,control
18921,2026-03-16,treatment
18922,2026-03-24,control
18923,2026-03-21,treatment
18924,2026-02-15,control
18925,2026-02-16,control
18926,2026-02-06,control
18927,2026-01-20,treatment
18928,2026-01-19,treatment
18929,2026-01-15,treatment
18930,2026-03-21,control
18931,2026-03-07,treatment
18932,2026-03-30,treatment
18933,2026-01-30,treatment
18934,2026-03-05,treatment
18935,2026-01-04,treatment
18936,2026-02-16,treatment
18937,2026-02-06,control
18938,2026-03-24,treatment
18939,2026-02-10,control
18940,2026-02-17,treatment
18941,2026-03-20,control
18942,2026-02-01,control
18943,2026-03-24,control
18944,2026-01-17,treatment
18945,2026-03-17,control
18946,2026-01-13,treatment
18947,2026-02-20,treatment
18948,2026-02-10,control
18949,2026-01-11,treatment
18950,2026-02-05,treatment
18951,2026-01-11,treatment
18952,2026-01-19,control
18953,2026-03-08,treatment
18954,2026-02-15,control
18955,2026-03-02,treatment
18956,2026-03-07,treatment
18957,2026-03-05,control
18958,2026-02-25,control
18959,2026-02-18,treatment
18960,2026-03-11,control
18961,2026-03-20,control
18962,2026-03-14,control
18963,2026-02-08,treatment
18964,2026-01-13,control
18965,2026-01-30,control
18966,2026-03-31,treatment
18967,2026-03-04,treatment
18968,2026-01-15,treatment
18969,2026-02-03,treatment
18970,2026-03-08,control
18971,2026-03-25,control
18972,2026-02-21,control
18973,2026-03-20,control
18974,2026-02-16,control
18975,2026-03-13,treatment
18976,2026-03-23,control
18977,2026-02-22,control
18978,2026-03-13,treatment
18979,2026-01-18,control
18980,2026-01-06,treatment
18981,2026-02-14,control
18982,2026-02-26,treatment
18983,2026-01-29,control
18984,2026-02-14,control
18985,2026-02-09,treatment
18986,2026-02-07,control
18987,2026-03-10,control
18988,2026-01-04,control
18989,2026-01-19,treatment
18990,2026-03-21,control
18991,2026-03-22,treatment
18992,2026-01-30,treatment
18993,2026-02-11,treatment
18994,2026-03-31,treatment
18995,2026-02-10,control
18996,2026-03-15,treatment
18997,2026-01-11,control
18998,2026-03-14,control
18999,2026-02-15,treatment
19000,2026-02-23,treatment
19001,2026-01-30,control
19002,2026-03-16,treatment
19003,2026-01-27,treatment
19004,2026-01-23,control
19005,2026-02-06,treatment
19006,2026-02-23,treatment
19007,2026-01-04,treatment
19008,2026-02-22,treatment
19009,2026-01-25,control
19010,2026-02-08,treatment
19011,2026-01-20,control
19012,2026-02-21,treatment
19013,2026-01-08,treatment
19014,2026-03-10,treatment
19015,2026-01-22,control
19016,2026-01-17,control
19017,2026-01-02,treatment
19018,2026-03-29,control
19019,2026-03-06,control
19020,2026-02-12,control
19021,2026-01-28,treatment
19022,2026-03-04,control
19023,2026-02-11,treatment
19024,2026-03-23,treatment
19025,2026-03-08,treatment
19026,2026-03-29,treatment
19027,2026-03-20,control
19028,2026-02-22,control
19029,2026-01-03,control
19030,2026-03-28,treatment
19031,2026-01-23,treatment
19032,2026-02-21,treatment
19033,2026-03-10,treatment
19034,2026-01-23,treatment
19035,2026-03-11,treatment
19036,2026-02-19,treatment
19037,2026-03-25,control
19038,2026-01-11,control
19039,2026-01-26,treatment
19040,2026-03-07,treatment
19041,2026-03-22,treatment
19042,2026-01-22,control
19043,2026-03-06,treatment
19044,2026-02-07,control
19045,2026-03-20,control
19046,2026-02-03,treatment
19047,2026-03-27,treatment
19048,2026-01-22,control
19049,2026-03-31,control
19050,2026-03-06,treatment
19051,2026-01-20,control
19052,2026-01-29,control
19053,2026-01-07,treatment
19054,2026-03-26,treatment
19055,2026-01-14,control
19056,2026-01-01,treatment
19057,2026-02-22,treatment
19058,2026-02-10,control
19059,2026-03-02,control
19060,2026-02-11,control
19061,2026-01-19,control
19062,2026-02-22,treatment
19063,2026-03-19,control
19064,2026-01-11,treatment
19065,2026-01-25,control
19066,2026-03-19,treatment
19067,2026-03-24,treatment
19068,2026-01-20,treatment
19069,2026-03-14,treatment
19070,2026-02-04,treatment
19071,2026-03-06,control
19072,2026-02-20,treatment
19073,2026-02-07,treatment
19074,2026-01-01,treatment
19075,2026-02-02,control
19076,2026-02-26,control
19077,2026-03-11,control
19078,2026-01-19,treatment
19079,2026-01-18,control
19080,2026-03-10,control
19081,2026-01-23,treatment
19082,2026-01-26,control
19083,2026-02-07,treatment
19084,2026-02-24,control
19085,2026-01-30,treatment
19086,2026-02-14,control
19087,2026-03-28,treatment
19088,2026-03-21,treatment
19089,2026-02-11,control
19090,2026-02-02,control
19091,2026-02-05,treatment
19092,2026-02-15,treatment
19093,2026-02-05,control
19094,2026-02-18,treatment
19095,2026-02-20,control
19096,2026-01-10,control
19097,2026-02-23,control
19098,2026-02-18,control
19099,2026-03-25,control
19100,2026-02-14,control
19101,2026-02-07,control
19102,2026-01-16,control
19103,2026-01-12,treatment
19104,2026-02-25,treatment
19105,2026-02-06,control
19106,2026-02-16,control
19107,2026-01-25,treatment
19108,2026-01-13,treatment
19109,2026-03-29,treatment
19110,2026-02-26,control
19111,2026-02-19,control
19112,2026-02-12,control
19113,2026-01-04,treatment
19114,2026-03-23,control
19115,2026-02-25,control
19116,2026-02-18,control
19117,2026-03-29,treatment
19118,2026-01-22,control
19119,2026-01-19,treatment
19120,2026-03-08,control
19121,2026-03-22,control
19122,2026-02-08,control
19123,2026-01-15,treatment
19124,2026-03-17,control
19125,2026-01-15,control
19126,2026-02-10,treatment
19127,2026-02-06,control
19128,2026-01-19,control
19129,2026-03-27,control
19130,2026-02-14,treatment
19131,2026-02-25,control
19132,2026-01-10,treatment
19133,2026-03-16,treatment
19134,2026-02-05,treatment
19135,2026-01-11,control
19136,2026-02-20,treatment
19137,2026-02-23,treatment
19138,2026-02-25,treatment
19139,2026-03-12,control
19140,2026-02-03,treatment
19141,2026-01-30,treatment
19142,2026-01-15,treatment
19143,2026-03-29,control
19144,2026-01-29,treatment
19145,2026-03-28,treatment
19146,2026-02-15,treatment
19147,2026-03-27,treatment
19148,2026-02-19,treatment
19149,2026-03-26,control
19150,2026-03-17,control
19151,2026-01-06,control
19152,2026-01-05,treatment
19153,2026-01-14,control
19154,2026-02-18,treatment
19155,2026-01-15,treatment
19156,2026-01-17,treatment
19157,2026-01-21,treatment
19158,2026-03-21,treatment
19159,2026-01-28,control
19160,2026-03-03,control
19161,2026-02-02,treatment
19162,2026-01-25,treatment
19163,2026-01-13,control
19164,2026-02-22,control
19165,2026-02-19,treatment
19166,2026-03-19,control
19167,2026-03-18,treatment
19168,2026-01-14,control
19169,2026-02-20,treatment
19170,2026-01-29,treatment
19171,2026-02-24,treatment
19172,2026-02-13,treatment
19173,2026-02-02,control
19174,2026-01-23,control
19175,2026-02-13,treatment
19176,2026-01-13,control
19177,2026-02-13,treatment
19178,2026-01-18,control
19179,2026-01-17,treatment
19180,2026-01-30,control
19181,2026-03-12,treatment
19182,2026-03-10,treatment
19183,2026-03-26,control
19184,2026-03-30,control
19185,2026-01-19,treatment
19186,2026-01-20,treatment
19187,2026-03-27,treatment
19188,2026-03-15,treatment
19189,2026-02-28,treatment
19190,2026-02-10,treatment
19191,2026-01-23,treatment
19192,2026-01-11,treatment
19193,2026-03-23,control
19194,2026-02-23,treatment
19195,2026-01-05,treatment
19196,2026-02-05,control
19197,2026-03-10,control
19198,2026-01-28,treatment
19199,2026-03-25,treatment
19200,2026-02-03,control
19201,2026-03-15,treatment
19202,2026-02-16,treatment
19203,2026-03-14,control
19204,2026-02-14,treatment
19205,2026-03-02,control
19206,2026-02-05,treatment
19207,2026-01-20,control
19208,2026-01-10,treatment
19209,2026-02-12,control
19210,2026-02-16,treatment
19211,2026-03-01,treatment
19212,2026-03-22,control
19213,2026-03-30,treatment
19214,2026-02-05,control
19215,2026-01-06,treatment
19216,2026-02-18,treatment
19217,2026-03-22,treatment
19218,2026-02-27,treatment
19219,2026-02-18,treatment
19220,2026-02-08,control
19221,2026-03-24,control
19222,2026-03-13,control
19223,2026-03-18,control
19224,2026-01-04,treatment
19225,2026-01-26,control
19226,2026-01-11,treatment
19227,2026-02-19,control
19228,2026-01-03,control
19229,2026-03-17,treatment
19230,2026-03-26,control
19231,2026-03-16,treatment
19232,2026-01-09,treatment
19233,2026-02-15,treatment
19234,2026-03-14,treatment
19235,2026-02-06,treatment
19236,2026-01-09,control
19237,2026-03-09,treatment
19238,2026-02-09,control
19239,2026-03-19,control
19240,2026-02-18,treatment
19241,2026-02-02,treatment
19242,2026-03-12,treatment
19243,2026-03-10,treatment
19244,2026-01-15,treatment
19245,2026-01-24,treatment
19246,2026-02-28,control
19247,2026-03-25,control
19248,2026-03-20,treatment
19249,2026-01-15,treatment
19250,2026-03-27,control
19251,2026-02-12,control
19252,2026-03-30,control
19253,2026-01-22,treatment
19254,2026-03-25,control
19255,2026-02-20,control
19256,2026-02-01,control
19257,2026-01-31,control
19258,2026-01-18,treatment
19259,2026-03-31,treatment
19260,2026-02-07,control
19261,2026-02-28,treatment
19262,2026-01-20,treatment
19263,2026-01-29,treatment
19264,2026-03-25,control
19265,2026-01-05,control
19266,2026-02-11,treatment
19267,2026-02-21,treatment
19268,2026-01-28,control
19269,2026-02-21,treatment
19270,2026-03-24,control
19271,2026-02-02,control
19272,2026-01-27,control
19273,2026-01-22,treatment
19274,2026-02-14,control
19275,2026-03-21,control
19276,2026-02-11,control
19277,2026-03-02,control
19278,2026-03-17,control
19279,2026-01-12,treatment
19280,2026-02-13,treatment
19281,2026-03-31,control
19282,2026-02-01,control
19283,2026-01-26,treatment
19284,2026-01-12,control
19285,2026-01-15,control
19286,2026-02-18,treatment
19287,2026-03-11,treatment
19288,2026-03-01,control
19289,2026-02-19,control
19290,2026-01-24,control
19291,2026-02-16,control
19292,2026-03-01,treatment
19293,2026-01-21,treatment
19294,2026-02-11,control
19295,2026-02-23,control
19296,2026-01-04,control
19297,2026-03-01,control
19298,2026-01-04,treatment
19299,2026-02-09,control
19300,2026-01-06,treatment
19301,2026-01-24,treatment
19302,2026-02-07,treatment
19303,2026-01-14,treatment
19304,2026-03-15,treatment
19305,2026-03-20,treatment
19306,2026-01-30,control
19307,2026-02-20,control
19308,2026-02-26,control
19309,2026-02-13,treatment
19310,2026-03-18,treatment
19311,2026-03-20,control
19312,2026-02-20,treatment
19313,2026-03-03,treatment
19314,2026-03-25,treatment
19315,2026-03-20,control
19316,2026-01-28,control
19317,2026-03-26,treatment
19318,2026-02-15,control
19319,2026-03-26,treatment
19320,2026-02-19,control
19321,2026-03-30,control
19322,2026-01-16,control
19323,2026-03-12,treatment
19324,2026-02-14,control
19325,2026-01-13,treatment
19326,2026-02-28,control
19327,2026-02-19,treatment
19328,2026-01-09,control
19329,2026-01-14,control
19330,2026-02-27,treatment
19331,2026-03-28,treatment
19332,2026-02-17,treatment
19333,2026-02-04,treatment
19334,2026-02-03,control
19335,2026-03-07,treatment
19336,2026-02-04,control
19337,2026-02-18,treatment
19338,2026-03-19,treatment
19339,2026-03-12,treatment
19340,2026-03-28,treatment
19341,2026-03-07,treatment
19342,2026-02-01,treatment
19343,2026-01-08,control
19344,2026-02-11,treatment
19345,2026-02-01,treatment
19346,2026-02-13,control
19347,2026-03-26,treatment
19348,2026-02-28,control
19349,2026-01-15,treatment
19350,2026-01-22,treatment
19351,2026-01-16,control
19352,2026-02-02,control
19353,2026-03-28,treatment
19354,2026-01-13,control
19355,2026-03-06,treatment
19356,2026-01-01,control
19357,2026-01-10,control
19358,2026-01-17,control
19359,2026-02-06,treatment
19360,2026-01-05,treatment
19361,2026-01-05,treatment
19362,2026-01-22,treatment
19363,2026-03-13,treatment
19364,2026-02-02,control
19365,2026-01-09,control
19366,2026-01-06,treatment
19367,2026-01-07,control
19368,2026-03-28,treatment
19369,2026-02-06,treatment
19370,2026-01-13,treatment
19371,2026-01-14,treatment
19372,2026-03-19,treatment
19373,2026-03-15,treatment
19374,2026-03-06,treatment
19375,2026-02-17,control
19376,2026-03-11,control
19377,2026-02-14,control
19378,2026-01-20,treatment
19379,2026-02-07,treatment
19380,2026-03-26,treatment
19381,2026-02-04,control
19382,2026-01-21,treatment
19383,2026-02-25,control
19384,2026-01-02,treatment
19385,2026-02-16,control
19386,2026-01-14,treatment
19387,2026-01-02,treatment
19388,2026-02-01,control
19389,2026-03-05,control
19390,2026-01-08,control
19391,2026-01-09,control
19392,2026-03-15,control
19393,2026-03-24,control
19394,2026-02-20,control
19395,2026-02-11,control
19396,2026-03-25,treatment
19397,2026-01-24,control
19398,2026-02-22,control
19399,2026-01-06,treatment
19400,2026-01-06,control
19401,2026-02-02,treatment
19402,2026-02-18,treatment
19403,2026-01-01,treatment
19404,2026-01-08,treatment
19405,2026-01-13,treatment
19406,2026-03-26,treatment
19407,2026-01-24,treatment
19408,2026-03-01,control
19409,2026-03-24,treatment
19410,2026-02-01,treatment
19411,2026-01-14,treatment
19412,2026-02-24,control
19413,2026-01-30,control
19414,2026-03-09,treatment
19415,2026-03-29,control
19416,2026-03-26,treatment
19417,2026-02-04,control
19418,2026-02-26,control
19419,2026-02-10,control
19420,2026-03-02,treatment
19421,2026-01-25,treatment
19422,2026-02-06,treatment
19423,2026-01-11,treatment
19424,2026-01-21,treatment
19425,2026-01-21,control
19426,2026-02-01,control
19427,2026-01-14,treatment
19428,2026-03-01,treatment
19429,2026-03-29,control
19430,2026-03-20,treatment
19431,2026-03-10,control
19432,2026-03-01,treatment
19433,2026-01-29,treatment
19434,2026-03-28,control
19435,2026-02-21,treatment
19436,2026-03-02,treatment
19437,2026-01-08,treatment
19438,2026-02-26,treatment
19439,2026-01-18,control
19440,2026-01-02,control
19441,2026-03-25,control
19442,2026-02-24,control
19443,2026-01-02,control
19444,2026-01-07,treatment
19445,2026-03-13,control
19446,2026-02-16,treatment
19447,2026-01-15,control
19448,2026-02-22,control
19449,2026-03-25,treatment
19450,2026-02-28,treatment
19451,2026-03-17,treatment
19452,2026-03-20,control
19453,2026-03-27,treatment
19454,2026-02-12,control
19455,2026-03-31,treatment
19456,2026-02-13,treatment
19457,2026-01-31,control
19458,2026-02-19,treatment
19459,2026-03-19,treatment
19460,2026-01-31,control
19461,2026-02-13,control
19462,2026-01-25,treatment
19463,2026-02-01,control
19464,2026-01-10,control
19465,2026-03-19,control
19466,2026-03-17,treatment
19467,2026-03-31,control
19468,2026-01-04,treatment
19469,2026-01-06,treatment
19470,2026-03-30,control
19471,2026-03-16,control
19472,2026-01-27,treatment
19473,2026-02-13,control
19474,2026-03-05,control
19475,2026-02-04,control
19476,2026-03-07,treatment
19477,2026-03-12,treatment
19478,2026-02-05,treatment
19479,2026-01-04,control
19480,2026-02-06,control
19481,2026-03-28,treatment
19482,2026-02-23,control
19483,2026-01-10,treatment
19484,2026-01-07,treatment
19485,2026-03-29,control
19486,2026-01-02,treatment
19487,2026-01-01,treatment
19488,2026-03-07,treatment
19489,2026-01-10,control
19490,2026-02-16,treatment
19491,2026-01-11,control
19492,2026-03-31,treatment
19493,2026-01-18,control
19494,2026-01-27,control
19495,2026-01-27,treatment
19496,2026-02-03,control
19497,2026-01-29,control
19498,2026-02-27,treatment
19499,2026-02-08,control
19500,2026-03-03,treatment
19501,2026-02-19,treatment
19502,2026-02-04,control
19503,2026-03-15,treatment
19504,2026-01-11,treatment
19505,2026-03-18,treatment
19506,2026-01-07,treatment
19507,2026-02-17,treatment
19508,2026-01-01,treatment
19509,2026-02-23,control
19510,2026-02-03,treatment
19511,2026-01-11,control
19512,2026-01-26,control
19513,2026-02-13,control
19514,2026-01-02,treatment
19515,2026-02-09,control
19516,2026-03-01,control
19517,2026-01-20,control
19518,2026-02-01,control
19519,2026-02-10,treatment
19520,2026-02-19,control
19521,2026-02-25,control
19522,2026-03-19,treatment
19523,2026-03-06,control
19524,2026-02-02,control
19525,2026-03-19,treatment
19526,2026-01-20,treatment
19527,2026-03-13,control
19528,2026-01-26,treatment
19529,2026-02-05,treatment
19530,2026-01-04,treatment
19531,2026-03-22,control
19532,2026-01-21,treatment
19533,2026-01-04,treatment
19534,2026-03-23,treatment
19535,2026-03-28,treatment
19536,2026-01-12,treatment
19537,2026-03-18,treatment
19538,2026-01-30,control
19539,2026-03-12,control
19540,2026-01-12,treatment
19541,2026-01-03,control
19542,2026-01-06,treatment
19543,2026-03-12,treatment
19544,2026-02-04,treatment
19545,2026-01-18,control
19546,2026-03-16,treatment
19547,2026-02-05,treatment
19548,2026-01-04,treatment
19549,2026-03-16,treatment
19550,2026-03-03,control
19551,2026-03-02,treatment
19552,2026-01-05,control
19553,2026-01-16,treatment
19554,2026-03-07,control
19555,2026-03-11,control
19556,2026-03-28,control
19557,2026-03-16,control
19558,2026-01-25,treatment
19559,2026-02-15,treatment
19560,2026-02-11,control
19561,2026-02-06,control
19562,2026-02-19,treatment
19563,2026-03-22,control
19564,2026-01-21,control
19565,2026-02-19,control
19566,2026-01-05,treatment
19567,2026-02-16,treatment
19568,2026-01-07,control
19569,2026-03-18,treatment
19570,2026-02-03,treatment
19571,2026-01-20,treatment
19572,2026-01-19,treatment
19573,2026-01-24,treatment
19574,2026-02-16,treatment
19575,2026-01-31,treatment
19576,2026-01-06,control
19577,2026-01-18,treatment
19578,2026-03-03,treatment
19579,2026-01-29,control
19580,2026-01-14,control
19581,2026-02-24,control
19582,2026-01-04,control
19583,2026-02-26,control
19584,2026-01-23,control
19585,2026-02-16,control
19586,2026-03-03,treatment
19587,2026-02-09,control
19588,2026-01-11,control
19589,2026-03-06,control
19590,2026-03-11,control
19591,2026-01-25,control
19592,2026-02-26,treatment
19593,2026-01-03,control
19594,2026-01-28,control
19595,2026-03-17,treatment
19596,2026-01-09,treatment
19597,2026-01-31,control
19598,2026-03-23,control
19599,2026-02-12,treatment
19600,2026-01-21,control
19601,2026-03-07,control
19602,2026-02-26,treatment
19603,2026-02-12,treatment
19604,2026-03-04,treatment
19605,2026-03-12,control
19606,2026-02-17,treatment
19607,2026-01-18,treatment
19608,2026-02-22,treatment
19609,2026-03-15,control
19610,2026-01-27,control
19611,2026-01-05,control
19612,2026-02-22,treatment
19613,2026-02-01,control
19614,2026-03-16,control
19615,2026-02-25,control
19616,2026-03-11,control
19617,2026-02-14,treatment
19618,2026-01-21,control
19619,2026-02-28,control
19620,2026-03-12,treatment
19621,2026-01-22,treatment
19622,2026-03-03,treatment
19623,2026-03-29,treatment
19624,2026-02-09,control
19625,2026-01-24,control
19626,2026-02-13,control
19627,2026-02-09,treatment
19628,2026-02-16,treatment
19629,2026-03-02,control
19630,2026-03-12,treatment
19631,2026-03-08,treatment
19632,2026-02-25,treatment
19633,2026-03-02,control
19634,2026-03-18,control
19635,2026-01-21,treatment
19636,2026-03-15,treatment
19637,2026-01-16,treatment
19638,2026-03-24,treatment
19639,2026-02-19,control
19640,2026-03-20,treatment
19641,2026-03-27,control
19642,2026-01-02,control
19643,2026-02-19,control
19644,2026-02-02,control
19645,2026-01-17,control
19646,2026-02-03,treatment
19647,2026-02-25,treatment
19648,2026-03-03,control
19649,2026-01-08,control
19650,2026-02-21,control
19651,2026-02-24,control
19652,2026-03-31,control
19653,2026-01-20,treatment
19654,2026-02-25,treatment
19655,2026-03-12,treatment
19656,2026-02-21,treatment
19657,2026-01-19,treatment
19658,2026-03-18,control
19659,2026-01-12,control
19660,2026-03-13,control
19661,2026-03-26,control
19662,2026-01-15,treatment
19663,2026-02-26,control
19664,2026-02-13,control
19665,2026-03-07,control
19666,2026-03-31,control
19667,2026-01-21,treatment
19668,2026-03-05,control
19669,2026-03-25,treatment
19670,2026-01-03,control
19671,2026-03-14,control
19672,2026-01-06,control
19673,2026-01-16,treatment
19674,2026-03-07,control
19675,2026-03-22,treatment
19676,2026-03-11,control
19677,2026-01-18,treatment
19678,2026-03-15,treatment
19679,2026-01-26,treatment
19680,2026-01-27,control
19681,2026-03-13,control
19682,2026-03-14,treatment
19683,2026-03-13,treatment
19684,2026-03-31,control
19685,2026-01-23,control
19686,2026-02-21,control
19687,2026-02-21,control
19688,2026-02-23,control
19689,2026-03-30,control
19690,2026-01-22,control
19691,2026-01-17,treatment
19692,2026-01-20,treatment
19693,2026-01-09,treatment
19694,2026-01-01,treatment
19695,2026-01-28,treatment
19696,2026-01-20,control
19697,2026-03-27,treatment
19698,2026-01-14,control
19699,2026-01-30,control
19700,2026-03-01,treatment
19701,2026-02-27,control
19702,2026-01-04,treatment
19703,2026-02-16,treatment
19704,2026-03-29,control
19705,2026-01-19,control
19706,2026-03-24,treatment
19707,2026-03-18,treatment
19708,2026-01-29,treatment
19709,2026-02-04,control
19710,2026-03-24,treatment
19711,2026-02-22,control
19712,2026-02-13,control
19713,2026-02-13,treatment
19714,2026-03-19,control
19715,2026-01-13,control
19716,2026-03-03,control
19717,2026-01-04,treatment
19718,2026-01-09,treatment
19719,2026-01-14,treatment
19720,2026-03-06,control
19721,2026-03-18,control
19722,2026-02-27,treatment
19723,2026-02-06,control
19724,2026-03-14,control
19725,2026-01-26,control
19726,2026-03-10,treatment
19727,2026-03-01,treatment
19728,2026-03-07,control
19729,2026-01-25,control
19730,2026-02-28,treatment
19731,2026-01-17,treatment
19732,2026-03-19,control
19733,2026-01-08,control
19734,2026-03-12,treatment
19735,2026-02-23,treatment
19736,2026-03-08,treatment
19737,2026-01-07,treatment
19738,2026-01-12,treatment
19739,2026-01-30,control
19740,2026-03-29,control
19741,2026-02-11,control
19742,2026-03-20,treatment
19743,2026-01-28,control
19744,2026-02-18,control
19745,2026-02-08,control
19746,2026-03-23,treatment
19747,2026-02-06,treatment
19748,2026-02-18,control
19749,2026-01-27,control
19750,2026-02-19,treatment
19751,2026-02-22,control
19752,2026-03-17,treatment
19753,2026-02-18,control
19754,2026-02-04,treatment
19755,2026-02-24,control
19756,2026-03-06,treatment
19757,2026-01-27,control
19758,2026-03-14,control
19759,2026-02-02,treatment
19760,2026-03-22,treatment
19761,2026-02-03,treatment
19762,2026-02-26,treatment
19763,2026-01-28,treatment
19764,2026-01-26,treatment
19765,2026-01-11,control
19766,2026-03-12,treatment
19767,2026-02-12,control
19768,2026-01-09,control
19769,2026-01-23,treatment
19770,2026-02-28,control
19771,2026-03-07,control
19772,2026-03-05,control
19773,2026-03-26,treatment
19774,2026-03-20,treatment
19775,2026-02-03,control
19776,2026-02-05,control
19777,2026-01-22,control
19778,2026-03-09,control
19779,2026-03-07,control
19780,2026-02-20,control
19781,2026-03-06,treatment
19782,2026-02-26,treatment
19783,2026-03-14,control
19784,2026-03-03,control
19785,2026-02-21,control
19786,2026-01-15,control
19787,2026-02-15,control
19788,2026-03-08,treatment
19789,2026-03-29,treatment
19790,2026-01-09,control
19791,2026-01-23,control
19792,2026-03-29,treatment
19793,2026-03-30,treatment
19794,2026-01-13,control
19795,2026-01-26,treatment
19796,2026-03-30,control
19797,2026-01-07,treatment
19798,2026-01-23,control
19799,2026-03-25,treatment
19800,2026-02-06,control
19801,2026-03-16,treatment
19802,2026-02-21,treatment
19803,2026-01-26,treatment
19804,2026-02-13,treatment
19805,2026-02-24,control
19806,2026-03-05,treatment
19807,2026-02-14,control
19808,2026-03-02,treatment
19809,2026-01-13,control
19810,2026-02-03,control
19811,2026-03-10,control
19812,2026-03-11,treatment
19813,2026-03-15,treatment
19814,2026-02-13,control
19815,2026-02-21,treatment
19816,2026-02-25,control
19817,2026-01-09,control
19818,2026-03-05,control
19819,2026-01-20,treatment
19820,2026-02-25,treatment
19821,2026-03-19,treatment
19822,2026-01-08,control
19823,2026-02-01,control
19824,2026-03-10,treatment
19825,2026-01-10,control
19826,2026-02-12,treatment
19827,2026-03-08,treatment
19828,2026-01-12,control
19829,2026-03-29,control
19830,2026-01-18,treatment
19831,2026-03-05,treatment
19832,2026-01-21,treatment
19833,2026-02-06,treatment
19834,2026-03-21,control
19835,2026-03-31,treatment
19836,2026-02-24,treatment
19837,2026-01-19,treatment
19838,2026-01-05,control
19839,2026-03-04,treatment
19840,2026-03-14,control
19841,2026-02-04,control
19842,2026-03-04,treatment
19843,2026-01-20,treatment
19844,2026-02-16,treatment
19845,2026-01-10,treatment
19846,2026-03-16,control
19847,2026-03-18,treatment
19848,2026-03-11,treatment
19849,2026-01-01,treatment
19850,2026-02-15,treatment
19851,2026-02-13,treatment
19852,2026-03-08,treatment
19853,2026-03-10,control
19854,2026-01-03,treatment
19855,2026-03-23,control
19856,2026-02-15,control
19857,2026-01-08,treatment
19858,2026-02-03,treatment
19859,2026-03-06,treatment
19860,2026-01-21,control
19861,2026-02-16,control
19862,2026-02-11,treatment
19863,2026-02-02,treatment
19864,2026-02-05,treatment
19865,2026-02-20,treatment
19866,2026-01-17,control
19867,2026-03-01,treatment
19868,2026-03-31,control
19869,2026-03-09,treatment
19870,2026-01-05,treatment
19871,2026-02-07,control
19872,2026-03-17,treatment
19873,2026-03-04,treatment
19874,2026-03-09,control
19875,2026-02-28,control
19876,2026-01-07,treatment
19877,2026-03-07,treatment
19878,2026-01-31,treatment
19879,2026-01-03,control
19880,2026-02-25,treatment
19881,2026-02-26,control
19882,2026-01-14,control
19883,2026-03-09,control
19884,2026-03-08,control
19885,2026-02-04,control
19886,2026-02-01,control
19887,2026-03-21,control
19888,2026-01-13,treatment
19889,2026-03-01,control
19890,2026-03-04,control
19891,2026-01-22,treatment
19892,2026-01-23,treatment
19893,2026-02-17,treatment
19894,2026-02-01,control
19895,2026-01-09,treatment
19896,2026-02-09,treatment
19897,2026-03-08,treatment
19898,2026-02-08,treatment
19899,2026-03-09,control
19900,2026-03-13,control
19901,2026-02-22,control
19902,2026-02-28,control
19903,2026-01-06,treatment
19904,2026-03-18,control
19905,2026-01-15,treatment
19906,2026-03-11,treatment
19907,2026-03-11,treatment
19908,2026-03-26,control
19909,2026-01-31,treatment
19910,2026-02-01,control
19911,2026-01-23,control
19912,2026-02-22,control
19913,2026-01-20,control
19914,2026-03-17,treatment
19915,2026-03-01,control
19916,2026-03-15,treatment
19917,2026-02-13,control
19918,2026-03-14,treatment
19919,2026-01-10,control
19920,2026-02-08,treatment
19921,2026-02-25,control
19922,2026-02-13,treatment
19923,2026-03-08,treatment
19924,2026-01-08,treatment
19925,2026-03-14,control
19926,2026-01-16,treatment
19927,2026-01-12,treatment
19928,2026-02-09,treatment
19929,2026-03-13,treatment
19930,2026-01-28,treatment
19931,2026-03-17,treatment
19932,2026-01-22,treatment
19933,2026-03-13,control
19934,2026-01-14,control
19935,2026-03-04,treatment
19936,2026-03-09,treatment
19937,2026-01-10,control
19938,2026-03-14,control
19939,2026-02-26,control
19940,2026-02-14,control
19941,2026-03-23,treatment
19942,2026-03-16,treatment
19943,2026-02-02,control
19944,2026-03-24,control
19945,2026-03-21,control
19946,2026-01-14,treatment
19947,2026-02-27,treatment
19948,2026-03-16,control
19949,2026-01-12,control
19950,2026-01-03,treatment
19951,2026-03-10,treatment
19952,2026-01-11,treatment
19953,2026-01-29,control
19954,2026-02-07,treatment
19955,2026-03-19,treatment
19956,2026-03-02,treatment
19957,2026-01-26,control
19958,2026-02-14,control
19959,2026-02-12,control
19960,2026-01-19,treatment
19961,2026-02-10,treatment
19962,2026-02-26,control
19963,2026-01-12,treatment
19964,2026-03-20,treatment
19965,2026-03-03,control
19966,2026-03-13,treatment
19967,2026-02-17,treatment
19968,2026-01-27,control
19969,2026-03-07,treatment
19970,2026-03-23,control
19971,2026-01-15,treatment
19972,2026-02-04,treatment
19973,2026-03-25,treatment
19974,2026-03-22,treatment
19975,2026-03-19,control
19976,2026-01-10,control
19977,2026-01-12,treatment
19978,2026-03-26,control
19979,2026-03-19,treatment
19980,2026-02-01,control
19981,2026-01-28,control
19982,2026-02-09,treatment
19983,2026-01-01,treatment
19984,2026-03-17,treatment
19985,2026-03-20,treatment
19986,2026-03-04,control
19987,2026-01-17,treatment
19988,2026-02-19,treatment
19989,2026-02-07,treatment
19990,2026-03-03,control
19991,2026-01-06,treatment
19992,2026-02-16,control
19993,2026-03-14,treatment
19994,2026-01-03,control
19995,2026-03-27,treatment
19996,2026-02-12,treatment
19997,2026-01-04,treatment
19998,2026-02-24,treatment
19999,2026-03-03,treatment
20000,2026-01-12,control
